-1.47348548786449,-1.00591398212174,1.99591859675606
-0.0992586787398358,-0.507165037206491,-0.290104994456985
-0.674415207533763,1.41894909677495,-0.392657438987142
0.634093564547107,0.134065164928921,0.541774508623095
1.29321982986182,0.29864258176132,0.981026718908818
-1.20864031274097,-1.57541477899575,2.14226826821187
-0.747582520955759,-1.11273947093321,0.614259969810645
0.629260294753607,0.367035148375779,0.742939152591961
-1.27652692983198,1.81674051159666,-2.90764791321527
-0.871450106365531,2.5208012003232,-1.94290907058012
-0.356579330585395,1.01227462627796,0.272189306719476
0.822063375479486,0.165976176377298,0.481004283284028
-0.334709204672301,-1.40974327898294,-0.245353149162764
2.69171682068671,0.0117210317817887,-0.0046047760205199
-0.318909828758849,0.821234081234943,0.359824874802531
0.400700584291665,-1.01377986818573,-1.88722434288848
-1.59321040126916,0.128123583066683,-0.141615483262696
0.0942204942429378,0.112778041636902,0.136218360404787
0.852817759799762,0.882698443188986,2.20921149756541
0.633442434384728,-1.21615404372871,-2.73007802370526
-1.74045234438472,0.28628826606056,-0.818256516336019
-0.0650995970652692,1.50793452001566,1.32500398887379
1.22075603846323,1.6357199137999,5.52814465286116
0.931459812629811,-0.700261180353157,-2.01450195610347
-0.255071637144517,-0.81662854128639,-0.454015705234319
-2.11479807430405,-1.69645097222127,5.44879375080983
0.307477187243982,-0.874864227856646,-1.5251784436342
1.52968422104068,0.435248324380046,1.72461068174876
-0.904577370584143,0.188228348071098,-0.234563065376221
0.102914861735174,0.424991895579346,0.409369212964809
-1.05056077996892,-0.603524471417928,0.472062791618044
-0.453855220300816,1.73335019397305,0.198234008474057
0.217194985814633,0.379100718341517,0.515292291760245
0.702648594989656,1.05548380765721,2.47974203349609
1.16337468797105,0.0514033627883788,0.0943329536679478
-1.04943641920987,-0.438604917875505,0.639876050545294
-1.15813046383762,-0.808721214388478,1.05389478834677
-0.743975142932323,2.30570230763554,-1.07886743492577
-1.87871980133283,-0.526265396605389,1.30411239313001
-0.591877046574999,-1.76126317776222,0.307021067182416
0.641081852209878,0.163807407132434,0.360612745123909
0.178227413934314,1.2985704239424,1.73450076989962
0.504309461459322,0.0485486904718026,0.142498963064467
1.2827363043749,0.595771649301269,1.96216342344197
1.02874252243579,0.67232418502493,1.94643175625042
0.202003689046874,-0.949201924955757,-1.33785232172163
-0.096888191206705,-1.2549681736749,-0.910545800009803
-0.566069074319801,0.311191700710657,-0.120948337633355
0.894604170266629,1.9268627620548,5.3784104732374
-0.261727138229816,-0.501335905061099,-0.325287070463603
0.023262279633709,-0.830408959342724,-0.913641671450975
-0.210024843901137,-0.245453047023698,-0.231456324483441
1.17652476457662,0.979287262577421,3.28507352333187
-0.0924582829690334,-2.51520054563955,-2.10475503704105
-1.2471822478241,-0.955124064886838,1.53215918988975
0.0825670452990259,-1.15191531187299,-1.49125334165253
-1.17222779644132,1.06952262231575,-1.59138649741695
-0.289372372681483,0.685641473577382,0.147613963951251
1.10980007263403,-0.588452592491042,-1.91160674459723
0.223035329251438,-0.823088626727113,-1.37856520418473
-0.434612689447693,1.47556654921285,0.177388752239313
1.30484933048143,1.33198329429692,4.88659322279149
0.0244192056288119,0.163982615763643,-0.0885123721042005
-0.715547473388598,-0.99389758680735,0.529899664426635
-0.544578567448447,-0.0399714308529661,0.0144169686162758
-1.03506122045831,0.476018445508992,-0.715878501307205
-1.15005137395462,0.31489652204395,-0.399680072788297
0.84842471627765,-0.0235242813245966,-0.067809437773008
-0.018895199229455,0.9320077187077,0.975261918094493
-0.0567579630900029,0.607398699509747,0.600289161690506
-0.431006423493089,0.196296986924259,0.0674626753164335
-0.449499940368033,-1.53271100825957,-0.161432988014031
0.133784586152362,-0.28880037069373,-0.567098987053109
-0.568082047940909,1.25616597963444,-0.200294222631831
0.434221838012086,-0.698331308739207,-1.39595169131789
-2.64686784604599,-0.176892352146371,0.848247233733345
-0.750821262730374,-0.635433035182989,0.350145672355616
0.924925389593463,0.475881306891354,1.31044904378172
1.05666896153893,-0.185816506855313,-0.684462853706792
-0.753342227593144,-0.75659757138624,0.488576620629305
-0.690127525015013,0.0165328100639048,-0.0100175938359622
0.228144550805046,0.327867814053465,0.417241969248029
0.0517218976493451,-0.454843125172789,-0.460149917969246
0.309584404374305,1.95823681906197,3.37624579510297
-0.145082335187794,-0.394910762701063,-0.314134782481061
-0.0130232129973391,-0.767475765851912,-0.806575432953004
0.106471586606642,-0.630021116064985,-0.794692026737765
-0.674181985996733,-0.480239250752845,0.0415460052521607
-0.378160785506917,-1.37876788365135,-0.258365134437356
-1.41058637399366,0.231161289691826,-0.411629175161504
1.18929881147271,-0.535706654382896,-1.79279375391281
-0.415416892868759,-0.218218574642506,-0.0614735741583721
-0.518386516984032,-1.21154272760982,0.115516979703006
1.28617255109168,0.194028701519054,0.639990036141393
0.82832032934312,0.686085108161192,1.76402389108411
-0.610957301449223,-0.129486266142411,-0.0094496742902045
-0.932166863776414,-1.98911704855471,1.56947962989835
1.90918102703417,-0.300397510707564,-1.54629427109809
0.049608777834119,-0.142764853244828,-0.168357633248383
1.57993024394137,-0.680441724941228,-2.86370121252331
-0.997605972379836,-1.16537313450471,1.15419020510414
1.53972950780994,-1.0957037152794,-4.55465365410956
0.35907818857344,-0.764758455136266,-1.27709904307176
-0.769648142688031,0.253264151425085,-0.170121467509493
-0.0393596403866503,-1.22756083849089,-0.983152913978039
0.114047224178294,-0.872181458590812,-1.07372818775017
1.26594027318913,-0.88587098090892,-3.23131782383603
-0.376015410093563,-0.668621488973599,-0.118303608716452
-1.26483978242442,-1.30838034000788,2.02975307712985
-0.306760323627763,1.01795554180691,0.289781276059447
1.77837819974513,0.471966335104419,2.16682371882716
-0.717810211264263,3.40325501320631,-1.54617581646771
-0.164401796910955,-0.980487541909315,-0.548023173548616
0.898540979241867,1.0349189089495,2.87233021079862
0.312954580244031,-0.945211543405586,-1.45668589876847
-2.38002371320924,-2.07059881999952,7.87396173668952
-1.69452085186983,0.35981027556387,-0.882159850622424
-2.05312318249087,0.620446244063147,-1.76801451219794
1.49232542338151,0.592538327875798,2.27729691083737
1.6213534077215,0.417540564751651,1.69449524828992
0.51857295612455,2.07172991958344,4.26551021627281
-1.14211358743853,-2.83349884380948,3.59799684483962
-1.555339961545,0.0799308349133125,0.0876406063830989
0.214065662550985,-1.79904862202448,-2.76807580583395
0.248618323703897,-1.48236841450787,-2.19311695969014
-0.136642285730052,-0.129095257532658,-0.0950380382285227
0.22117195572675,0.371725733201768,0.513354844640673
0.6409823220658,-1.18163567455928,-2.64831613014686
0.186855196347491,-2.25091135230046,-3.29448428863541
1.78988699529725,0.934434452060906,4.15714265549687
-0.945461212811871,0.481172506805228,-0.442578982720606
1.10171941272465,0.860535093358379,2.71391306514982
0.0482281432338813,-0.0758559924405077,-0.306016518526921
-0.710770971650393,-0.555937798403482,0.125284822866379
1.04642803003739,0.98338855784734,3.01276505205488
-0.941847813331146,0.156020242610981,-0.136748735494958
-1.4827719592248,-0.586505383992798,1.25936603927719
-2.05463289045948,0.930125794462793,-3.09326736432064
-0.0328414444317037,0.594828151362725,0.654674907064483
0.83688453101746,-0.639147160881005,-1.88534718132141
0.896627005079927,0.56763712242966,1.54138224254207
0.460375279870188,0.871896065420234,1.63481090359832
-1.36408326175737,-0.317838912001177,0.595995871242277
-1.46121689198639,-0.293475897830704,0.678679367911135
-0.124707503387712,0.603731393914601,0.32393551854527
-0.845450928349703,1.49109549773748,-1.00911774050416
-1.78098308351068,0.117259695692922,-0.204462962276063
1.69599087302582,0.86123346215265,3.77871812394402
-0.919737311026434,-0.608321566169189,0.467015061988206
-1.39788660323813,1.01514162059901,-1.91981628228231
-1.78895183588653,0.0472643451267181,-0.284190753954812
-1.59625899953554,1.94972339060777,-4.3723756721748
-0.0142180829722231,-0.0560302423714683,0.0264183554352985
-0.579728516521847,-0.654512959126701,0.271179267175547
-2.03532355608914,1.8119218772497,-5.45067234942222
0.131954742605232,1.0411430834365,1.46198243620767
1.10323892080727,0.10883380922603,0.390825172881161
2.08907723923391,1.46751953155587,7.57513541310708
1.12994695945978,1.2406273452022,4.16289271399239
-0.736955760462762,-0.303842071397565,0.169479632706598
0.290450223655533,0.37427644714339,0.468527844549494
1.84786616322965,-0.815536217470151,-3.88937800945339
1.63050205186198,-0.420534341846832,-1.83667083891028
-1.30534112395668,1.35524837973393,-2.1846119501503
0.0745016090564797,1.10331714952193,1.30837788741651
0.153866980054688,-1.23327953654756,-1.80763439973828
0.434250353210572,-0.370510387376973,-0.754622993544376
-1.36676857928063,0.0493739269231863,-0.163859500075505
0.218526908562451,-0.103761965420166,-0.268387200359889
-0.792038335919164,-0.908964966894437,0.565672132582699
0.53529438064427,0.770844380860806,1.60113034804871
-1.33197947795248,0.306942226735558,-0.501027164362275
-0.958366695078438,1.4774362112802,-1.55573107125689
-0.504378093669472,-0.208497407103428,0.187802671784136
-0.292389555758503,-0.566678022869543,-0.316082167356915
2.87338936461384,-0.80478428353153,-5.45798870759499
0.241870260316567,-0.720405460288104,-0.882039160500891
0.143153226205422,0.95200193297502,1.44229576739609
0.443788215445827,-0.285463205164625,-0.541856669562812
0.604680022395931,0.537906255518234,1.18277823439093
0.135841085700256,0.515071176759291,0.6348141717776
0.797408808053344,-0.719511304449843,-1.99377207611516
1.38092756895117,0.0814057128425783,0.146279877834756
-1.52044644124884,0.621607144764285,-1.18427641498368
-0.745519350334957,-1.27480407074963,0.647124629926761
1.72974140870212,0.0547146143836992,0.311655416161378
-1.12487089108833,-0.325383487375021,0.3292292832597
-2.4780786754232,1.19537557483576,-4.8267058035885
0.106268892286719,-0.796503959134905,-1.03505652262444
-0.322176723948168,0.532225681652378,0.197457014901136
0.9278656298266,-0.288842609082149,-0.957515132079682
-1.75834843464807,0.881266332324568,-2.28697271264854
1.55077181656893,-0.240640767180434,-0.972145576478199
0.916844807296464,1.08886500190244,3.03015277418832
-0.118727658590778,1.32458141809912,0.922332911729623
0.0935619118223839,0.657004708697708,0.810312402802289
1.26152069338133,-0.610298913386011,-2.0265172898494
-0.306868951334121,-0.471037340241781,-0.0903857852139922
0.499144601144272,0.707743805936439,1.46519079954764
-0.723871532386711,-1.36611349076961,0.631851498720002
-0.0538574515663188,0.199097306249166,0.17406680169799
-0.636403166015929,0.696149168635006,-0.226533693842462
0.52470673512775,0.506776055259296,0.923926825795136
1.21173666333087,-1.13561802308293,-3.98259362623307
-1.08282545521777,0.594264283588397,-0.665679280880414
0.0608477113819278,1.0237988420855,1.23336739762324
-0.768387400850885,2.14153110951587,-1.07802145112045
0.171792245783956,1.30393222545101,1.89794699477357
-1.44723615407845,0.0688661408913235,-0.154425602835371
-0.228966883265463,1.44495447681436,0.698656081880643
1.39882574663647,0.0015601380870898,0.102682468938192
0.177854354828948,0.611711086610041,0.796410396582303
-1.17711824481638,-1.485401600315,2.13667094778958
-0.979036143934009,-0.175061695456294,0.2760282595936
-0.5546118776941,-1.52158854172152,0.3817659835771
-0.0932461589123921,0.795767730365338,0.678313385118037
-0.365747564958034,1.02468987564116,0.268681491283708
-0.174103380607055,-0.965432378007778,-0.635360916405658
-0.26309762194868,0.731112762697474,0.40403296826092
-0.506675198301786,0.0881364636301898,-0.0104515874604972
0.649308548595907,1.08311211760628,2.49656888313006
-0.769172398022949,0.511725918707371,-0.107973935378197
0.0373434754119175,1.93996077319035,2.10670682798684
-1.31525405463088,0.334098650864673,-0.459374917768073
-0.0528220783737722,0.430010972797814,0.399958917031542
1.32444609355161,-0.354489606375658,-1.20650582912574
-0.10268407248633,-0.109302542749096,-0.136802250079628
-0.347855323664652,-1.60458980653632,-0.516870211064734
-0.703272236028242,0.322398068022347,-0.0494725796073256
-1.34849956556118,0.78134642207417,-1.35537868527205
0.720118438853108,-1.24047868186618,-3.16697538529741
-1.29364773382903,0.681217008307222,-0.904243827810447
-0.26674183753212,-0.503825803518466,-0.2320522487852
-1.23840661451556,-1.26414589805653,1.81908409838403
-0.852988702873996,0.792021845137685,-0.771005159458103
-0.642252116445083,0.897661684424154,-0.245176112992449
0.357495313361037,0.0885485001497179,0.103838937882609
-0.0892799660602676,-0.0505914549535058,-0.0526615279978108
-0.823620139163464,0.111809667571894,-0.144806939714279
-0.402472478601159,0.537989903441553,0.0870549490485412
0.583133606297222,-1.54344004825227,-3.54379724184079
-1.30127395248133,0.383762761813707,-0.544618523393822
-0.0749971158098967,2.05283873879589,1.81205763108892
2.17862257256116,0.187121066497265,0.920564062111978
-0.237404574700633,-2.84921352577317,-1.57404282703183
1.02084897746297,-1.51115392842379,-4.74641474307255
1.17386220662986,2.28523901313006,7.56732230449982
-0.633643094933125,-0.42409988608312,0.10834951643257
1.41833382236905,0.746306700681778,2.9754600330866
0.0952321232091858,1.40080228869761,1.87247549901478
1.8381477121229,-0.574740689649607,-2.70042822618737
-0.875228105726379,0.0060780806416205,0.0142409525249695
0.0581548431194389,0.96978923570669,1.16514761159918
-0.391241139858137,-0.676336778397985,-0.195682521124072
-0.733684415208047,-0.457285221305649,0.178160468307004
-0.0113426281117992,0.177894434267988,0.262483613831474
-0.0714676459736994,0.965998146547637,0.734353404716808
-1.29229838239089,-0.150886995706239,0.297342443225546
2.30191350175507,-0.931447240656234,-5.14647147336232
-0.202359534406359,-0.925790755841916,-0.599710063681344
0.565741901116524,-1.70035547937987,-3.70712473431378
0.307189000451405,0.103798037480511,0.157967998545229
-0.573551570323511,-1.12081152484715,0.107007970865014
-0.389707091290695,0.762710990708007,0.166956637983709
1.82630241456586,-1.19040123783532,-5.72807777741417
0.799982024273617,2.34600317422013,6.12889512015462
-0.65663460516978,-0.348359723380741,0.106563024592362
0.686288618190011,-2.40477333445232,-5.58478404849759
0.743522199069513,-0.0552646456305909,-0.068146644418848
1.65981307713002,0.121942252199808,0.445128487351328
-0.642301470025597,1.1801699560983,-0.463291624267877
1.08825677530985,-1.14497743539287,-3.56929563065952
0.415227253751959,0.0721454818353288,0.134718073931534
0.198814010406205,-0.183183588578696,-0.251356234088059
0.144479402598308,0.0516700632848798,0.0768155856692134
-0.139716947140775,-0.0001180919506872,-0.0162837197848608
-0.0611028886095772,-0.217199249253726,-0.112053098632121
0.68749930780654,-0.890406313120797,-2.05365958180902
0.479074427246584,1.13978992034243,2.30260690557152
0.279577373253525,-0.257284187896834,-0.399330861019712
-0.991303423258364,-1.53375602997301,1.63985502631343
0.527831613676957,1.88710251185817,3.84968700127853
0.524094692724715,-0.153127461056942,-0.278224891555712
-0.241565338362592,1.06978857330302,0.685723489903435
-0.235589766754039,0.0197333621539995,-0.00347756170004
1.3038891477743,-0.756888072337649,-2.69403076036125
-0.533896616859031,-0.588074883444296,0.0091418028471736
2.26140741520093,1.18280315112137,6.3859448006123
0.0106737251761865,-0.617720016364264,-0.777516949980354
1.50153540659945,-1.08667743822946,-4.64760103167431
0.707686063922385,-1.78159763844176,-4.27540062040944
-0.160922786880437,0.440534740177249,0.245297236454958
1.20474164462532,-1.16499300570832,-3.98182458946935
-0.283969088786723,0.168343237993757,-0.0552324601058066
-1.02678736637594,-1.30305050010497,1.36601247271986
-0.998438763968217,-0.815953501026109,0.812745505746119
-1.4579325719622,-0.391518652201662,0.787213515733495
-2.62422864935188,1.450820326735,-6.15113087708897
0.930135345326188,0.125706011368847,0.331618920869525
-0.178276130623953,-0.379927434446295,-0.297158232292885
0.278676263503466,-0.385023672497073,-0.723180922748026
-0.249379801725706,0.35290967640794,0.150007278464378
-0.350236982957347,0.53454012274068,0.296213620406566
-0.448770573155009,0.0746540684988362,0.034636540404694
0.299248014669671,0.0202166394900018,0.0042099208621792
-0.434192975136275,-0.468349190858198,-0.0547268189912189
0.749369413548121,-0.346523318677285,-0.874347626717741
-0.974496690190194,0.82045242825277,-0.848142546523197
-0.0423395407045307,1.00219644898078,0.947926910652837
0.643492096138797,0.606750026022039,1.420057775663
0.23164253191208,-1.47908910911962,-2.1163473651314
0.184375856642012,-0.397396599922325,-0.332446169442154
-1.52968630624631,0.650011254217151,-1.22904183690131
-0.423614101589456,-0.0470453854338498,0.165646432706648
-0.206740735429173,0.0004709606536635,0.0575885674847136
1.78818632260836,0.0625137877015687,0.380104383281377
0.640759133181193,-0.357356123499353,-0.72706522215909
0.832646027110908,1.08432554797648,2.89682347255607
1.42109733327788,0.028984492357686,-0.0087637420493966
0.59990413818793,0.877893569202016,2.17630210438458
0.631760456243676,0.409254500074347,1.00847751822912
-0.380267749946475,-1.11305224435123,-0.174527585970404
0.881977946672538,0.385930420426822,1.12153852102516
-0.0498195884497583,1.49224434339777,1.36315048449969
-0.890144004963642,-0.241714548743211,0.272290540985456
-1.03233274515069,1.2891946952634,-1.317019838937
-1.69158777174089,-0.221948489038936,0.605385539817369
-0.968329421239291,1.49257366471136,-1.46466256388588
1.61050825290883,0.561026478582663,2.41454142062915
0.121718838578754,1.36600628295669,1.6419106219826
0.165264060276336,0.607529837501986,0.713444177962128
-0.796319382189603,1.6305261565466,-0.964025405149597
-0.177291191252478,-0.583896827884004,-0.303368996994677
0.270298641423207,0.614371280615674,0.833053021007796
-0.531186496735076,-0.836764983905812,0.182594767881742
-0.466757105343128,-0.849365737337258,-0.0414335497009716
0.397767347723505,-0.250952317548105,-0.544450734170983
-1.69709703259999,0.425989326076511,-1.20456545567702
1.11531751112313,-0.352811181877555,-1.08728741005914
-1.30728282693974,0.243335921347312,-0.292085357426864
1.85567323970307,-0.287616890050382,-1.3008442054065
0.929603382049462,0.780015775189612,2.12976812959619
0.188901948243035,-1.10960396323009,-1.41259807033319
0.559808661549179,1.40984657520223,3.05043398070226
0.0792774469081211,-1.22371872444439,-1.44594343182892
-0.686101489172461,0.803671783853443,-0.341019929849124
-0.98935191684549,0.319137264846923,-0.397695450317368
0.321695446053524,2.15102474570363,3.55732692984697
1.97484381385323,-1.08876273984571,-5.38576306006666
0.13932991902312,0.0127784449346515,0.0921088065938738
-1.24387161351521,-0.933371297581483,1.20175698790645
1.32107441341142,0.897224289380504,3.35278930714824
-0.34138854998623,-0.165530059916587,-0.134501794218552
-1.29899508070946,1.68267441994849,-2.51236648176113
-1.78619914876088,-2.20922505769811,5.87454406850895
-0.233376546755757,-0.672502893216391,-0.530238015977694
-1.0638037729158,0.390621724705545,-0.491922542860973
-0.701735903852794,-1.11905176065196,0.427285162825822
1.34080431171743,1.52122060757255,5.66818935094123
0.756451425103161,0.538484246088226,1.19401117953854
-0.565590903240302,0.277185613553308,0.0020186305728514
0.692570141411286,-0.51465717236181,-1.3587435087752
-0.0095778594217106,-0.080103205510517,-0.12646542680326
1.15283787267137,0.291050044756038,1.12417760793237
1.21166125293713,0.959638231749097,3.17339404875368
0.407318317940388,0.0060791486526633,-0.060922469263771
-1.27384953174067,-0.491181735072616,0.568278566422151
1.19447466510069,-0.725675999755224,-2.52139738078068
-0.333654086601941,0.232814030864479,0.267798584881207
1.98264098641253,1.19634569804362,5.91414036202973
0.753833720947209,0.467889896972847,1.06016778962301
1.05202709232977,-0.0987353788530032,-0.360336466100387
-1.21370875554226,1.6665375352801,-2.40542989310009
-0.144170480045512,-1.11624282926655,-0.752766506476992
0.332039713033404,-3.17197306158269,-5.06752874831552
-0.420542730935794,0.0806513101668674,0.0193030348505748
1.16724861906216,0.619643124489925,1.99607630883583
-0.3711570331109,-0.327616579897815,-0.291450817593627
-1.11773782753525,0.19759932300755,-0.320955210272388
-1.58756975624823,-0.679320843280631,1.38915128562399
0.715504270551353,0.560627234065828,1.39393377795163
-1.60500922846245,-0.440289715907774,0.861093362936368
0.911289690185751,-0.102769029714863,-0.212800091461865
1.12468337865551,-0.950546784471946,-2.96358884940661
-1.73071073476984,-0.478848342550839,1.16062769119688
-0.927593628085086,0.352144717967519,-0.396229798559156
-0.354658108113994,0.596442808135426,0.182534507033631
-1.46665798180327,-0.575084760888834,1.14519687968992
1.08503755371338,1.08327982767055,3.38546239881266
0.6178771375181,0.131529921437275,0.246018802221284
2.54963377543507,1.26554137061029,7.60615556305256
-1.7435647114117,2.2547185477362,-5.67576712984361
0.578814289118725,1.1185674056928,2.27378233937174
1.10449862943477,-0.991469453649253,-3.33046754991164
-1.14480628053927,-0.927802998014601,1.31229937683956
-1.99767994977932,0.0116609439653752,0.0169434177973
-0.930972493441106,-0.718736097358109,0.68119289137899
0.284016445144727,-0.831109384135371,-1.49153715454948
-0.774778340173384,0.203617673018092,-0.297345544941895
-1.40217360977809,-0.427157512461398,0.917564473491634
-0.0945458000709562,0.502709242463623,0.340899774027511
0.529678932764591,-0.0211247320523779,-0.131367499703401
2.02801540401698,-0.7214984717608,-3.63354318494372
-0.913865270720781,-0.0373789304254063,0.0318484345675517
0.128743658472208,-0.15655999298873,-0.29907894489728
0.386656778683467,-0.116827610390031,-0.19337570007771
2.17670211763961,0.203552396694666,0.998336755439209
-0.254714688876799,0.225491664369067,0.231393466102881
0.636063006996239,-0.310884764804478,-0.74342669451815
-0.322899292531536,0.257415960662851,0.137460082808284
2.61255799030856,0.98454865416053,6.01003520099883
-0.468949111016831,-0.301001698034561,0.107798384827925
0.879009417563405,2.15463302002268,5.8864393859632
-0.569287441335732,-0.373995091209624,0.0195416197120275
0.0078694302470867,0.92987859071349,0.87388244426426
1.06892503792141,-0.353902392125863,-1.31048985532831
0.531897957010072,-1.33340783239421,-2.61339303591776
0.657546027972992,-0.330800404208374,-0.878876848331598
-0.291051104286549,-0.0083172440306443,-0.0197676983328727
-0.291708998447149,-1.06944636013285,-0.69607580192742
-1.75711945506973,-0.259624357060323,0.751872546877429
1.31176157579318,2.52000172743475,9.07725846174303
0.469838515120085,-0.0834801502029901,-0.169602964559031
-0.941898447741027,-1.25070297151323,1.11811681623039
0.80707196751852,-0.507269491721665,-1.41632430927627
-1.43788237132782,-1.01859311125013,2.01595803272161
-1.30169613274454,1.18033800048381,-1.81567135296229
0.850710356148979,0.258247797438716,0.928118803720416
-0.588267694821763,-0.0579253004916415,-0.0813187314849569
0.26813546330438,0.169683242763384,0.419728773396633
0.0093581549723657,-0.27243354237351,-0.169311495288452
-1.49965313633702,0.129236773290863,-0.138894937904196
0.433413144553518,0.0453954133623123,-0.0860798566812758
2.63527516895186,-0.485018616927406,-3.12855196854431
-1.13775411901214,-0.81035440161266,0.95360529811871
-0.273625123703604,-1.1449736810486,-0.468165475985823
1.27835146908693,-0.128550368260024,-0.45344869427374
-0.589100217380473,-0.371064904287782,-0.0233441986864942
0.750634814712214,2.47389761558351,6.25148282366948
0.140954809362381,-0.380043899712867,-0.594335480585395
0.42330101855929,-0.670336166956306,-1.21239961113013
1.25565501345317,0.638621871371351,2.12063225586641
-0.401823486669678,-0.342043025868109,0.0328754779013415
-1.04284970149499,-0.492494894649328,0.474070546147292
-0.0655013994902404,0.352704602123154,0.427338913987435
0.372083283795257,1.55593565390373,2.69602700929615
-1.33297487791823,1.4139625261652,-2.41773706753264
-0.242564969126297,-0.605339039089832,-0.384295553148654
0.35335323530204,0.236017213525203,0.380048552013706
1.25252224303541,-0.280254973783291,-1.02905078432231
0.410465933062945,0.372717403416559,0.536835960059702
0.455348880620927,-0.136057281362439,-0.0496121086955301
-0.0195353386604939,1.05716596181937,0.895251470745723
0.0800086761421899,0.4261121158827,0.61156222058503
0.260679888889022,-0.0210634435357516,0.053708016013249
0.510605374951076,0.572527486510021,1.0193615892694
-1.64388729165894,1.59387151188918,-3.63680104122467
-1.003208548631,-1.12614783975234,1.20949004484121
-0.639213514088327,1.25078235366128,-0.32839349243269
-2.23280291248307,-0.150125240086393,0.338904663291992
0.412004606307538,0.699394238911248,1.25573432483737
-0.698895894800532,-0.623440508620566,0.236248851012344
0.694374399351789,-0.868390300059924,-2.19175675309615
-0.0096014547962605,0.316546959911657,0.277449741567104
1.32854214247961,-1.76529675472884,-6.33040657071763
0.548847788503977,0.338772139315182,0.76083259716912
1.21747659838739,-0.650731160161995,-2.17389843539532
2.76658926277664,0.516355727599987,3.40381646635865
-0.902822322704944,-1.61832734953047,1.40373673692155
1.25659236118073,-0.127881432353798,-0.339343829117253
0.896057996440539,-1.93956217178527,-5.45532094833591
-0.0472729355840219,-0.675728646014298,-0.57268778890686
-0.590581496806393,-0.588325828130545,0.358415110435749
-0.869816800234953,0.141546792350061,-0.138323218523599
0.366225528613228,0.57133829435074,0.938624947626616
2.14223123831655,0.15730502371594,0.717043320613879
0.925464356982039,-0.377377732410958,-1.10954455734671
-1.51382030639475,-0.496422709614625,0.898636741939362
0.426736256783867,-0.251784990989322,-0.406875454674473
-0.776985858229129,0.0973105926543011,-0.0014851989356527
-0.12230082855101,-0.529726247673128,-0.401758410801823
1.2541451203942,-1.68094455509219,-5.8193055268875
0.0576557327712297,0.475461444796489,0.542337589940488
-2.44949727596736,0.430047176792263,-1.73705507306072
-1.0133970682714,-0.345050866085649,0.512424075389972
-0.641208136861456,0.538710333684326,-0.0209450837916685
0.77098498552617,0.576640157164752,1.44974255524579
1.61031455454541,-0.33840950627076,-1.40213356606866
0.0309033683129536,1.0582165917834,1.27681183541294
1.56440363870204,0.80799641513816,3.29201139048005
-0.642742998946007,-2.39332419192207,0.493182109912237
0.773956591928728,-0.396573679682257,-1.23851556828637
-1.48279411955249,-0.581187740766178,1.08711334364608
-0.537732362302384,-0.533119448128444,0.202291101979436
0.151508685024498,1.01262871922267,1.10050332756985
-0.875334151527808,0.218540897519311,-0.0483172022973927
0.0752692600245264,-0.70928848195977,-0.562294933042182
0.0349015641310254,0.0006572910129191,0.0003388319815927
0.0284394119486057,2.31520717336367,2.36728637227785
-0.961882491987444,0.983437930861014,-0.99442882048104
1.43020069796179,0.400189116324268,1.41031920132129
0.811547030168967,-0.768142871960185,-2.13141061085455
1.55953961949851,0.307107643834842,1.46488786019094
0.75097236802323,-0.0399267803158222,-0.163128878318673
1.37380954665703,0.432765414590698,1.69451453758537
-1.90714289470082,-0.0457159187940575,0.102161290844089
0.418775667691423,-0.0720759945886594,-0.224351117652552
-0.17631312081544,-1.97650274837399,-1.18722728250598
-0.3403981380595,2.27746392782161,0.59730634248986
0.541683820404461,-0.117851818871641,-0.118005959333644
-0.0299791602456256,0.248670646661053,0.316866060486155
1.26779783089889,1.23449339032212,4.4826889977455
-1.13231051461692,-1.16610109908988,1.64221899828893
-0.356109711715286,-0.940515331553577,-0.315837991221479
0.913558659564491,1.12013512087003,3.24595275913064
0.101149551011884,0.505157974882164,0.58699538882269
2.10578956398232,0.810305008232261,4.19672122994497
-0.403027033993641,0.256488653938765,0.0515728781478982
0.258489122600433,-0.0458493320845796,-0.0246797702591091
-0.716485011150209,-0.480214645287379,0.0907117806817688
1.30749214682422,0.845986717595871,3.13401945608188
-0.391627320047813,-1.55413963170964,-0.386631461705263
1.08524036482904,0.819891210827661,2.60544161123555
0.696207618036043,-1.03951987070947,-2.39667373560041
0.294294359595823,-0.876338911123733,-1.38419242878433
-0.89719184810986,-0.221223632670076,0.193861232124684
-1.498833989768,-1.77155182630489,3.75201017763087
-0.0979729961390381,0.391222992159091,0.328687249941655
0.450030195006492,0.556402474748019,0.972085745026969
0.444999441756924,-0.244294020717709,-0.437449076519066
-1.78360833798692,-1.23544021438179,3.27116736177529
0.0544699813775138,0.731282415495157,0.947253359466292
-1.55928123764251,1.04689686634381,-2.24563487639187
0.155334445327341,-0.47156673741983,-0.673214734946618
1.65954388220475,0.0502687480650635,0.274702617713614
0.208135015257957,-1.04109169193985,-1.45589357617253
0.730983060784122,0.997050768954878,2.38242896103017
-0.97899937586818,1.48264847199692,-1.16755223711966
-0.772895765055124,-1.77328607086847,0.990966835452164
1.26563212334825,-0.763109591112772,-2.57206210708731
0.906845384518428,-0.2043273257834,-0.421509519062099
-0.242487134586082,-1.13239287065281,-0.453680629644224
0.0147224074718818,-0.0986484439055564,0.0919477106931095
0.976438872740758,-0.416188309355215,-1.16370230012724
-1.14352520743691,0.2912110801038,-0.350482351491842
-0.283500798346902,0.248044332663306,0.0010008600468598
-1.48189738358187,-0.757415817152686,1.36668546141813
0.177134486646169,1.54008175327106,2.08312890151913
-0.931814102562096,0.515956115041535,-0.442785679881578
-0.0307876308329274,-1.19556218465751,-1.17056110591942
-2.69486197637253,-0.980887192995611,4.36269293433955
-0.110087475270333,-1.65510176273974,-1.45758713997384
-1.19210878327659,0.490326406430417,-0.676447829001663
-0.0483103934725724,-0.685796128939449,-0.692521834965453
0.129719686534646,-0.830713689102605,-1.11957274673489
1.71815181060851,-0.363729854032216,-1.51157086512685
-0.252901924267655,-0.185451413882155,0.141776424926427
-0.108902716126818,-0.0707132012699922,0.0084286239072658
-0.929693793209608,0.0920784129271214,-0.0388624402728239
0.663143973051464,-2.30225459263964,-5.35409325669887
0.124949962745967,0.696129541724858,0.801133403778324
1.69365039515851,-0.804242272421388,-3.5996577622738
0.180966057086762,-0.506492470394094,-0.60630410114201
0.220393810272422,-0.472300263337767,-0.785896716912406
0.71140066679249,1.04275960182454,2.52080238794911
-0.168970021828506,-0.364907660214501,-0.213880487477524
0.465407446192541,0.198093354213388,0.403043406684043
2.06341700007629,2.00283182302623,10.3417823215249
-0.421892276261455,-0.721185690373815,-0.166383741975026
-0.877814834350462,0.513495916531463,-0.370524421185886
1.15593160128188,-0.254003863032609,-0.91987317716897
-0.525136628573131,-1.05654973992562,0.102525072548663
-0.917790664914581,-0.814033921393325,0.779051865933667
1.03042286181931,-0.503296616381079,-1.63851757151867
-0.266760827105395,0.822280258054999,0.27169150305754
1.92223359465301,-0.484899892632216,-2.27336378380891
-0.848118418617915,-1.28066008153536,0.794775505886623
0.532204944174259,-0.327334195793817,-0.488459158858859
1.08300629056979,0.372140199873891,1.13220490566456
1.15565728399192,-0.537682303403979,-1.83763393275317
0.399332389126939,1.42793932347378,2.56481233672138
0.484057737769831,-1.40164710294704,-2.88412636448946
-1.89971951098044,2.4318281592005,-6.57229350339169
1.05740476335814,-0.524932705482429,-1.62873883180714
-0.300927205362249,2.01340358476454,0.97025427072825
0.274955258423906,1.89776833412147,2.94217299976689
-0.950828940605742,0.488058732036755,-0.421395564762655
2.63688727651264,0.683067406790138,4.29139182526219
-1.67254561280822,2.29239941160395,-5.50568636134798
-0.787350852314092,-0.104443312278574,0.0117753358274116
0.416513762492615,-0.0271860349674134,-0.0909471697410064
1.81947382142769,1.00737536637492,4.65197730009374
-0.590980505995035,0.572683701052408,-0.101943177651415
1.34544755920266,-0.373678765030301,-1.34483968169067
-0.630378696981311,-0.386141598139946,0.206527502300763
0.549591191240325,0.821123667668686,1.5551014601638
0.292977564483439,-1.27180812435018,-2.06756697682191
-0.176652002436047,0.821515741425971,0.650071631579835
-1.17309567326216,0.540148718278757,-0.624515700021005
0.590102263943045,0.598379891455945,1.11652666538154
-0.281681832752785,1.4933872593259,0.604206850704875
0.67911663170457,-2.06965949995105,-4.95289944841728
1.4843565360772,-0.197641043651542,-0.814172575130627
0.518598626477401,1.09690656978158,2.34102621114419
-0.300378837960105,-1.05821901878285,-0.331135929082157
-0.56264729070279,-0.709564850421193,0.0039440917531496
-0.610260977747195,-0.991432996175655,0.240249087596912
1.2160461624006,-0.256143381163526,-0.860047789755527
-0.0644421331271422,0.927030355227309,0.749234216014183
-1.41448252199938,-0.369893914558465,0.755425860892397
0.651840012493556,-1.62578700497226,-3.8067366718865
-0.873053903140092,-0.387933507434688,0.277080647632181
0.824153517963387,-1.28869851305338,-3.36942103561724
0.543054190432226,-0.881148617260741,-1.87153655564495
0.129292892032385,0.823368598135803,0.931173930229343
0.32682064575433,-1.52080762495298,-2.43655478652863
-1.39142884871965,-1.27906949009406,2.40833672772956
0.0596459169056419,0.861787670760713,0.938613003236326
-1.0804793117391,-0.974838159342042,1.09140612536624
0.964862514571811,-0.391251391300388,-1.1767098665105
0.0069083972810662,-0.276678194367642,-0.024516498584416
-0.326721003975814,0.581714228856439,0.196048050349324
0.539405891373256,-0.752337223419072,-1.45726142181038
1.26882176660296,-2.55322747861104,-8.85341150825967
-0.669941479769961,2.37509240836687,-0.879007757760377
-0.924959287322301,0.753121992721173,-0.592950767650494
-0.36157052720628,0.0649385059521048,-0.0131367524234052
-2.24747576915084,-2.43061276514213,8.66996576986297
0.318105948932763,2.00507654875121,3.32602405695834
0.224826571663663,-0.106996685085154,0.0101729496495054
-0.210857700104136,1.07894684371884,0.781663855429801
1.19976479607377,0.822969972361393,2.92822107292346
0.0080304538474917,0.0856856663573937,0.104094250374823
0.10118878997731,2.00144225530699,2.52358781896618
0.186180627993078,0.280415600408225,0.568333435417454
-1.53329611503225,-0.587277752019719,1.20523389571743
-0.114189742735815,1.51168693960483,1.23875613706825
-0.697921765663759,-0.244528828286391,-0.0199284714803574
-0.141587330221514,1.03415938636739,0.561489508526301
-0.520709997552829,-1.61735953441082,-0.12073482394976
0.296776200086369,0.68317966753626,1.16340773395191
-0.066491068751518,-0.420821663119104,-0.43815481173696
0.591588318323638,1.60111953911766,3.53559255675456
1.45562185476411,1.74244548431306,6.84574575784772
1.08873306478391,0.938681694213714,2.94273663866961
-0.129910888266753,-0.0310851905623141,0.201506337986004
-0.547994694016844,-0.420474184847091,-0.0216400477231196
-0.0985438657148588,1.64163043166541,1.23836987999715
-0.0922644932968203,1.1746493748029,0.971739731077279
1.20902825401791,-0.939809279246825,-3.12708330468761
0.0475995596161915,-1.3595072313631,-1.50028266596241
1.51710130886618,1.81903743240349,7.35504391403
2.07172830213358,-1.98532413831895,-10.0544276466235
-0.436060930734578,0.726513698809512,0.174681821840571
1.03607546254186,1.69966256952993,5.14474541678018
-1.09620458161193,-0.883793794788154,0.854959735499541
2.07505055174577,2.98017301217527,15.4027446577007
0.98273640589235,0.577974396267491,1.78090641217916
-0.637346164996481,-1.59910005545711,0.314975798644443
-1.4283477495643,0.643079777054197,-1.21492532003955
0.202631787269259,1.16751993795692,1.61912428105924
-0.859439968977493,2.10038897122531,-1.45259758669754
0.508230898267168,0.186444540745906,0.416664599438973
-0.0768794222387668,-2.02091957448731,-1.6780459953184
0.43273328882283,-0.869534876150137,-1.65712697863945
-0.766443198813309,0.296071908875253,-0.144498207743802
-0.331232454725132,-1.77884550344052,-0.593092023923072
1.88373971713842,0.0287133662209988,-0.0108414930450612
-0.200304908968902,1.31298915795312,0.918802722326415
0.0726796945781867,-1.20508473191239,-1.4994261303103
0.0831216392940187,0.249035028268124,0.256922298680549
-0.233742443138125,2.31800561191081,1.2328425128799
1.39169190299162,0.0640725432796662,0.248436027996573
-0.175891865200391,-1.35794403584113,-0.967787851331506
0.621559541082602,-0.671787768548926,-1.51459966112788
-0.900594620181062,0.57228366762346,-0.73707788475104
-0.454430409189476,-0.823647965573544,-0.202818966344864
0.329853530485427,0.533460915260284,0.719275068975262
-0.744144016316885,0.080731690340579,-0.05816393584091
-0.829276150885318,-1.6767707626261,0.995152799445559
-1.62391180072654,1.87413794860573,-4.31295926960667
-0.466420694227567,0.0653420433324018,0.245431872147569
-0.686301034729776,1.60923867894316,-0.530583911613438
1.16043872646913,1.53105699754124,5.00537130565153
0.0701357310472745,-0.0447282716084814,0.118902323491609
-0.12880092151776,-1.626698992307,-1.34211957200295
-0.586751112296964,-0.434193566028643,0.145551624301571
-0.414468368921891,-0.377092282873996,0.0564252267249175
-0.6272627018902,0.299242332991275,-0.261874645150284
1.09459415419381,-0.970431111418545,-3.05876520679345
-1.13731265210856,-0.129553997152783,0.350054719488583
0.074716431746549,1.38558269422649,1.45099129881098
-0.385492315079301,-0.821330600926441,-0.286000652211644
-1.36225932028857,0.162909895350416,-0.397718326971151
-0.495580061203994,-0.587922188034227,-0.0219306900300523
-0.74037424210458,0.945228831492087,-0.532798914522496
2.8555072213281,-1.17560502352516,-7.71733481927593
-0.694621535875738,-1.0967449998143,0.385862135799901
-1.07809595439829,1.02971005127278,-1.28269196810969
1.63201575407621,1.65464082599111,7.12537602640212
0.154211472344256,0.249732896169446,0.518486007691954
0.687685469185603,-0.180159952749503,-0.362786490647816
-0.240622545154832,0.506764855853565,0.323688131693323
1.34041492484373,-0.629989547236862,-2.36692905090158
0.0232749962064112,1.01354254179727,1.02903804394268
-1.26865005484111,0.176042405034878,-0.304900930376863
0.544167304816079,1.2707043749467,2.71749016372501
0.601627426292539,0.87746425866254,1.82554411929581
1.22438631269612,-0.794217540762648,-2.7448777770885
1.15813796884024,-0.950087697146979,-3.11954253069796
2.2235721304683,0.0311064575003449,0.0944564907866877
-0.530614683814786,0.206057198595329,0.0267385901188059
-1.69608727231425,0.354270338477033,-0.827038336284549
0.32385256755426,0.962520422519085,1.5733092183994
-0.501913776553429,0.962164011585641,-0.0703614381484511
-0.666207788730962,0.233072438285165,-0.0240273688229121
-0.712785040619321,0.70276714942831,-0.243125979686871
2.10072390626794,-1.00448743242318,-5.15288323872975
1.0693084452207,-0.493046252691782,-1.55365913296522
-1.70961965462885,-0.363870983298743,0.945637007339185
-1.2239426096799,-0.461174898658657,0.669288295300567
-1.22634727706613,1.21049840024161,-1.7500209470967
1.24938711474188,-3.02058946305242,-10.4810516167592
1.0399954130053,-1.42387148749757,-4.56968356452603
0.900262919051447,0.423468676683251,1.21608314780527
-1.29443710077333,-1.34512135086992,2.12329334708418
0.596370619446648,0.271704282158046,0.660012782671532
0.692322889581786,-1.36886910888484,-3.39131603948037
-0.667679688383621,0.556291779070038,-0.243566196422798
1.003319930611,-0.429706065383624,-1.39541271428421
-0.170307663635771,2.30225293258526,1.44461891005866
-0.751317855601848,0.476096744395098,-0.15683928466054
-0.44720670071672,1.4622862026568,0.188270593235699
-0.73793088875496,0.212214891707704,-0.20671079369864
-1.36720072699719,-0.771295057253073,1.46257551848195
-0.0261921413656057,0.65048927147642,0.584460517333161
-0.535918721559163,0.350766724646161,-0.0740428794285098
2.43041804336279,-1.06009654479859,-6.26888655895647
0.0977682667133174,0.498039174103797,0.539353465006897
-1.40580057290882,1.46177200280961,-2.60485302634316
-1.50343546604075,-0.685531370304031,1.29456632946531
1.74801072343072,0.0979033427234036,0.466925294668167
1.40918881195781,0.863332176106101,3.30601929788336
-0.0107207266854991,-1.45480981007352,-1.09746229968519
1.20857386925981,-0.370152749687617,-1.35537116231555
0.280885281176486,-1.21697690104867,-1.75667840836651
-0.032950300628435,-1.19204203296979,-1.04447653025275
-0.0346671387630564,0.877312211226032,0.762609541189127
1.20507075368108,0.2159501044306,0.729997160649369
0.352810114208493,0.730698231515758,1.280500140849
-1.20872367027131,-0.0204700586949039,0.146311588601506
0.503776679239894,-1.01019536939124,-2.0924137389172
-2.92810521702081,2.06284989721612,-9.88697573422087
0.296006609566721,0.304376460322556,0.421413813068298
1.62461427728066,-0.565651702811462,-2.45410076750131
-1.42635398811971,-1.6137536513788,2.95729678799273
-0.919651710811062,0.906215705117048,-0.873903493943753
-2.37943390410785,-3.61668416623661,13.506339308957
0.018047686322078,-0.830343587292238,-0.751521855387428
-0.30572794362028,0.587626429886453,0.126988868201962
-1.17106141838112,0.20679532971293,-0.0548937658761789
-0.412688198077314,1.89870673145921,0.559885714154106
0.128901540506384,-0.199415289920383,-0.219175176959269
0.0012864166001527,0.154294294140197,0.115039547244631
-0.757175403754983,0.473363454458328,-0.276597912046265
-1.40466076045044,1.4796731560636,-2.60386931925456
-0.290302737875923,0.937897953806845,0.555180374306155
-2.01253374230167,1.49834004036605,-4.47534264635021
-0.321288221448456,-1.79290472038698,-0.561558053882016
-1.13333950621511,0.594205783221975,-0.619467468340995
0.3833981778546,-0.323270554718944,-0.600116748270406
-0.459918005322979,0.892639143358723,0.30816890229094
0.400999443423543,-0.43158413098287,-0.743970448072855
1.41825910806553,-1.92735584574896,-7.37334347712758
2.1186455895649,1.1088456858711,5.7519630453778
0.0243222222493523,-1.04493575774241,-1.03309747622098
-1.75036496605779,1.72536670140073,-4.25033547513339
1.0156487556399,-0.15447131607774,-0.312949594848303
0.481637862543079,-0.0427517467919552,-0.0019185222582664
-0.202276929989607,0.743911665767076,0.675634105441222
2.25212475028083,0.778118701784021,4.00634471944454
0.257094088624845,1.13607576047899,1.73073420760197
-2.33706645253295,1.5473844633063,-5.67622634588806
0.219147064977485,0.299216042263893,0.318183074335992
-0.363423009931672,-0.896573393571585,-0.156625155027549
0.0195656849182079,-1.11410015580467,-1.1472367640908
-0.823244399919605,-0.439187938703205,0.134588000707776
-0.956442768653721,1.94597914814351,-1.90625946485975
0.333688010523351,-0.467577112109266,-0.680622583520358
-1.29116678327239,-1.13482144984775,1.78647438482245
2.11087908497594,0.369180531774744,1.93293510264079
-1.40859175537728,0.695652207626175,-1.27370427725253
0.880034657467205,0.0078321890817502,-0.0089838630674745
-0.0060709207067264,0.661355659875248,0.588393765592263
0.0040121521449865,0.924046991820363,0.962390107262665
-0.235815692539278,0.152088977900322,-0.0152067551733328
-0.585879386209643,1.66786633480129,-0.320250752530211
-1.48915350406699,2.66897106814758,-5.19856980611308
0.113201027768018,-0.347305036246438,-0.36589140349579
0.722143697742168,-1.53411422210005,-3.95051560555358
-1.36778523260753,-0.654391251774147,1.23013813297337
-0.233987005523149,-0.433763975718918,-0.193255295228429
0.0752384012538291,-0.573825667363606,-0.627059751361284
-0.731735961231767,0.82821200085918,-0.313144509841318
-0.943407562831523,-1.49511945118609,1.2553983025898
1.59955119510941,0.346122803513204,1.52507372639249
0.0372997885417545,1.21941556297893,1.13679265077989
0.499904686471272,0.812366780118246,1.58487453723004
0.647549855366003,0.270583553694815,0.642441203910017
0.491609675114836,-0.055604054563738,-0.0046916614111936
-0.553935583736073,0.591578473381967,-0.0016824044229939
0.825639278126583,0.376591059399287,1.03993127143833
0.932344237420607,1.11116316994775,3.27286541492995
-0.791122916529688,-0.0420632800700612,0.0915235005683853
-0.670393619821409,0.132707940643697,0.0217610381808559
-0.211847267324699,-0.0596261444999371,0.0505654636097775
-0.218804550876364,0.662377213853625,0.251844257583932
0.602790266007029,-0.136376606979357,-0.462076855116059
0.391271799419171,0.192151521960405,0.462369786679005
-0.978429158987903,0.786738847097669,-0.784064452941381
-0.171190594356228,-0.715636634966733,-0.572219092366758
0.802248209796741,0.503676822543559,1.32211755104269
-0.607533682128803,2.01035232710156,-0.421528507993375
-1.10457092642405,-2.14496530209998,2.64596697774135
0.112163550443873,-1.39798491386208,-1.76529646178857
0.0898226787962687,-0.902166979229867,-0.922437162577557
2.07808455754536,0.0441218622382802,0.270188486104703
-0.456777709870286,-0.721389307098131,-0.0960376921422002
1.04924068649182,0.374911637562265,1.0911837469269
0.410705019826044,0.271638197018638,0.482892736998437
-2.14920589068325,-0.184495035100547,0.786916002812877
0.284014939346775,-0.470974142290055,-0.695420961508004
-0.285299132342087,-1.07728003633058,-0.459813120163685
1.42039982481208,1.11195789767833,4.38097237239292
1.21900838869854,0.779506688169521,2.5704328845176
-0.693941062967683,-1.07609319629766,0.359793231136281
-0.786041988921233,-0.135111543780615,0.143029020521157
-0.848728294565198,-0.266683309208222,-0.0219725330113548
-1.45795320658908,-0.713866401981455,1.27783523596363
-0.186820766865153,0.933349356850745,0.640512577260554
-1.32940482601032,-0.285387973137908,0.541499985774435
-1.69242190638485,0.0592378660944582,-0.1293688304827
0.693688112213628,0.364217397144273,0.901946213744984
-2.05583378084202,-0.51137935029516,1.5135099244576
-0.252087244931336,0.776938731267617,0.490683194432828
0.670381090465192,-0.180690492153447,-0.392304733759483
0.56831017213927,-0.629054228742657,-1.39991746487459
0.0271576333255588,-0.673802049182701,-0.68168396361183
-0.518971661499717,-1.03180872105677,0.308407699797606
0.743731929586094,1.66450270727234,4.1112109049129
0.12161663940948,0.192879373353714,0.165876538834908
0.799439891651501,1.97667435953621,5.06709888789832
0.23653529004727,0.540282351240441,0.78573418641015
1.19921623544539,-0.159131983132181,-0.50740175890542
-0.686842380940764,1.71948295609122,-0.618994666047293
0.983625191418916,-0.0962918240305941,-0.314876546151843
-0.891423344951182,-0.815192894163828,0.630556470504438
-0.923959416700628,0.437950844666267,-0.288613643569613
1.30422967400669,0.0151961599336431,0.0532504487102805
-0.911889871420719,-0.526810113895002,0.50033239115696
0.363545091312074,1.54467178393532,2.69288542148376
-0.671747772593244,-0.63708464168681,0.406315548573304
-0.396250743572834,0.711068524578901,0.164835820786595
2.11571047373462,0.018067465098453,0.0700995484533236
-0.423131667617935,1.44942321483103,0.243806547981468
-0.0285846919408978,-1.81449904776888,-1.77176532685884
0.279718057033561,1.06471929455545,1.75283155618253
0.778205845255882,-1.7262469393059,-4.49040870373168
0.707543080783873,-0.726439096693922,-1.61505707535682
-1.09535835583232,-2.066532545299,2.21681836629204
-0.23732356865868,-0.335039319762532,0.0847885431975255
0.132511136318712,-0.250048040266744,-0.296572920977649
1.16586918555677,-0.378301679061716,-1.36230315110924
0.349685305875483,-0.924479522217821,-1.60059929827034
-0.1710655738733,0.0048070720530843,0.107529325707599
-0.694504420871968,-0.764063275604421,0.272260103765565
-1.16458710635715,1.27744415698325,-1.61213713028781
-1.2655132777356,-0.0444786349279598,0.057235356941529
-0.806597150607506,-0.226072587075319,0.320189132648308
1.52244355666143,-0.797774556749355,-3.3962165133106
-0.69291823743703,1.65486825870461,-0.700092766056102
-0.704790402601613,0.147110632100544,-0.151369055380781
-1.05144312949244,1.40995991783933,-1.48401439674785
-0.643318973052911,2.04370446343818,-0.700513423379671
1.4755150154955,0.167361398800952,0.420693467972472
0.184671942732392,0.335592394900157,0.32532263635654
0.427978708592917,0.874921162552208,1.55197873853609
-0.131639868828846,-1.17035642087282,-0.820106620698814
0.279883838479382,1.02386899320794,1.61329081716371
2.15188759057049,1.32037201938937,7.06482520746325
0.0809315327379747,-0.238081261285608,-0.252749767627966
1.07230592967218,1.27865523124275,4.02684621707043
0.861683721421691,-0.347077631023564,-0.809356736394246
-0.571523104958208,0.0508055302900178,-0.0882878279143265
-0.0516422072993171,-0.4062610648002,-0.510742220291976
0.174884924064777,-0.211338855137757,-0.0449079689754198
-0.380363832589666,0.164703513069633,-0.0321662782208172
1.6763249672505,-0.467414072309097,-2.09148599247554
0.289705568902337,0.833959113550446,1.41441648952141
-0.784699732169977,-2.55714861887835,1.39552870211631
1.35728052977792,-2.17822517670918,-8.27915490328802
-0.720951781082734,0.7921761478738,-0.360529486457511
-0.904028024379954,-1.17340625200261,1.03220121986518
-0.0434865963201586,0.667113010705767,0.57057836826966
0.458565159188457,0.0572547221984452,0.276977550041134
-1.48950345645323,0.337812902897787,-0.799085807918698
-0.448934971065645,0.627439951264585,0.0252631473593221
-2.15868993807443,1.22311866931149,-4.09365154171574
0.249075330747733,-0.884251826688345,-1.13075620407658
0.180563436566324,1.72800122707124,2.49762599182918
0.427808599754367,0.23012250888254,0.403674815307341
-0.861193956078988,0.441718483898975,-0.263053098350541
-1.30349979699534,-0.0678014581224209,0.201019994688343
0.614935453534969,0.250820874817155,0.636377894109123
0.223439075019932,-1.32358533412319,-1.81561915047061
1.37568851852191,1.34450420664925,5.011121625035
-0.109485262522004,2.08218984544673,1.64354733145436
-0.358871317300121,0.466669573350447,0.0423093752618425
-1.15076868553937,0.941330543012725,-1.23075798178543
0.14330629718265,0.508363820063294,0.723728650397613
1.50570001568139,-0.499868193693097,-1.82130462134522
0.0814019411164408,1.33936583931359,1.5526581213107
-0.0962905498258489,0.621018864779611,0.531167455415767
1.0131854147491,0.931571553560259,2.77052897843992
0.19076764059917,0.5839574166036,0.762176653897893
-0.0655883419141226,0.62205478443719,0.359208153548898
0.048778731232605,-0.354598926898022,-0.127475368377764
0.981019037966529,-0.264781697935397,-0.826590313742966
-0.448317444584812,-2.00458584683342,-0.239110192291254
-0.144369837051769,-1.58305921864514,-1.12657448077458
1.12966886800792,1.95158308195756,6.30132029026829
-1.18633003139018,0.469253372974052,-0.697240351823716
-0.677577321550222,0.946080181747655,-0.369448863706932
-0.807041046098435,0.552188037503362,-0.430198568768786
-0.561294333720342,-0.253006708607702,0.0983648531794738
0.577210849379087,0.716482937916682,1.55858949565423
-0.884925341349679,-1.82383781475864,1.3946356448811
0.128847212896882,1.02802972812884,1.36515028293895
-0.340501370108983,1.49908017342238,0.497304884837675
-0.73089631832769,-1.32157662094219,0.504904954815018
-1.19532245426488,1.38683804892196,-1.91503378244201
0.957762709468632,0.568428600654202,1.57546985869104
0.521794363527052,1.07147863570474,2.26472681885743
0.397277740827359,0.746299777168534,1.20519419204646
-0.144989926958289,1.11617926361343,0.830726047602298
0.534802579026163,0.808524595766477,1.58867251751682
0.375968248978203,0.350093565998214,0.719377047474233
-0.189651689620986,-0.21912701808239,-0.0248607679583927
1.67272668726525,-1.65427616242971,-7.40477967374896
0.579989835822065,-0.50742861610197,-1.13817101934937
-0.112679537194296,0.0427124440357636,0.14268161225655
-0.858584166118998,0.680315807850719,-0.262564498005407
-1.76512963640793,-1.06805645538336,2.57272519424482
-0.14559722008837,-1.54336080033979,-1.13863418767457
1.61663048611804,-0.608725395082747,-2.6607422653313
0.623249082771209,0.0764689714055183,0.279806469835002
-2.14597283672308,-0.547297427208046,1.76216595223454
0.582925168575068,1.70146432863009,3.66705799534532
-1.49654309872369,0.431866695211992,-0.753235412527292
-1.51225009936304,-2.62697813698272,5.26311373912317
-1.36808057197153,0.983232541678308,-1.55405583172672
2.09760923279923,-0.736528165478414,-3.6078461858125
0.847402399206708,-0.302063938544498,-0.839243865117954
0.947028002209411,0.954476540667994,2.8563911423975
1.65180297411009,-0.408736681057274,-1.76333398772695
1.85123398240972,-1.08753513916165,-5.1538698099721
-1.64890219520569,1.12025980716881,-2.47202320826598
1.04152521154402,-1.36250552597915,-4.332739883912
0.398560252165783,0.546766261323388,0.728653374063027
1.23857212827591,0.851836972561005,2.99303938853312
-0.710438199283276,-0.632793431469341,0.192560413232923
-1.17745543909583,0.901820443520429,-1.1127755963671
-0.641953992629121,-1.78581360989641,0.452536138492994
-0.0047958589242819,0.818582807831488,0.768680303421901
-0.250198791449093,0.440440697693375,0.055090254603896
-0.0605868363285982,-1.49653785648564,-1.32189116784032
1.08581498784663,0.145612954645332,0.48889411066643
-1.24727520609712,0.546879186392625,-0.701423853484326
2.48941469416383,-0.908537271462353,-5.37793893122642
1.09119627541712,-0.250029297608199,-0.653710468730976
-0.804144201098149,0.230400545855595,-0.108219574591416
1.0673593646918,1.16531749279317,3.49240265023866
-1.38805741675847,-0.0691955801777039,0.0527544936097663
-1.84151484791299,-0.854183071656532,2.33204583724009
0.834411353650881,-0.398795457565164,-1.17770149836162
-1.03431705075338,-0.564674820402328,0.710310200073252
0.935144620889382,-0.376446114353363,-1.07943035203499
1.08589490683561,1.52624974714294,4.69760141264385
0.0919969349831938,-1.24524308559629,-1.44611832436859
0.905055702866783,-0.613422110377331,-1.73225506510152
0.151348556638977,-0.337963613419068,-0.393947400627005
0.40827097317167,-0.296617408409228,-0.620761511557964
0.438060767577357,-0.129255679096451,-0.18667790022764
-0.505872232533687,-0.354580730394873,-0.120940384436622
-0.720526690895181,1.38874167080947,-0.543317945832009
-0.118492417349342,1.59195834363648,0.975124478905105
0.802009751729808,-0.0792778921940326,-0.157479717869771
-0.140844055831782,-1.04625281520388,-0.78066306362224
0.949403778374594,0.992075613868405,2.88103505697996
1.36712576305106,-2.15792947850922,-7.96914257620062
0.308982864910086,-0.737553197004112,-1.28323383164474
0.134876868513808,-0.745137686862111,-0.942593367631089
0.309677077159357,-2.03420420232664,-3.29863254764158
-0.692141165535969,-0.100355214305697,-0.0157797192708084
0.33860734132888,0.937542905314892,1.66836473724256
-0.162787426742522,-1.02621209021498,-0.733993464863342
-1.6872325866148,0.24780851047461,-0.654507779052457
0.860702312654497,0.706636171367427,1.95843793129576
1.40246270324283,0.75949722174405,2.83339953320237
1.32216722469467,-0.33660632447551,-1.24363793983652
-1.26335152933755,1.63819892577841,-2.47158228886879
0.593886255086167,0.935783547225572,2.00913055177002
0.654180579724858,-0.633610960057873,-1.34068214238963
1.59928414842738,1.54443128178325,6.51977557499
0.158964651841085,-1.78149769567918,-2.33287798793369
-1.32835322769325,-1.64837996396247,2.89899001391884
0.646262796898809,0.0867108844559284,0.208044737313383
0.842312941937903,-0.363195650487257,-0.756887888929621
-0.688279465434111,0.270373304826974,-0.0850444713429187
0.768943485606778,0.3665986007854,0.850790060712328
1.1889006693921,0.0404854191640215,0.0953028361400829
0.252575639881393,0.271175893545227,0.341214090705694
-1.50734955950098,0.0495731045223156,-0.0894557379100111
1.32767742526266,1.26346848423042,4.50813546112937
-0.432797407921423,-0.0628184325021596,-0.15199250718245
0.432683986389133,2.13246892333073,3.96183290731892
-0.813273429533268,0.572936333894484,-0.596732349569251
1.96684452074745,-0.795059318098769,-4.08008703957633
-1.03902343765957,-0.904658359771076,1.01734449734826
0.754369165502416,-0.669350182183729,-1.66331923585701
-1.06811088400442,0.0593597775259842,-0.0548348963933711
-0.0549042361770549,-0.675282514563952,-0.505698633149482
0.251186545480916,-0.0977886143740226,-0.185357415639634
1.00901022116105,0.676993232717482,2.02120948715231
0.327763624364348,1.71898854558626,2.90659054887925
-0.555638643632649,-0.992401130767957,0.0047987423063928
1.85717311252428,0.289117755823376,1.43421950798268
0.865462217823253,-0.61669961008634,-1.68220250468973
1.19296615570764,-1.08418640208387,-3.65140844219353
1.13877339750995,0.499681987102134,1.82081276699725
-0.929498440887106,0.0392678223722447,-0.150264058862446
1.10826034567542,0.360492671577089,1.06319943279274
-0.660408698676713,-0.790689539507807,0.190340918505312
1.27302601345367,-1.69153251211641,-6.12551068385197
-1.23101346542272,2.53640596374201,-3.73265262727118
0.567852289690197,0.492713020372692,1.09243578689048
-2.07876122570804,0.328956212001751,-1.0557781942677
-0.232784427895143,1.07487390268926,0.62251429214532
-0.0598581568271756,1.42015928305306,1.10362149796113
-0.142848420034819,-0.876897586902209,-0.72028081198399
-1.33291969489921,0.503952065888457,-0.725534830115274
-0.142895792500818,-1.85951921530654,-1.34167189058218
-0.230746817485522,1.94957275392313,0.979541875482162
-0.0302490122120717,0.552789496542642,0.512659138922456
2.24515699737031,-0.673873991704276,-3.77250832839335
-0.328954616080899,-0.246761235441041,-0.0817140394345078
1.1727206109554,-1.26128478571251,-4.19022881688825
-0.450793076729358,1.03467364078211,-0.0065725930951946
-0.988874110482255,-1.53313341591389,1.54733009842145
0.558361745696423,0.449314300156505,0.925279668896955
0.613552202000881,0.799939809626164,1.57774325114315
0.540021641224254,0.275518614495863,0.78222425720288
0.531689652877307,2.04603081086701,4.24983663356141
-0.915817127958892,1.65902718296213,-1.38961411667832
0.744551104991452,0.583014581625014,1.34978675525984
-0.867012520072585,0.488731987050512,-0.334067887893152
-0.0115914326837101,-1.2236789364363,-1.23963418707695
0.238576246456199,0.260748488644356,0.411052866319783
-0.288210367636417,0.103249156862785,-0.0042809634673776
-0.669610014662048,-0.513671163078097,0.181764416584342
2.16613522134274,2.54424490596942,13.6255948876949
-1.7712386234207,0.0609494121527852,0.0823309623533767
-1.00209636873757,-1.14210209810255,1.06231963282238
0.158503663056527,-0.24375097764833,-0.285962403543517
0.0341975489324184,0.961905490501786,1.05389556083894
-1.60607321919221,-0.589006032492403,1.36596210624406
0.614343956005276,0.565182949596269,1.15428104408145
0.189017905310699,-0.67674919735738,-0.964882317046057
2.30576561995111,-0.196834092027238,-1.20252200657425
1.24060935485838,-1.22828462815944,-4.3539858994467
-0.238625924222756,1.44671032154359,0.742228902229152
2.2993516100328,-0.576223311100056,-3.07496216655157
-0.985320948595743,0.517492780802972,-0.51931101481275
0.473751311915499,-0.279301107506529,-0.47213344865479
1.3154471309637,0.324047960215867,1.31346432497302
-0.66048547773532,0.838148631337902,-0.315767906617516
1.00176688816738,-0.367044568160373,-1.28243174449412
-0.295124981523439,0.0349042880426089,-0.0092461982859332
-1.11712112966963,-0.462552775515928,0.418889649236945
-0.762819205823022,0.440273701892294,0.0201273834732686
-0.454750656518897,-1.63483013967376,-0.151667292237236
-1.36423684805311,1.73270163231853,-2.94138353714425
0.343938151320257,1.07722342384791,1.76657171249892
-2.34758843192037,0.321080630718719,-1.16954605614041
-0.0049179825398802,0.238067851252592,0.361462740143191
-1.32579881423562,1.08185837353135,-1.67563685883743
-0.355483088163752,1.26368650573793,0.371986234651448
1.01337232829525,-0.203556426008004,-0.591017755384608
-0.100841091154887,-1.99064545565366,-1.85226389603601
-1.4244212749181,1.35175823669285,-2.35625755597209
0.229342277265924,-0.600650263840964,-0.79948376417245
0.0305949766361468,-0.705893208327768,-0.860128833459889
1.7645176550753,0.182470401712809,0.870414653987211
-0.536402828899808,-2.37952173201401,0.105899763612625
-0.58271497205896,-1.43810466018226,0.377563168195721
1.45362680893346,0.0070722422917514,0.211134479091083
-0.385847735272503,0.402252246587022,0.0607460313387551
0.0852250865641323,0.791690435810975,0.890564175620532
0.19066561270707,-1.11800260955444,-1.48283645859143
-0.408525108216523,1.39848703179422,0.157665935390143
-1.52355112029277,2.76307884087432,-5.61658595245749
-0.904096887804762,1.36799947591559,-1.16141614892806
-1.73279143786877,-1.69130808530459,4.23435817544534
0.164270647882149,1.03975203074729,1.33175184806143
0.0499174640201333,0.0637017234767073,0.192202586484749
-0.0320626755261397,0.792273578921267,0.625481118711359
1.10158802330827,-1.56372476079529,-4.88340760443984
0.925244376114304,0.974375599293833,2.56674501482269
-0.60426473110644,-1.95087007085923,0.493527406226312
-0.63496448189127,-0.33982836123736,0.122077700784575
-1.50772094435927,0.457988437134665,-1.0841247273835
1.25968229247246,-0.933637687712196,-3.22802746329094
-0.298213433168594,0.775138675045545,0.0520723006928909
-0.944231537267497,0.140723042866407,-0.0003903717364367
0.674849020830951,-0.245832774519159,-0.516763435272946
0.30168762917199,1.20981730469063,1.80188368383312
-1.30158791586832,0.622646496247977,-1.06513163337097
-0.762412566195634,-0.678452013510307,0.526154384290252
-0.303679611043241,0.269614162133565,0.0071830948624569
1.23998560347687,-1.10404617601645,-3.62619463425876
1.70816557255382,0.254231755995249,1.06899686096916
0.821900810265123,1.39063591358029,3.54971636944987
-0.27994454075757,1.41102299185075,0.759401874948254
-1.62282877907068,0.262003276389118,-0.531030816481338
-0.147394000857934,-0.317715791861162,-0.127007628295832
-1.47707731519965,0.651841939489535,-1.31248976954819
0.1254830641659,-1.29538165089588,-1.69526525828138
0.700816224389483,-0.95334234036071,-2.34223632702028
0.420393491260913,-0.599405596618616,-1.17129282287208
-1.16752855832946,-0.401034853594325,0.493429582177212
-0.71427002784424,0.750951746543461,-0.15730406110155
0.269746364003431,0.883667348901017,1.22209207405211
-1.64349448436682,1.45157557631852,-3.29632517913687
-0.732592215524655,0.229913029686311,-0.150413660784234
0.119726003628974,-0.920600316283197,-0.986130074185183
0.978181977018773,1.68310281095575,5.0141965030131
-1.51818933679974,-1.19561191464928,2.46147037397716
0.254795671118675,-0.736530901037945,-1.2206529064682
0.0711751974237571,1.57616200442429,1.7520389366872
-0.37860323556905,1.71795453933633,0.403371413334814
0.0849831892489191,-0.191555685227565,-0.248851542527321
-0.307879447248943,0.488909903280302,0.0065289745462817
2.60436224617233,-0.432886069434339,-2.75760228148538
0.463053559322448,-0.20666822998575,-0.453251915058301
1.28280869541957,-0.0880758422185655,-0.279491723330845
-0.855334241507284,-0.0819919202013256,-0.0578871522933185
-1.61502594254374,-3.30058826009924,7.46466110642064
-0.159981633342447,0.246723988235149,0.238256574412766
-0.738287887896877,-0.388463773819143,0.11686250254765
0.900252375771713,-0.946718556211629,-2.71635684431385
0.174700375265914,-0.856927285416263,-1.05408187877981
-1.53461832034776,-1.46840465596006,3.09622087151595
-0.215017843116494,-2.08000578157859,-1.15174403587783
-1.51765084552385,-0.921548711824397,1.7905743667406
0.540092225867518,0.535793722696192,0.971025017323881
-1.18317058790828,0.992997469675429,-1.32238585272271
0.420566964689999,0.0956494613814978,0.242928620254722
-0.456562846500773,0.679178291439694,-0.0171212948334534
-2.60994059254188,-0.0206516537540512,0.118534574997236
-1.9734975229808,1.90588762907284,-5.63169515315048
0.846121390630517,1.69795037581287,4.64153383506071
-0.376416199277261,1.6712390579257,0.338588734126873
1.82419502091683,0.921713359445891,4.10026199621953
0.0564948635803222,-0.507636798450295,-0.543760049618674
0.623233892139209,1.06531793611469,2.34702046542412
0.430965772585767,0.389036471218934,0.663134395678026
1.29364785757177,-0.0756828285250489,-0.397472417406819
1.58054432830809,0.797676661424826,3.40517270038168
0.464890739693359,0.225569785387722,0.476204400662816
1.62976328564037,0.779834019835838,3.38091247259332
0.989589620257738,0.116615902940999,0.239093096518066
-0.889959905108583,1.73286045419708,-1.24817424332857
-0.663264864908104,-0.155845097345232,-0.119515385735916
0.780542737504397,0.424238474033,0.997201171446155
-0.731960016506439,2.56215265073958,-1.18591932214329
1.42590951222087,-1.01613485866634,-3.97625450446251
-1.87900435044341,0.31740247428546,-0.765165330440802
1.36837475117715,-1.04977193549187,-3.69847973994644
-0.763975552110596,-0.362338379984315,0.210493554945417
-0.289436410601427,-1.77639252875119,-0.847043015688759
-0.424126479309596,1.10739397014043,0.0319693140410991
-0.127468888382993,0.108479804962405,0.020593372738818
0.936674802497179,0.656404507743361,1.87227895810471
0.121831372995777,0.594781829832327,0.67022016167388
0.828931807144911,-0.413022739759123,-0.936347361033896
1.10746357388758,0.459259540885098,1.52289351385061
-0.297753320475988,1.20898159508018,0.446222038699411
0.788532248047913,0.596606294085616,1.43619734652049
0.878591545327123,1.95111039918515,5.42668971889741
-0.185843706673297,0.11895707561503,0.225289612724817
0.0213191858050427,-1.1809288557,-1.30451244646706
0.296074422037923,-1.60040180484875,-2.49628337710358
0.496639473953376,0.923391529016409,1.78250131498341
1.30619188554254,-0.125752629517056,-0.357250180361595
0.462477891084641,0.281639476865074,0.579168668134013
-0.623106730017583,1.50956387830104,-0.32657829039139
0.719279895681769,-0.325876219850186,-0.906587474952387
-0.463371990478799,1.10624141869969,0.11145903727277
0.113451596062524,-0.846404371386332,-1.10619324234993
0.460561277066272,-0.373188576750802,-0.58982519302078
0.31417962123406,0.429926004545064,0.762728938714487
1.03737205386735,-0.912829330438789,-2.88852466750286
-1.25233847560926,0.320061806891293,-0.579073087350311
0.394409886977257,1.67389727963584,3.02664030334089
-0.888754274360804,0.392554909134251,-0.33644813391542
-0.100928439195218,0.154215233697929,-0.011988832155375
1.44090921005646,1.83522438562247,7.07602276490179
0.83822483671973,1.55412311258288,4.17455376957783
0.426414053835502,-0.826740588030211,-1.50772974425263
0.358029689086779,1.86124056937138,3.09653052182803
0.841219638205685,1.52378373931164,4.06440677205679
-0.62011448327482,-0.619647629888089,0.207601463328012
1.3488957215598,1.56702731750201,5.77890799871536
1.31034763882885,-0.457431699575425,-1.69927432017012
-0.64943820049216,-0.293277421876065,0.153751026745577
0.0217326659946701,-0.843524649635335,-0.708009137111574
0.530791398814735,-0.471515537908439,-0.88884703669333
-0.412260889324638,0.0300245995339028,-0.166637930433287
-2.22053532329758,-0.852735528985084,2.91832626100362
-0.473937192593898,0.613865574660796,-0.101525004698312
0.707067717197336,1.10680741834751,2.54580429820154
1.32977808746619,-1.47333383402562,-5.47187457905543
-0.754104872049143,1.03407912356089,-0.494990219768334
1.47063814926679,-2.18451310150924,-8.51852695165467
-2.20625289782014,-0.721044484206702,2.50690521584982
-0.320584150335684,-0.535559524171751,-0.21724563989658
-0.372334745324651,0.962825058342033,0.175608777955989
-0.197751334272182,1.65709734161976,1.17640292385922
-0.498586203453038,0.461312781795553,-0.163036037527859
-0.107741327653644,1.01895317135167,0.759419701780801
0.760864816284989,-0.687625295631804,-1.68181443678373
0.464108243194893,0.420975831386377,0.87604018077845
-0.389251007236987,-0.178844329047359,-0.0437694714316267
0.981464525900298,0.746225070462208,2.20616311097746
0.135774190222649,1.09148148612961,1.30877274423947
-0.657321660504007,-1.55044446324884,0.385609808306612
-0.980898769792597,0.975476200477707,-0.885342551866957
1.36041441572348,-1.51251288494703,-5.69667654796442
-1.38090049355963,-1.21254307176533,2.14907144186196
1.48959861840095,-0.943880603212584,-3.74763946470188
-0.789771784560944,0.184096209825667,-0.0926241760809164
-0.663038583071549,-1.00183372156297,0.117364489566093
-0.372275178099823,-0.731146909477197,-0.144902923379297
-1.12578627058763,-0.913994774040229,1.29075683547093
-2.49769332964113,0.572776029401159,-2.56516648409538
0.08211511198998,-1.23209016114374,-1.58581615687857
-0.967881462430288,0.344089230829325,-0.552722233109961
0.859403372254288,-0.282392562870235,-0.783289333174
0.163407957449982,0.515878633321546,0.55738599554898
-0.8339360823213,-0.28433947114678,0.167853870537531
-0.554997311236481,-0.576484685677116,-0.0342635746272975
0.128245772047503,2.81157391338465,3.54293768205774
-1.25616786058612,-0.228814637865202,0.435627323081848
1.32885003105035,-1.49508485330177,-5.38315986025333
2.10935104996086,-0.561954141411821,-2.97199347889595
1.62095136052528,0.275134301994929,1.06660304928381
-0.793939648307627,0.533484764430035,-0.509449301807676
0.242512260759434,-0.50733856228075,-0.639425223531876
0.357226441104895,-1.34905739986981,-2.29713096315553
-0.780860097682555,0.274607286080916,-0.0869806965582454
-0.400702531907827,0.776983882507093,0.136440063965537
-0.88050079030399,-0.736905958754021,0.580966168063661
0.511839534841524,0.0602896867391445,0.101663707577962
-1.47769699881835,1.77838528964068,-3.65723412325395
1.74924638393369,-1.32686705010252,-5.90202511010217
0.959089984303226,-1.26223339304632,-3.80871552755098
1.03358439274817,0.738306965197814,2.13542517855559
0.711594810284751,-2.43834430380517,-5.80244005011065
-0.462313368503187,0.964439825304369,0.182151009458529
0.958568908255699,-1.21599284611556,-3.43403005012652
-1.22183155897367,-1.79259598323213,2.51791627239261
-1.34122273885807,1.60703744015457,-2.61731092687957
-0.18545503901056,2.04727079036228,1.29987788540921
-0.581625347309139,1.07250941638126,-0.234393758287743
1.48751812111126,-2.66595619141187,-10.5749557731429
0.0556855468266912,0.379806522129281,0.497882433511752
0.331822455779076,-0.650665164698043,-0.95340875109447
-0.759424078159675,0.765543734117976,-0.38832175181476
-1.24348502017559,0.112198955717149,-0.198185225722972
-0.659371836626226,-1.91643576311102,0.564318307879794
1.69212636506642,0.182876581838677,0.722366054245185
0.934936564989537,0.937157817544091,2.78098524270471
0.613922167942944,0.520010112815241,1.16051277768256
-0.211273102244838,1.42939305706693,0.858734233951087
0.540590307058921,1.22459409220324,2.53552506829556
1.16818615568573,-0.235823071159064,-0.828168792253389
-1.29693049684515,0.650260594769195,-1.14867298528849
-0.715855676395423,-0.926703239797768,0.370267831397015
0.174713240070949,1.24387317914943,1.71093098257137
0.394352963677104,0.999452728556482,1.9591787922307
-2.16224816676667,0.50008206516321,-1.70853882442489
0.390618500650062,0.175911452726389,0.183611795657586
1.54521679040808,0.1887909537771,0.651598323501915
0.100611378163256,-0.499724515265832,-0.557755115447925
0.135189775658351,1.36254241999664,1.61905955240506
1.22034777370068,-1.2570750167041,-4.26273769014134
0.255172682601051,1.87018765188723,3.05716837969825
-0.700319142506661,-0.57249282095586,0.101166553798911
-1.32806157674616,0.568724282731349,-0.946849142975883
-0.638467138823653,0.389867147817196,-0.0017940924367272
0.602905291111595,-0.299690688935222,-0.64019504352431
-0.155796241274657,-1.26739863515473,-0.763005491028274
-0.17881562908105,-0.394771161511089,-0.211801610893362
-1.60178200585526,0.134143174911692,-0.289753162875136
-0.866875021145914,-0.81794481563514,0.44702406844614
-1.30422627661074,-0.450541697499768,0.775819855140083
-0.0610205316185625,-1.26958889139018,-1.15964404810943
1.30296952524224,-0.182348709288896,-0.657341787187879
0.11116053796866,0.94625281498973,1.2978754848807
-0.529876242744827,-0.166248688755689,0.133815137438441
-0.0821510597036532,2.54249994012544,2.21812502285305
0.384910277032955,-0.603683696543078,-1.10714914792024
1.76158987205466,0.124363233370328,0.513531269530932
-1.48277591886945,-0.135276567990949,0.376986019489718
2.20470703753423,0.47814462172734,2.58704043872616
0.133770308435781,-0.696787983529627,-0.79530293687722
-0.114289722376466,-0.531796946700895,-0.274845264987249
1.25840883854284,-1.12424905154649,-3.96635500268678
-0.358348535560625,1.04239587311589,0.478462445479863
-1.48100162158796,1.74977837361547,-3.37982419377522
1.94694347466566,-0.697448509358108,-3.3879007642636
-0.382547818912488,0.625322308326837,0.152363910472924
-2.06960841856909,-0.986436213542019,3.16125284254415
1.79282431312649,-1.18820078158465,-5.57008912208942
0.37755300577616,1.19632071924681,1.96715558781195
-0.166711569316689,0.263504301468805,0.19672395545089
0.514523056452625,1.1859764937107,2.40933483244074
0.37021199634287,-0.220595076156546,-0.383157542328058
0.706064672524219,-0.677847497971317,-1.65733878314058
-0.132191100107891,0.297940997850288,0.283236529597585
-1.29625502255811,1.03834761837322,-1.5604052527422
0.942914865808404,0.390377291604733,1.19245100322196
-0.235276089046779,1.20781037704793,0.736570281987637
0.0712984825820675,-0.522432701170852,-0.497507663993127
1.13739995843943,-1.30051962085069,-4.16957697288953
0.275115797440265,-0.84953578021458,-1.33019270820352
-1.1401214513484,2.33279676003323,-2.79652338190021
0.857282201925434,0.543066512373632,1.42500958428082
-1.32899881553214,-1.99575835700942,3.3704537237685
-0.0334202967413627,0.441031457318183,0.436193529717295
-0.0277377600519139,1.9283349354757,1.92164610926178
-0.734765634964041,0.485105880477023,-0.128056198059855
-0.218387300928363,-2.11287645445126,-1.15551975291072
0.410542389277314,-1.65481053424149,-3.08578663855639
-1.13665445783363,-0.109036220108769,0.193114913123702
-1.13674808461665,0.836048617852617,-0.96613854196387
0.70930627523304,1.48767662160047,3.48749605333039
-0.137396771563942,0.999874557775597,0.827005400163671
-0.160453369749603,0.20914688076681,0.124060540383945
-1.38463707816861,-0.969787135903965,1.71002571196677
1.16775622360363,0.586931575578401,2.00844564500508
1.37227234325881,-0.628511955499887,-2.3116780972614
-0.69993014378208,-2.29532173833038,0.804636838130903
2.42093920281191,1.03157807722266,6.21923908719406
-0.0724766472748311,-0.276381488392652,-0.149819247422377
0.173360234330436,0.427313771232366,0.681188402451023
0.214231488235095,0.616633632619604,0.975031421416949
-0.32380961309282,0.0843662644953835,0.0254413814253617
-1.25766490677069,0.0790208275876848,-0.0554934133976342
-1.39243348886759,-1.28466855277884,2.5483770893151
0.90088091872531,0.192379223748464,0.580473371794113
1.53720681869404,0.676076067848675,2.80517998398204
0.595357048597731,1.57274106792188,3.53488693956631
-0.411261374445176,-1.36188851997622,-0.454840801181562
0.40798933256094,-0.900588033532072,-1.60162891371209
1.1557709353562,-1.38636872286988,-4.61773589719305
1.94330834750323,-0.785747753275417,-3.69313649246739
0.345109541196692,-0.796778008918889,-1.42693726846703
-0.780577839034129,-0.256962034735833,0.0053596074451539
-2.05542929237793,0.742364829257421,-2.34915966859209
0.0305326786785065,1.55314545510262,1.56798153058092
0.0608304822718937,2.84585019262455,3.11775190048499
1.01103286457387,0.699065081055236,2.23413693626683
-0.0018033815030509,0.142715367604482,0.25328496056161
1.54243234046976,0.0473696200308353,0.0055302448612875
0.212730683986464,0.556181685278759,0.812281761823909
0.258221623727229,1.17431807461717,1.92567694979101
-0.230822508432203,0.984387202899289,0.673500276811551
-0.664781531855547,0.53465793649791,-0.0853273883065464
-0.18809768826294,0.149692464876143,0.181346575400513
0.560708101603961,-1.11308149678311,-2.31420899081851
1.39888536238404,0.719513302223374,2.8080126566577
-0.282497732533458,0.42058962037738,0.197037180970352
-0.442995116905704,0.475673432046753,0.233127496668119
0.744971732110359,1.14728359338074,2.79093362697109
0.29569028639685,0.899793247985811,1.55819684204579
0.289956998510504,0.0236853770035117,0.11151566601866
-1.69611270440161,0.794125644834205,-1.81130139511822
0.790602850905584,0.165472396699558,0.451312894328083
0.117185634912504,-1.10777680789793,-1.31822123480596
1.07872187156798,1.81025229185749,5.66358867727458
1.58449417194217,-0.144589283092259,-0.54059310015907
-0.220654361297927,0.0843351699862484,0.179056238224097
-0.962614288237752,-0.135553567938414,-0.0503329677447676
0.0197670428340099,0.0208691256884981,-0.161250705412666
1.44712132483154,0.136973340810561,0.45572226695582
-0.91167682424199,0.938854561295446,-0.718858091452796
-0.493994366059743,-1.19713503998678,0.072704038354401
-0.359793021136768,0.809925487303339,0.104729528027319
-0.116911023588978,-0.31433213527119,-0.164369612070956
1.94217788522792,-0.0418287433040853,-0.176952630839908
0.0641901448080235,0.758228533435783,1.03232288921945
-0.122791479947397,-0.420865554810446,-0.29338998815714
0.343839683255694,-1.87437357288974,-3.15813129873968
-0.127267605987429,1.53718778068289,1.21805388208371
1.42294800545631,-1.21672412140533,-4.68991306845355
-0.321222619174532,0.67278974302878,0.286474568292424
1.40565696004566,-0.178143427593471,-0.884412399028
-1.5011821868974,-0.670557396153327,1.43358113028034
-1.11381044379,1.64825512914209,-1.84248137791095
1.18649155179989,-1.59533078451887,-5.40536568776203
-0.304664860499474,-0.976977699881642,-0.482289393720807
0.948358431492209,-1.87847261780185,-5.47847100446277
1.31262082284027,0.375527022697722,1.43507369771425
-1.80448018344634,-1.45325387787262,3.73140066626308
-0.441607580072655,1.28116310664328,0.11473856630084
1.03682720539011,0.351434542374713,1.00299033925505
-0.859079292720227,-0.498214301797308,0.224270298338235
0.789428532182568,-0.501421221514789,-1.11778482204522
-0.630896994065483,-0.563792735967899,0.161740068371657
-1.5641864924053,-0.0168084073006891,0.134559826095088
0.484656515549106,-0.187847217997794,-0.258074118666507
0.580751071672294,0.690880657325135,1.51186771769242
0.251105438305762,0.777388053754455,1.13720272323276
-0.898056130702092,-0.666887300664816,0.598115902896235
-0.871054681659068,0.905028144560358,-0.715252975626487
0.535283822208833,1.00274079902231,2.04014672692364
-0.326993173818269,1.58133226968325,0.432921009046567
0.214950932986678,0.342247285993098,0.44624960422113
0.96819363714099,-0.0326299106382245,-0.0740647714462414
0.743677880180574,-1.03643358494963,-2.53057310937872
0.0613561765684918,0.852076208725634,1.06903231703836
1.84558098251699,0.34212692643976,1.51978459976732
-1.96340267812359,-1.17947025702037,3.68074342077401
1.46767778147168,0.3146600910979,1.20778561208657
2.04821522086497,-1.14604503828915,-5.89966351957075
-1.20397098095178,-0.544360420323164,0.60373786438385
-0.743373253223418,-0.471576976326163,0.221636232458607
0.643934899006627,0.716070485544182,1.53753536241306
0.88669784684958,1.41065462324918,3.9212442467181
0.97401014480234,0.732693409175931,2.19888389909212
0.447584603079392,-0.409796261183244,-0.593607367091256
1.79750340321986,0.160924504903163,0.742148626920546
-1.07507578516258,-0.175973400272294,0.249263502692146
-0.672906446801485,-0.0561212088715476,-0.0474752756398639
-1.59046434159886,-0.444116693177925,0.929657193169803
0.784213716746456,-0.799571942324718,-1.89116547628397
-0.779608548761406,0.712897521296345,-0.303254010973844
0.97209680088604,2.66233550324923,7.78868783259025
-0.630747204347443,1.12471227170734,-0.390432782547082
0.20337817821666,0.0134920004663334,0.0442283172552513
-0.349757865006744,-0.47324413717305,-0.178624576700659
1.17685598847061,0.179497305244687,0.517135844963812
0.705590772983729,-0.0214535891559084,-0.0166844516839976
-0.428185932889542,1.02586654251925,0.163866395711868
-0.216461483709604,2.03833654791019,1.09118511152403
-0.35123556587091,-0.0084799559014605,-0.0305935738195536
-0.470787692867464,0.413114178693552,-0.0267813347350251
-1.02364272960413,0.138740149933078,-0.192404641704744
-0.81341001837319,1.17527271880055,-0.912251190233844
-0.818973395854641,-1.27202546248975,0.782287174660788
0.488563564009069,-0.295019747972964,-0.540771246045074
-0.0637303758634206,-1.57081921734764,-1.3847552636091
1.46069725064461,-0.182010436510013,-0.762153767986863
-0.71158033487824,-1.36606394911715,0.576251146245228
-0.436719280605948,0.703723603426661,0.0650083233879867
-0.922380265842121,-0.487952256220233,0.402931971559539
0.503131422462356,0.722039543149493,1.34242480872263
-0.295209831363811,-0.210874791641739,-0.185460119828315
-0.450852184662706,-0.84315202564808,-0.213590764737903
0.647952061944023,0.736427968060012,1.84630021596836
-1.13575622764089,1.04185030452138,-1.26721895973706
0.166192780411081,-0.0647863935234831,-0.0232612248733257
0.481342386040421,-0.263293874448308,-0.600856863589837
-0.580177047431278,-0.72170957834678,0.230849697698114
-1.24497230791763,0.801897605744251,-1.21679089454937
-1.95383543503955,-0.743026593176643,2.09772901406591
0.891652883658294,0.164541713671004,0.376325011672483
-1.2154620247484,0.758566837248055,-1.10228207151447
0.0472753997221642,-0.194801578691398,-0.211773364735829
0.071097340551339,-0.473574797520807,-0.62607732745861
0.938555823866267,-1.53192787389849,-4.38499179362441
0.247844637792153,-0.823528741336203,-1.12979035215201
-1.17676594640186,0.881028419966375,-1.28527296241437
1.3584073638995,1.30861499007903,4.82876592571222
-0.832004397687992,1.82817133384737,-1.24913407827956
-0.700327235461139,0.680308323306161,-0.270856437143489
1.57680657524368,-0.220358078465491,-0.66969580004723
0.120974524567163,-0.0321195260701937,0.0024430274908697
-0.336609567966922,1.44519368356833,0.372423345837775
1.62686970964979,0.471947237140887,2.10965283772791
-0.803035836192299,0.273424567440541,-0.223717033592854
-0.60312742102857,-1.07384588962077,0.172983591185462
0.189829232243551,-0.0213822331462781,0.130883603377279
-1.0683426647928,-0.0146923079616401,-0.0267729432589331
0.510518886461757,0.109420094213609,0.227936738189551
-0.407365138693616,0.170214320096047,0.054380220811041
-0.164100100300096,-1.40703307127705,-1.05555220877899
0.141165929873779,0.0202471912025482,-0.0723957196322622
2.06322552008279,-0.82192148769778,-4.27450908358508
1.96303137758298,0.039530288342948,0.299082752167147
-0.870321879188809,-0.745190291606395,0.567308937295419
-1.13496504837786,-0.495338533908234,0.568106129910972
0.117224887448052,0.868310870649534,1.1414015624091
-1.24970683776971,2.25765138460268,-3.37197937212633
0.955270641457523,-0.981691953438547,-2.93159737824216
-0.464638139431618,-1.02035960253464,-0.0048138103142682
0.0129991747844706,0.802211602472277,0.745842414742662
1.8033102650858,-0.673786219978865,-3.16642075542193
-0.169802616348103,-1.43380037240103,-0.938761827263563
-1.59187640415738,-3.14373348952801,6.89018775169438
-0.672580135631702,0.466071803268829,-0.310040638707036
-0.0301608593610415,0.448123182690189,0.478576335902251
1.52612453158805,0.603024257391765,2.60409844527766
-0.654028298824625,-1.42674081183699,0.439174473588238
-0.128244921879335,-1.35061712558477,-1.13918961031354
0.632125418769732,-0.0151570529310256,-0.0225975666743961
-0.0178395157633217,0.455895367364115,0.336191144124619
-0.0748707532998551,0.553703067813806,0.282252108982973
1.15433548620874,1.33599835560323,4.40980232223574
-0.0982412562222404,-0.771566929699772,-0.639787738144382
0.425316335323556,-0.492329791611803,-1.10533958178095
-0.486967411840029,0.384491113318598,-0.0274583305912901
1.05107124651489,-0.0786819887641549,-0.279599793339786
1.04073676936992,-2.77636570637753,-8.67127194704665
-0.257439963335791,0.126006605190022,-0.119730697315242
-2.24827692807282,-0.281758855271468,1.03115669820668
-0.338799155753875,-1.31452762946703,-0.348604399763516
-0.368656757671761,-1.20148064837235,-0.280611149030439
-1.48971572477812,-0.77122640313874,1.65282503772438
-1.57561099826979,1.60663557979959,-3.43371080796047
0.202158881444176,0.430128233114371,0.659805337769275
1.12674826301282,0.0135038554790835,0.154497713266719
-0.847428200242676,0.016710135006414,0.100249014676103
0.619318340744171,-0.053517691626919,-0.108443546082939
-0.199385859119496,-0.279768090100029,-0.223355951090167
0.785651083815114,-0.143672739604543,-0.442115277702558
2.11206632455534,-0.869762467324322,-4.68721348493409
-0.772199648537652,0.784960314925251,-0.649703958716751
-0.332381122860132,-0.53032299298762,-0.18369291782532
-0.474507249490575,-0.755603989725156,-0.0192117351354708
-0.408345615152217,0.368716689368074,0.148483423265025
0.618703080700904,-0.0221002528479695,-0.204776873736421
-1.73822084456204,0.378627126525017,-0.77545225543922
0.894297286731565,-0.0489251879992619,-0.185085891465223
-0.526670174654198,1.48650271207557,-0.0990557513721367
-0.659051483091617,2.01246895757517,-0.613130868560429
0.380984692936616,-1.06873345143594,-1.87675908949421
1.54988307873232,0.393909241017653,1.62067350727186
0.573153927804892,0.198458539467259,0.40958901867092
-1.21487466197535,0.116968079061187,-0.0144520850088927
1.84345035750073,-0.651507428548994,-3.13308376678953
-1.21699525313571,0.606389751582416,-0.880086466051944
0.770677875222549,1.50509977709758,3.75259044349965
-0.51880456196774,-0.263357675829085,-0.12622559089941
-0.830859599887726,1.22064520535597,-0.840748293400181
0.97891504916452,0.636123083235463,1.8584200706956
-1.35771421938158,-2.85274090339312,4.94457466372443
1.77597421214512,0.477247320078781,2.27907708037371
-0.68987268911647,0.128111201712063,-0.044119482604436
-0.468429781971171,0.377006291793198,-0.111799552640786
0.21620177976875,-0.0619825772458057,0.0223491045103038
-0.189455000791382,-0.231426304897091,-0.0514917464348442
-0.209329569368846,2.6519341867078,1.54641309007186
-0.674942103589898,1.00974452148894,-0.44510811569583
-0.466306693245936,0.997408549647172,-0.0174883924513131
0.374019112353931,0.857623235168921,1.42723708250613
1.04721557567523,-0.543611028771603,-1.6897196990843
-0.825823343638899,0.66401547657628,-0.557678279411199
0.365652249486003,-1.10560396136768,-1.91287050495921
1.1217066308943,0.676767088422385,2.30625437313291
-0.495337664372983,0.151658957296244,-0.14528491144936
0.14045968936232,-0.677518424714808,-0.752971465481247
-1.06833463062322,-1.14947289935838,1.25380509248624
0.125442639821372,1.5828025563785,1.88521200276897
0.454843383008133,1.40623132051176,2.72785502606188
1.94430572684488,-1.42569062792491,-6.79209757652275
1.02325534122192,0.321124062357917,0.904162304118736
0.589928062371934,0.23031541587515,0.398866998953488
2.15314155598816,-0.253084007877425,-1.25284705541008
-0.373216507496378,1.48612784622635,0.328813533535453
0.126938905634561,-0.655072790301726,-0.944401889380934
-1.11468681567373,-0.563465929477715,0.613763154791457
-0.737601934044961,-1.58478638182339,0.793652297092895
1.12401980420951,0.306668424281597,0.970856623919079
1.99341144699249,-0.0949911582865371,-0.747733324597178
2.58188113274679,0.747266082541825,4.80166404903071
0.218754394477564,0.509312586796562,0.775352280471044
-1.95945110020451,0.2878379587302,-0.98277557413269
-0.532977857142081,0.990708106782795,-0.0868086761239599
-0.640980798317239,0.486428613692879,-0.39756296309646
-1.21755247463299,-0.280721639616809,0.53950540055265
0.443359766372643,1.74152787157039,3.36801127823729
-0.0705872674333972,-0.463777988268923,-0.444371113569882
0.438100162787505,0.796147072808081,1.41043292252994
1.10638890254791,-0.375652516842651,-1.31979584380348
-1.45958463532091,-0.858665684849109,1.47764519412687
-0.243845434174527,-0.902991984238801,-0.260676494145303
-0.937487727002262,-0.906414836893521,0.811641054974801
1.64830927117386,1.10698220196372,4.64796427459798
0.595056876434833,0.796272557699075,1.6709297751522
-0.72301738665515,-1.94793762924276,0.747201530113484
2.76854566264767,0.587788189884971,3.7204835163813
-0.403022022913319,0.931100363480599,0.244623854144671
0.782793764838737,-0.11812641755465,-0.132193876538893
-1.01661396539075,0.863411379768432,-0.900784026370486
1.27264574887357,0.269458481012139,0.906129894574262
-0.815876541716459,-0.812324071973153,0.436774623153616
-0.364636676782041,-1.69154378919396,-0.321561915128924
1.20457685423005,1.06122797227935,3.70431007769628
0.460894680596971,0.371021253689976,0.653242283582288
0.483599161624601,3.03951072099313,6.14647178538614
-0.0392204955969209,-0.716574983675879,-0.611147195216347
-1.02359636685588,0.424108329429579,-0.595616064090331
-1.1254084695152,2.3399645082199,-2.98043577367066
-0.201380398496969,1.35693083893639,0.915015100560157
-0.03379462545491,0.399283446053575,0.385921801546439
-0.857219971263264,1.82461750124315,-1.22774983051575
1.76040283887303,0.860544021256442,3.70251769156183
1.00097175126806,-0.297745643769758,-0.801309419053017
1.41617833275149,1.04384250042275,3.97234109309369
-0.506335581117769,-1.08769609986324,0.0729812868168255
-0.246235023961292,0.767327641768067,0.415546452776223
1.78665343686704,-1.22035769808854,-5.57890627550912
0.255895750504374,-0.0653848023202088,-0.0231536614828843
0.0503640761187373,-1.51361985196497,-1.71218151766305
-1.36807188919425,-1.1159297572574,2.00709200647997
0.612564539623171,1.17699826073297,2.66698343407316
-0.006485308513878,-1.57017719825582,-1.51294214939885
1.22057998128111,-1.63359865563155,-5.66063409426461
-0.0943519928325113,-1.59786543964195,-1.3553934566668
1.37051201183661,-0.248825399949689,-0.786515401891489
-0.20967201460766,0.200988579335785,-0.014748620212435
-0.138093891196523,0.587327893445884,0.396451919868955
-0.143978634012404,0.534631419749026,0.24822675476171
-1.22417417381022,-0.245049262586023,0.459679232517066
0.536351054936901,-0.218141983910716,-0.242884983308613
-0.562753408402564,-0.427384964016772,0.042278150307818
0.729807191386396,-0.575165898837828,-1.38927834002652
0.164947761500333,-0.189936460712561,-0.292038447704773
0.981653210112457,-2.04250787539991,-5.97071161897802
0.107194293067507,0.780872842965867,0.90823961330353
0.685212027196133,-0.184847243144572,-0.247702201775181
-0.200710220948026,3.23661176846884,1.84991929256917
-0.281111486619863,0.924775504639622,0.408645010572437
0.430044161447178,0.601356210496594,1.15351683903306
-0.645719264871864,-0.247960601591775,0.0156207654291365
-0.711559139968735,0.459496074547682,-0.179621062104621
0.183192635194854,0.0434143266830682,0.132436323869874
2.45453764937603,-1.43511723513064,-8.42361167660758
0.716502434658156,1.10393434562082,2.82844255101934
1.15797227568647,0.27092442816549,0.955123398721514
1.95561832222327,-0.859562558198918,-4.11726567366879
0.0945555226383402,1.06599064918918,1.15826904202528
-1.26734919129322,-0.051344024398887,0.0959914130698039
0.63048096648967,0.80015896757224,1.88032367384678
-0.218060266747373,-0.721330882577146,-0.475950277047877
1.00135180437679,0.407860079537899,1.13208172606484
-0.549969246791642,-0.744140521206583,0.0698866304540816
0.83374310358565,0.869976811328356,2.52774483370787
0.66632401625194,0.478962453827605,1.01805691316834
0.603769420644002,-0.450569488646492,-0.877476533378589
0.514320180015268,0.0864785069156375,0.140779447554948
-0.023132391208834,-2.03169912147132,-1.92308126198302
-0.936180511301172,-0.108270561390421,0.128789406937338
-1.47795247418392,0.920647618559808,-1.95395655491512
0.678353057765493,2.47782754856609,5.86317655658896
-1.75971308536906,-1.03792490977584,2.50982598198591
-0.496133829384804,0.429163213238353,0.0291213958110351
-1.05261125471273,0.0130319388633123,-0.10368510600908
0.951348400083202,1.13332699494154,3.31246584250081
-0.222783527463365,0.813536488352435,0.491660645602202
-0.47449824823009,-0.140995938920121,-0.140490958595892
-0.0006448618598309,-0.105339410867796,-0.116834755242893
0.942568623630809,0.665389220544486,1.91594228642561
-0.358672577914578,0.0516710843948417,-0.131649752430045
1.59330554042225,-0.897006041460186,-3.66555158680286
-0.256852312068336,0.0265030335645019,0.122180869119995
0.812101155186623,0.778163518235221,1.92230994956399
2.00842249590743,1.4148410572838,7.21350960725019
0.350114667899841,-0.187854925192087,-0.452182954751755
-0.127063473116345,1.01584758775922,0.883177042549538
-0.954919169080983,-0.979389532552987,0.684385735519756
-0.104365657853295,-1.95092567682057,-1.51773390372729
-1.29575583139333,-0.829558454055276,1.18085462191012
1.04954560300851,1.05480327283319,3.27511332594303
-0.381000414654802,-0.933128412643426,0.0286095974211375
1.30608644122496,-0.69548175443169,-2.43790082813602
-1.02004594056586,0.87253554375943,-0.794868342693215
1.25535373450895,-0.992550851171659,-3.39982357000673
0.463335877752411,0.735717731123725,1.34451835376547
0.685369931599839,-0.489579531988452,-1.129836385488
0.879998905020261,-1.78895824369573,-4.63730529854826
1.31156313448159,1.19000673542006,4.41345320416393
1.11838811846516,1.67122905153645,5.35041176115267
0.0048473080822804,-0.643083581477861,-0.69923059172358
0.244686135215622,1.14269685662122,1.78068085672853
-0.754354781445368,-0.812359115066015,0.478932805086526
1.62889141327814,-0.0047184313339231,0.0337376038124743
-0.600920697701943,0.13017584725727,0.123058596421408
-1.24280734428798,-2.19169487983797,3.33023293622448
-1.19363133380296,0.0111804047379312,0.163708000478523
0.442037151859454,0.3773810355461,0.728213091623736
-0.159705408993276,-1.70430657781021,-1.00075731454985
-1.68280767740287,-0.0815129998655495,0.310736954451101
0.269210605655988,-1.36848074023086,-2.06788540769871
-1.21890146856071,1.15906369754679,-1.43044123906542
-0.0537937544965414,0.380265542068335,0.493579415322113
-1.82729485183935,1.71643821156502,-4.5272415941252
-0.162050635902284,-0.156280729241975,-0.0519678192474563
-1.34794948133344,-0.211734632152068,0.386226571257237
0.962468690113311,0.588387558763761,1.72976923099436
-0.989817717353094,-0.98194698802254,1.04772023217026
1.42923188829008,0.0254716414943481,0.191244666335809
1.97668879825752,0.0199012800349384,0.0935718533106738
0.69415714491048,0.511558621914456,1.18718741871702
-1.2976217185327,0.364994804940314,-0.695306126408344
-1.62766915399567,0.0174304634448509,-0.0680696800261564
0.368659890846362,1.34156840550343,2.39985105893249
-0.0716773323842167,1.25127532189974,0.998299823753577
0.907951443174823,2.3148874220988,6.67931933383545
1.55132313003847,-0.700845524071014,-2.84761484484876
0.908977242983476,0.491760797740117,1.58310032098707
0.81622343726477,-1.28035094098959,-3.38177081414313
-1.43541095442621,-0.457960409119081,0.85913520082229
-0.427590557239256,0.398184195751567,0.0237227946223497
0.332118178659611,-0.220637123424086,-0.234237347255993
-1.27505918252544,-0.462600712299798,0.86547332832387
0.54689453316657,-1.13954001997759,-2.24447254869566
-0.0268987796101464,-0.0547503973659506,0.0880630555166756
-1.52840717440501,-0.838480218882411,1.65761082727286
-0.0048082900413898,-0.0982013774753585,-0.19495136704205
-0.619879543916846,1.23154278318392,-0.287701205334129
-0.61936223865695,1.28981361921653,-0.350291459066207
-0.0306644944586035,0.358065388669362,0.229609628080369
-1.12674689799248,-1.781099201042,2.29708612698949
0.750020162341089,-1.16239687639793,-2.85225864051072
0.899427607131602,-0.500088360733439,-1.42160737441828
1.4864461728909,0.262200112643163,1.05416261633036
0.807306888308547,-1.60321239246899,-4.23413352731385
-0.183356243878276,-1.36906777121367,-0.683413266312323
-0.930947743770275,0.328210036125953,-0.290492764119112
0.202704082787729,-0.121585108068895,-0.223512705830667
1.1729758277168,0.463538802623428,1.55748078437056
-1.56065370028773,-1.61724831560256,3.4372957374767
1.49726258655029,0.946753272609859,3.6536881302318
-1.3512571408164,-0.551779947798749,0.931377883202926
0.534894013593699,0.0837585922371082,0.181482636988588
0.0812907934336822,1.12681539723713,1.2743576160977
1.80389026233463,1.21597712644863,5.56607506536366
1.05321927660729,-1.5128783057864,-4.78881605066498
0.675599737813452,-0.906538116286506,-2.2424772387017
-0.178212306530491,-0.414090620421712,-0.216007887036662
1.45604263907222,0.130371274888188,0.473651451532677
-0.700694809267985,1.36056831239666,-0.587930543614313
-0.933330247090299,-0.491771135879967,0.499489814903097
0.207259748225584,1.12508587445604,1.84632490327951
-0.59616999901705,0.254996334476484,0.0075644727368422
0.558151308036626,-0.725572229967151,-1.52349527918071
-1.4278697523387,0.298063772219006,-0.559396617341141
-1.6071118484788,1.86961836304916,-4.13912412346176
0.13282220611104,1.09685525327055,1.22252278395287
2.5054036777595,-1.47497860235293,-8.70554707801659
0.792618861920186,-0.629252461335814,-1.60308736072271
0.0309144792186516,1.72452623011055,1.83585489437922
1.77332138848819,0.43043318907603,2.00689883814874
0.288664881867832,0.0762184946990997,0.0026984640223835
-2.22244608340654,-0.18405152965631,0.819755149628396
0.230551332350402,0.851304504378643,1.19741157857483
0.0278914816210116,0.192206954561617,0.199785784884433
-0.854466813579085,0.466818070340186,-0.358512180382387
-1.4549946931274,-0.264077465161379,0.527633705691427
-0.90218839282944,-1.37380456455505,1.01276299022595
-0.926445376411992,-0.142740163227282,0.103080581784065
0.0440245967453811,-0.545166367151973,-0.503482952214888
1.25460117820014,0.234369898577232,0.763733717723067
-2.46981215052748,-1.94867004594859,7.71095201241424
-2.55414053156193,-1.78827688839967,7.34555219045398
-0.114692893260181,-0.364674312736986,-0.165405082300691
-1.28593629640969,0.830223916489481,-1.23530293654669
0.414301699571976,-0.26748293476667,-0.462420518611152
-1.12337641752204,0.774557297618031,-0.929699626355926
0.319624414863128,1.1592238539274,1.83287560813594
-0.169625338418363,0.186862320407265,0.154278049142479
-0.220758995422657,-0.203188802630682,-0.300837965077076
0.2103488753043,1.81836938941456,2.4654346352358
-0.719599960421998,-0.605573119971984,0.230047135475128
-1.48036671004896,0.0070898470546804,0.0016808998877475
-0.482446731251655,2.15198270275813,-0.0899965892024848
2.08113709855263,0.19925763555949,1.0076373705818
-1.70236978085411,0.929805022296066,-2.18008632654622
-0.538357591188526,1.11620883856343,-0.166392978030035
-0.161869429340626,-0.410684031491682,-0.180040630883229
0.564177322616664,0.198722663603529,0.415567591535524
-0.83940779036643,-0.729140832535122,0.335472317090619
-0.231801947500638,-0.497746698299157,-0.286442690283743
-1.43128462279215,-0.138013075051159,0.309510941070939
-0.186797556396584,-0.358423389318075,-0.0413520094662232
-0.425909156442399,0.545121799784205,0.01024521209168
-0.653360878279284,-0.307675109477628,0.0222507870753492
1.42239173499241,-0.254888127462295,-0.961514214413379
-1.29028274853848,0.669975517059719,-1.09968384082586
1.84367079241015,-0.523820552039784,-2.26170890953971
-1.17301322671266,-1.28535704945575,1.70976702232921
-0.539283994128913,-0.155417929890217,0.151168782943933
-0.0847715126587594,0.622417094025053,0.656751167569708
1.9839493492702,2.19672080368788,10.8033619745535
0.0239170293942444,0.17306608987987,0.283667457936823
-0.058223261132696,-1.46119971366796,-1.42902330550052
-0.111658662551143,0.501218370836378,0.33366056382251
-0.0015748579803042,-1.52233283243882,-1.34559235597778
-0.0735993841294963,-0.719322915314367,-0.618524849202577
-1.37301525974524,1.23438438157942,-2.18972297628205
0.165100900408371,0.931642034961406,1.3599490464835
0.237903921621004,0.806666232862199,1.31870679855115
0.971126599361692,-1.7072305256209,-4.96554822932962
-0.038275331186904,0.687861892542914,0.585605924044241
-0.923738745549282,1.65480203688438,-1.38701777890548
-0.141089770750082,-1.02351665457838,-0.701639285353285
0.728020805446624,-0.170044586810576,-0.385639787626553
-0.242318624578273,-0.247971894911828,-0.147719611275023
0.252005740564949,0.387547817223087,0.580764617910805
-0.524337842299092,0.0534374431341597,-0.0558729874809699
0.0367166713599944,-0.119808639441017,-0.12893455211284
0.991567950478483,-1.25210933157577,-3.71400656844512
-0.988700507355235,1.00277004179095,-0.86676249917965
-0.946129586450077,0.361772128488639,-0.411657206188927
0.850510996255213,-1.53704966418907,-4.18092689896318
-0.376649580104649,0.533371979963625,-0.054780418729099
-0.774952057368359,0.890699341334477,-0.697377758785825
-1.51019474094576,-0.123792220749596,0.131137689294842
-0.300795368120552,0.419479490727758,0.221209053953956
1.11048062266774,-0.62801708270435,-2.18015650281133
-0.666872991512268,1.67476101537369,-0.889206335629204
-0.853761255178152,-0.955627738125916,0.740061380922742
-0.540122077613145,-2.16758168981879,0.234113456917773
0.0635760682224204,0.545793595927858,0.608255619807037
-1.29226668000399,1.02896158298894,-1.6318607419012
1.14826945395766,0.643037894268178,2.28824441579384
1.99098321523114,-1.2583440436593,-6.2996949352294
-1.07875638645598,-0.703773449069028,0.95655054981424
0.201735954423376,0.907776631541752,1.50485973933579
-0.947681517328566,-0.390358220067195,0.477254066341944
-2.47182766780352,-1.82588077530309,7.21724462444846
-0.379070988152543,3.26820938093274,0.783214115536745
-1.21752000881287,-0.135624022720354,0.156548691050301
2.94572430428809,1.14501026886672,7.85122654860424
-0.196007748913583,-0.606193563061237,-0.533931619229634
0.385854618136976,1.18747654643684,2.1120071091329
1.45337632733737,0.266205151011204,1.03465182324752
0.885501648123697,-0.354288677423679,-1.07362957474376
-0.833198711905207,-0.749553077917864,0.542096635413946
0.910100326260834,0.908088090092787,2.51876688073796
1.13795909138763,-0.364480210517969,-1.17716087161526
1.76031039345659,1.70612401019441,7.56383515634344
0.713830649839444,-0.485527019884557,-1.10639511210212
-0.153211317111257,0.549594216285145,0.354368124802649
-0.681315103708453,-0.0001266101437339,0.0903456427183281
1.16707886085979,-0.563119040926564,-1.80447324980595
1.35440721782643,-0.47858977155371,-1.70564078125599
-0.697982293490023,2.80687029019836,-1.01222328722472
-0.235678065981039,-0.170524381399407,-0.0053386320044651
0.183841318838292,0.296782653290615,0.60320330673323
1.13226128842158,-1.19903433645238,-3.94227538720916
-0.24373455236217,-0.362388633764314,-0.271884078157938
0.27325666638929,-0.0572815755134647,-0.358655242419871
1.40145171626932,0.490002919699924,1.72702268233371
1.25869653675695,0.281935223961967,0.978495550132945
-0.0838708657923034,0.64073362645817,0.421630736676909
0.0637260180447096,-0.429370489500752,-0.460826842595003
0.660803574347678,-0.952243729829104,-2.22916181805686
1.47931110039314,1.52706056481943,6.05740821167504
-0.880436060902817,-0.404543154446534,0.232936497165995
1.88556400904003,0.331680477254239,1.77183890173534
0.768016757547066,1.25321302904889,3.09318746392153
0.16682048453846,-0.793345675113595,-1.1310068338506
0.545900553405104,0.448190539350365,1.04298189984287
-0.575397766826138,0.107626663046322,-0.0333968832940683
1.33391869717693,1.13137999338971,4.09860929846127
-2.6983414322553,-0.266321309882515,1.18007525391808
0.999142533350523,1.05070792441087,3.20803041791541
0.524367626347748,0.841704491091152,1.71868179396426
2.90271364250001,1.49230966035634,10.0043164144586
-0.0352272312597114,-0.800115244202309,-0.744320891964194
-1.62010543180357,-0.330522448142959,0.59052326964177
0.645106693726335,-0.133337187127316,-0.166313508772914
0.684038716406071,1.54802155980336,3.59572588509315
-0.428096876291386,-0.38276553275711,0.182938332020013
2.27944027226366,0.376986355525057,2.26122745239272
0.368475493346899,0.476209790259014,0.776509802470276
-0.0328231960198785,-0.658453193976919,-0.59062422433681
-0.303200110675732,-0.113368862790564,-0.095449108056855
1.12769363851544,0.135776486579939,0.675213339509796
-0.931432096770867,-0.0656140271895758,-0.015721936358246
-0.817455318432659,0.183122470785721,-0.110598012321727
0.427922488550822,0.962773097974625,1.68396095958491
0.550309662632756,-1.71170913619349,-3.5457550037271
-0.433196875351443,-0.30921382629699,-0.175694328565461
-0.680569888601855,2.03215190201184,-0.774455094583339
3.37988523856795,0.663542572916347,5.3252837504398
-0.897033795851446,1.6782388739455,-1.31614400779298
0.305848310512102,-0.152663168088657,-0.243756494396241
0.030297719419859,0.403350432425931,0.474700298293193
1.44532270753354,-0.26232237330754,-1.05439442057391
-1.69844976479334,3.12336629123355,-7.49668550205077
-0.302683127715802,1.17936430204823,0.641688958588603
1.57603424677526,0.652548601629222,2.61973279203077
1.41160875902584,0.9939669732537,3.85059966516247
-1.20614589233468,-0.0562731858605908,0.189658464516446
-0.330772785831488,-0.0161883127930305,-0.0776776371216803
-0.0527025237682394,0.0119858100143938,0.327373748662737
-1.38050969437751,0.066752095090566,-0.0997657804422539
-1.11227747452944,-0.839537553876516,1.09767256906099
-0.901152706809777,0.93196908893638,-0.811759079333001
-0.69058234802748,0.41182329037473,-0.166823863679736
-0.846314738142234,-0.526628673891289,0.516828657109716
-0.312217920284436,-0.186025229661666,-0.122865731441041
0.869450301607346,-0.738242917508194,-2.01573976274878
0.267704686354213,0.21651462997106,0.238386628610593
0.601515898233369,0.0579733299639178,0.0471259972059484
-0.283608444428253,1.00816564430288,0.322691953084752
-0.730321924458375,0.577583254690852,-0.353863061304802
0.0933325200094307,0.652723562756549,0.871610372234606
-1.37377722950658,-0.329969058988012,0.654131466687423
0.129487684308174,-0.210825619760602,-0.195089366110818
0.718082200612014,-0.205460772634129,-0.491896795565937
-0.197399733329782,0.294282354923762,0.0637700041909758
-0.636450896010794,-0.878896005759832,0.275638102743894
-0.5298903233538,0.469163936838245,-0.0614400214924385
-0.387287715941572,0.646646439764143,0.0372575800770079
1.85612854768857,-0.91898958799531,-4.43724122270204
-0.0904383939899061,-0.0978750408379976,-0.0249269034284528
0.0374051273334225,-2.15470612047628,-2.31548885532338
1.53974939451207,0.0614816816085893,0.247150489989512
-1.51024859669044,-0.15074095350202,0.406166508181674
0.575480212181532,-0.438931946441074,-0.828858163375401
1.29946155808787,-0.746146682048377,-2.88398772467107
-0.728237527236796,-0.321246841207872,0.143026732294027
0.477323765142554,1.44445744767349,2.63892747955224
0.341695272914954,0.964334956547988,1.75143002714607
-2.69453557810405,0.0098557800682183,0.0400914582274453
-0.180210522507587,-0.624127866733928,-0.259153228413805
0.472909803312289,-0.196938031543523,-0.45927425060832
-0.491928076784003,0.52550991606204,0.0890582279887453
-1.03939285985941,0.0304769841292529,0.0086364915011738
-1.20669908365786,-1.60967875847624,2.23812566310518
-0.222312532703925,-0.348451756108101,-0.225441590810434
-0.862039677925258,0.995050896631683,-0.716253067634911
-0.400438161121899,-2.00551579972374,-0.386111571394182
1.4141751261065,-0.830689759059828,-3.07765360941905
-0.70505515470895,3.09570058759803,-1.23281606175384
0.746261757243433,-0.320378147754247,-0.804280457144189
0.306274969279263,0.0974201271183557,0.119039910458649
-0.0336045177063583,-0.348195290520868,-0.299872934660197
0.066962619790448,-0.692475745263359,-0.656117457653424
1.98718536294657,0.362881590502529,1.70404485372314
1.37030347630627,0.105801683040104,0.329208809627863
2.10202557802594,1.19742739024189,6.16088794282843
-0.446517231245426,0.791089080198767,0.148063725752613
0.486706144178027,1.35580056501274,2.49190439975039
-2.0987650848513,-1.24983507518312,3.94533572783881
-1.00193991479352,0.881575450837325,-0.833563760548862
-1.72610994340753,0.160425967701659,-0.34363250052657
-0.161371433672666,0.822453616836295,0.704588086089401
-2.00171858549139,0.41050749068321,-1.26109131884137
0.316197463694024,-0.5043632566448,-0.969356140427941
0.934003604208935,-0.713738531433507,-2.01934779558189
-0.412843085257165,-0.344038720070059,-0.0408971497402564
-0.760146536316282,0.249223483518719,-0.153974012462389
-1.65263141506488,-1.46266294051281,3.37823578265162
0.665350369307309,1.18937058741562,2.98149979146143
0.40000048085314,1.3110444729465,2.22841362759237
-1.90902593309581,0.95313138373417,-2.61779628786785
-1.8376841850058,1.22992489896744,-3.32150917837666
-1.01476079708976,1.00504168121384,-1.16515168520121
1.89707253698257,2.69632372686183,12.8091736731044
-2.10784798816447,0.979794069042857,-3.12336325948167
-1.06722656829235,1.96433328478849,-2.24620031731927
0.153773392662898,0.401182437665715,0.345402004312572
-0.99288456150032,-0.979606881815192,1.06281015881174
-0.172849206296891,1.31217336057958,0.734441604667044
-0.937023646988765,-0.281785939743882,0.33380704952876
0.68318237977404,0.187128010097949,0.275250082642601
-0.593002281229088,0.262609407060652,-0.178066129478894
2.4467625170282,-0.261281991528003,-1.41120818189314
-0.304687217221917,0.190086972186076,0.0397354640397914
0.125924972249693,-0.913633327608377,-0.939698054834607
0.243728552740096,-1.82684411762665,-2.7669950472153
1.5296806373629,-0.718817111835936,-2.93896137539182
-0.901759800145075,0.65133323057804,-0.586288523925357
0.0754868086597562,-1.16775239615245,-1.27092721758664
1.2582600427988,-2.41898982127462,-8.44651345498722
-0.387208238015507,-1.18907627974033,-0.301311545667421
0.442244146958708,0.301226314864093,0.588807781854699
1.22168863141458,1.62998659973194,5.7474941247309
0.401617736301688,-1.34969647036131,-2.31184336718654
0.575353204250834,1.20506476685576,2.5326613013772
-0.0534792477614742,0.0915123087325529,0.178476419961261
-0.797649163905452,0.515314692192401,-0.323878074689697
-1.03236977398981,0.231387138358236,-0.211306764488461
-0.0231155204899065,-0.0083918910758652,0.11995487737722
-0.926915312474801,-0.433264826199866,0.468813634395275
-1.64491355139041,0.995770576145755,-2.21890715536628
-0.35255873199753,0.405876623331197,0.128218861074537
-0.98012188235875,-0.56363008432156,0.465110997583054
0.785334265296637,-0.374396991438343,-0.941702967612329
0.635414253804911,-1.4216456968864,-3.32731522624819
0.69851132036659,-0.891006118818882,-1.97518363842892
0.467073350742344,-1.9814784414182,-3.67564977453503
0.869352652898518,-1.6088596519457,-4.40879249165792
1.1830025398673,0.074477933969098,0.180533167830224
-1.07400791872872,0.1804918034462,-0.36241584714218
-0.904669239663409,-0.0060722819567759,-0.0650768401332917
-1.90815977429051,0.804699759803052,-2.13705718620141
-0.701787922423419,-1.51374264666766,0.66419711695161
0.797876638738525,1.02814306015516,2.70561424297308
0.328347429552737,0.155477224083199,0.21982414286115
1.06585755629707,0.0966032962194565,0.438269116921416
0.171468957459177,-2.25494999956686,-3.1094269001622
-0.359454776963556,1.42901688793072,0.301912790770919
2.33844479656867,1.3499308324693,7.66298103681196
-1.25798243754433,0.747904148550033,-1.28912200374103
0.549315828251074,1.79121876370043,3.84049947061348
0.825585290727739,-0.715619243130722,-2.00178677851645
-1.0029004121766,-0.927688862208243,0.717647811161423
1.90779836249376,-0.514169678746706,-2.57394284470004
0.694657807531651,0.93273923879777,2.33281067782207
-0.863179022079248,0.473516184396603,-0.529526156496755
0.0704834416484736,-0.376961460092282,-0.304240223707243
-1.7817255382489,-1.25026436912213,3.2069221245133
-1.00161208723356,-0.641880368315683,0.602031639193534
0.45581025388596,-0.641450388938906,-1.24913034650342
-0.806354106602863,0.711675327356838,-0.686972735329988
0.229621031950494,-0.445549298643465,-0.766379161222809
0.238081677842748,1.28981547858464,1.8857100272841
-0.0069014244791153,-0.0519062203176991,-0.106781183643241
-0.723269012717965,-0.577780100812398,0.311772086940619
-0.155551633150617,-1.88529998993615,-1.3355767054229
0.254434891522654,0.269493643669557,0.327243537145384
2.3440053221932,0.81599488711442,4.73981152071353
-0.428229856893074,0.0355572668832761,-0.0249482672390501
-0.130750009878354,-1.17369615767013,-0.929272830895839
1.87075826557,-0.777643334492582,-3.52595747126752
-1.25688319628562,0.0062963768113029,0.241412375294004
1.12121984902311,-0.146115026082981,-0.39407995817836
-1.49284642297235,-1.42999508529616,3.03364822362719
-0.647040153055613,0.702967237863857,-0.0363107220989128
0.651611529409751,-0.331597586489268,-0.742406998640396
-0.540147812671227,0.209312287985987,0.0386952600689013
-0.353824069181012,0.43709989124746,0.0143116237102951
-0.0256203729682544,-0.333880075586582,-0.336498299234305
-0.200333970179377,-0.126856182397341,-0.0639784310455634
-1.598740800976,0.45785054710288,-0.827387315721776
0.247402858760979,-1.25816756866562,-1.72736139076739
-0.292022648972753,-0.767649005669598,-0.266421262708173
0.747239208476149,-0.802878735609902,-2.00209293248273
1.66797688445669,0.10210815630187,0.351816805216954
0.602548785756663,1.77599418394574,3.9417645158804
-0.930081847783523,1.5904096031973,-1.31322260447031
-0.801297253441944,1.6355618708894,-1.11729619252335
-0.701468246847325,-0.259177993576842,0.0411425173857563
0.232549393027288,-0.646243145160401,-1.05745170705014
1.38598720819975,0.423164703919732,1.57427147394906
0.308932807734044,0.607344501214688,1.00654941849841
0.80720553371039,0.509341317767485,1.51661668753286
0.824970996914483,0.210318580288778,0.658794271086258
0.41506395174439,0.559042030682313,0.934223245800692
0.674039317621752,-2.96490602820189,-6.76944842961497
-1.74922844972015,-0.693452114616584,1.69988118043252
-0.889649193264095,-1.60367943864212,1.19914580446777
-0.0530190356057893,0.670175746353446,0.614197934453609
-1.61630173208314,-0.822625625864452,1.80069831573466
1.70814088555579,-0.215651253334761,-0.798873086829241
0.251943726571308,0.416695946548429,0.665506632418347
-0.162674754528034,-1.47584437040063,-0.90866091292675
-0.122538738587059,0.68859271891103,0.56120497829458
0.0733209326790416,-2.1969084778486,-2.48929849038815
0.731970767428639,0.476932636286556,1.20949356350052
-1.14574346627386,0.978242162633339,-1.33857310021923
0.973330723312667,0.0717451700645993,0.119385910781847
0.31342781512194,0.550345963954785,0.99819921331882
-0.66671586107657,0.212833292969071,-0.107864338012383
0.780015445721353,-1.20631195998287,-3.06058156159755
0.215676887546273,1.04711132603734,1.47086896718711
0.0984305921192255,1.35100146549916,1.63018712752424
-1.16799829692226,-0.317485931847861,0.433785152463091
-0.534089355341784,0.744721356741802,-0.170760427217346
-0.560004629866193,-0.292801946707159,0.110583133299282
-3.02926115997116,1.2809439687439,-6.54932824875319
-1.42615757398622,1.40022154650298,-2.52555195003787
-0.775482913869128,0.615889783527453,-0.480586077552181
-0.914939917558189,0.667811344226028,-0.47533072587037
1.19917446727751,0.0014096708920186,0.0752342522144764
0.449052494252433,-0.964096203315911,-1.80818347048373
0.212501423544044,0.10944433546494,0.0681735053936206
-0.546871543686742,-1.90731812545052,0.146155398893656
-0.116776684211789,-2.01356256590199,-1.70556370356389
-1.09117159070562,0.419100501526578,-0.51165219040908
-0.928622297322423,-0.089482209902794,0.118852663286788
-0.26770739502699,-0.491444123633854,-0.303209479321821
0.193163808648227,-0.263132334310394,-0.230963285365433
0.565871153405773,-0.716100594992319,-1.6160559143359
0.610390745551768,1.24350284771735,2.82588473589669
0.284235942179431,-0.507824864455561,-0.818652652847739
-1.19467579782637,1.25678979626301,-1.84581025626334
0.668750399454251,-0.908213859613884,-2.04521680938575
-3.60845547243415,-1.21395647660801,7.52723776573262
-0.197374028987225,0.0982074000349793,0.0315240024734686
-1.33494242257272,-0.859910929375946,1.40331605330801
0.407184971002726,1.18814692677456,2.24230664895193
-2.5442473375139,0.253441994837176,-1.17595103491383
0.629998334417197,-0.402206750072996,-0.786293123699556
-0.726366773854218,0.831271507671007,-0.247529820019032
-0.79194902099198,1.51899243490301,-0.814569160141609
0.584288112816462,0.525561737402628,1.08439969549097
0.591892123240482,-1.56022695582356,-3.52108671583069
-0.62005660178182,-0.790330823190954,0.173279033227588
-0.102808439167105,0.320823617766663,0.241213202710079
-1.19649426124054,-1.54940100874116,2.10760755306707
0.244967416117155,-0.721829637470419,-0.977996736149716
1.03466118933787,0.942296898872781,2.96069859718009
-0.248952431181883,1.29080274682184,0.734721664155009
0.119985198847027,-0.415874874854509,-0.519759484897367
1.25752398707708,0.118380683151346,0.396009281611272
-0.455735474318944,0.798468108999309,0.158486423790967
-0.607747638146374,-2.05156416213758,0.399348875303975
-0.164288866465223,-1.27352648020906,-0.806226879000996
0.346242925614209,0.683610796611996,1.20939428528545
-0.0846569207589773,-1.28793361155113,-1.09024933537243
0.0923304532076816,0.059484301684646,-0.118926659419902
0.368823374129408,-0.640341770696912,-1.32075128406782
0.0644164269264654,-1.03518798893941,-1.24847458987751
0.87508117917259,-1.41319719023584,-3.71250311341278
0.201037345981382,1.07441508739792,1.3425343916759
-0.361088120656491,-0.982997800796499,-0.330748255156456
-0.240803460165009,-0.868661320571505,-0.563562704019304
0.957592758711022,0.234128982806861,0.721138457710819
-0.932129519899414,0.998897419372237,-0.808943826400431
1.1049264510777,-0.348536238499572,-1.17361972611723
0.434607264113129,0.195986199584748,0.401023838083304
2.45704896765237,-0.288385686087412,-1.82081227752553
0.319899435440422,0.558206234387382,0.966440636890045
0.227235159894241,2.22194371438063,3.16998191240924
-2.1497790918171,-0.757797453323978,2.55489451160505
-0.773183104357076,1.22400147087076,-0.717372430429133
-0.153936914229956,-0.0950886569385658,0.0574119418552142
-0.981484495470114,0.372907940971398,-0.319620357334057
0.516739395036128,-1.25753208864304,-2.44196011353889
0.190196667858749,0.0549758720976032,0.0062553302233653
0.839785833565586,-1.84835076389484,-4.78722370234097
1.40542851037135,3.02584733974676,11.4314638726713
-0.658775686064334,0.31274780677101,-0.0999424599571541
1.26933375350578,0.773158181214586,2.65519302523179
0.104904266131723,-1.33186852796,-1.62508883637902
-0.958385736621699,-1.03025728935825,0.933831468669953
0.0497066890604901,-1.2046733401854,-1.42260585119304
-0.646778698716926,-1.13607201403985,0.380605237876763
-2.05680186535756,1.17835432321996,-3.71028298624606
0.70221933248575,-0.98301368952582,-2.24681780424597
0.82903072006051,-0.0296106313399729,-0.0460752911513142
0.441618196807652,-0.180616032774367,-0.200184943757126
-0.700758096650983,0.404415931304533,-0.362714230603457
0.325180924714337,-0.776902566175031,-1.10644640645711
0.774047549583491,-0.625129289055294,-1.68368271602655
0.453008294484614,0.352997853503402,0.791484788110551
-2.3248101826915,0.220714624642064,-0.881216223371634
0.91645276936148,-0.0845838662549507,-0.213392747540062
-0.902168620806832,-0.0324573262296536,0.0615321353738236
1.00265245319514,-1.03481736519684,-2.97813190496755
0.124287121099128,-0.41223098891935,-0.536814304887442
-1.33335531868857,-0.168189118810045,0.404470986815944
1.2017432912267,-0.321226696221779,-1.12383852338334
-0.186445863474106,0.311207366084651,0.135635603728437
0.69929480033459,1.68761953015954,4.19463201879694
-0.255580519248462,-0.352007141831781,-0.0576281223217552
0.0884635116881982,0.606666058121074,0.633324151775086
0.360213182897668,-1.88134530532491,-3.02257083816368
-0.14674514118069,-0.59723953825309,-0.292267019948452
0.666152425002476,0.339179302875913,0.854048547769293
0.132754409316896,0.79967757862131,1.26705769530218
1.24838476863525,-1.39562532107625,-4.92837869670852
-0.389166861075168,0.861845101113689,0.150363604971094
-1.04843075367497,0.364313517172139,-0.431380702244824
1.23137480875339,-1.03215437278722,-3.55427154616759
-0.398561071777771,-0.296914794176733,0.124729941060505
-0.67972706305047,1.24262051363753,-0.212084076993559
-2.03970737033108,-0.698708967511218,2.13766924473774
1.73419362649543,-1.18072304251574,-5.31169009857279
1.75607906158188,-0.926262103477117,-4.26692113687008
-1.47271593527496,0.0122071722884885,0.123621995765928
0.0223968498228864,-0.351767503795421,-0.543658318147894
-0.309826207121295,-1.82537061885314,-0.625600716333384
-0.310813347460796,1.04592653165435,0.499089466676188
0.454337628037814,-0.412315082158227,-0.849587185817333
-1.43337952815099,-0.936648061632087,1.54686016507365
-0.970565752221667,-1.33638348133913,1.19988469504625
1.8484045537376,-1.91369278516115,-8.9451528076219
-0.4937326144537,0.376958399885049,-0.0200062239661946
0.583656621144847,1.32271862952698,3.07006604388626
-0.542358315962634,2.45439401436931,-0.178154856051782
0.575508566065752,-1.31871057777616,-2.94602669149158
0.845691608573844,1.22128679627375,3.34212898125128
0.329794052379896,-0.51069567679024,-0.784415349962614
-1.72036266305497,-0.0074901847312658,0.171864564722
1.0106761505839,0.0778371633785831,0.246073377763425
-0.663044220197741,2.15064201686035,-0.70471387247249
-0.0297974552508973,-1.14348220566706,-1.22376517064531
2.42170489704131,0.762486547459053,4.6270870977432
0.366704495165176,-1.67838821125633,-2.94783377184185
-0.341031567384642,-0.141940859416373,-0.0851146440596382
-0.758790676187626,-1.26515266862029,0.614481343909266
-1.00098494978672,-0.481125796017105,0.598662706870216
1.90787149923897,-0.0113538407152431,-0.0976744233890145
-1.95287882074952,-1.37964403125298,3.88186199169088
1.33871612058526,-0.81642973317055,-3.03127268290135
-1.16703489060846,1.06770599604064,-1.36023712311754
-0.211941144013393,0.97594609337633,0.606401161881042
-0.765131464097365,0.639550014660501,-0.374687037376076
-1.24187529273432,1.21405679880576,-1.83236981082192
0.755942397553045,1.43471330734878,3.69968886396091
1.55783691348425,-0.796251714734314,-3.26227218145505
0.572353128540514,-0.160785441505568,-0.437388668138482
1.27639183421631,1.45088561364538,5.12826637263298
1.3423826989295,0.669849052054057,2.63903746363778
-1.3688124738277,-0.536733505050751,0.807340909723152
2.22164229475516,-1.24788779829445,-6.7884033181337
-0.256798995407698,-0.996489386863222,-0.476625941998749
-0.17208087118969,-0.745537741675343,-0.440571996128279
-0.127404345514368,0.752877129747056,0.353217494497816
-0.603265467592285,-0.102292399041744,0.0260529972092517
0.165838792693401,1.10930418877072,1.52575300519506
1.50668881210759,-0.0867473086745859,-0.399423034841416
-3.0486054740655,1.08689974013873,-5.5201757497028
1.35311058599598,1.14988209458339,4.16086236306374
0.304426520586171,-0.0545585295709572,-0.160997838745787
-0.0164164890899422,0.881508593515576,0.989189474979207
0.528063347324896,2.43274706873964,4.95017520116065
0.654367034601597,0.142097095665227,0.464352154154038
-1.11041553288023,0.467666121781321,-0.540386222960963
-0.219889195720464,0.0199141028869428,-0.0030571040109387
0.933861000546255,-0.803465193729491,-2.36257338097631
-0.0027260901021625,0.297822157274426,0.248268699707332
-0.594722699647157,-0.0240046828255899,-0.002963019964524
-0.534044246188724,0.294244357771267,-0.0367459112250158
-0.352714984588313,1.81448087811769,0.437205514073764
0.0611300480694066,-0.913916654980894,-1.13406607359808
1.10059550530108,0.380853086321686,1.36211017875256
0.0758956801246499,0.484778145897498,0.595351224777341
2.50496334809706,0.781872665661625,4.61452451719699
0.400137737136502,0.0928087037516956,0.247926583440246
-1.60120292785449,-1.0763101415495,2.36130828891567
-0.826941608599079,-0.35989618638997,0.0410779052655551
-1.79348245932489,-0.306694513246549,0.791950250147776
0.88001265868546,-0.226741374407838,-0.683266910504333
-0.954045980020813,0.64140072052207,-0.698622143538826
-0.156888066916233,-1.83930302903123,-1.28536715651352
-0.159645032466345,1.50987510968989,1.11014605497505
-0.846096273113881,1.44951876226784,-0.855638170644151
0.625728905619806,-1.09662137816754,-2.55488483631371
-1.0398750705321,1.68812387714561,-1.78311208840516
-0.118212359175426,0.538463672699058,0.519038406064679
0.32557043325115,0.917330829892328,1.54728015769902
0.202911145221037,1.19395487426545,1.66215414446123
-0.547821930448802,0.344815612375511,-0.0281651147875748
-0.500017956272722,0.755015519037564,-0.18576162926309
0.21109580631914,0.927580075640259,1.32031373120112
-0.251803791813909,1.95592495936663,0.950630878458122
0.229979015652971,0.624324637946686,0.795694096452028
-1.52422364556227,-0.382810098773267,0.765792825234186
0.592453224256728,-1.23498339053191,-2.69736090458394
1.30311970040989,-0.526089952582834,-2.0399594459668
1.72408274556508,1.51819531034187,6.77037697922127
0.149623318246416,0.977984559040477,1.29719530251545
0.493063354558035,0.843776617686951,1.72303643796334
-2.05355699821638,1.67812092631831,-5.35661691339022
0.481824285767076,0.251978416472873,0.624411845467903
-0.132093264566555,1.45951926392396,1.08349450521099
-1.68351140783556,0.814421224384419,-1.86772733321882
-0.072780489595819,-2.13376711745005,-1.84690507921661
1.39531444759169,1.09704228679859,4.14242358890066
1.026790185769,0.159962431778828,0.494799500758863
1.56068448599475,-1.19175959388802,-4.99063443863524
-0.755295104116826,0.823396109939777,-0.180529463531635
0.192922543701504,0.493473970946552,0.78798989846809
-0.939657883913616,-0.845707817165223,0.811582184294727
0.0300136145320015,-1.36127286976857,-1.46832328352302
0.245379932166488,0.824476115356561,1.35127323000587
-0.316079485718465,0.193908495131199,0.215912043649518
0.651561365577802,0.531764385850311,1.23127175205264
-1.61250906457579,1.87264984877943,-3.91568329288981
0.134232629157389,-0.186277647897044,-0.385494105229587
0.902779450387757,-1.20728934970902,-3.35710910894226
1.68058368545636,0.203116483586972,0.874590551176047
1.15756426667,2.00520534177867,6.69652449700932
-0.47793657675555,-0.335568795454902,0.012194963121636
-0.0290960972053513,-1.26911676881867,-1.22224817531333
0.52609738464746,0.0225550265663186,0.153041376052357
2.11724006700643,-0.770279343557286,-4.03119870857805
0.252228489986449,0.411681292166637,0.565964285051983
-0.635448057578387,-1.10178401504536,0.436188541132718
-0.695685615960823,-0.651399113424276,0.239095663538358
-0.167695198248559,0.463502276648114,0.205501538586968
0.463294891805914,-0.557482749746054,-1.10692975691228
-0.994308505676485,0.340670506387102,-0.464681265211188
0.173525790095339,-1.14188607419339,-1.43207666814275
0.218400827826261,-0.51743638350706,-0.609362623220139
-1.68846489271376,-0.516110356711422,1.22810083811235
-0.618281438142678,-0.552423799951198,0.223836094910295
-0.470713477506672,-0.437169336577467,-0.0477759492213294
-0.363696579247546,-1.38389934079062,-0.517770611120382
-0.425622777574641,-0.832968215019534,-0.0676502286490892
0.816416807425585,-0.0733296628175021,-0.146135222359663
0.127817408267275,-0.334609410151368,-0.34358453244308
0.705289202845809,1.34822481604131,3.07684857538151
-0.276885408730844,-0.398492033799013,-0.20247344487886
0.0388928723212656,-0.192897375511686,-0.0451800328894076
-1.23365042538305,-0.766356656265042,1.1206799681461
-1.5343852423874,1.88240754941312,-3.97348939902611
0.984444522452357,-0.908159213035111,-2.77473768382702
0.41623852392316,0.639196366569152,1.10292799600578
-0.0119951229883381,0.637855598185834,0.461626190649809
0.60248380083357,-0.0115074027184124,0.0414686121892353
0.68651744829393,-0.274450606205688,-0.508677713356566
-0.76266458326438,1.0922316201848,-0.603366681546133
-0.472865893691652,1.83664295000533,0.0042760478080791
0.165822074072076,-1.27948813300605,-1.50014749545037
-1.2987252447671,0.541810265005218,-0.722916093866203
0.423892987818628,-0.227840253318218,-0.37902116878052
-0.5955373999948,1.31420949275319,-0.15606476124859
0.641157588870398,0.194271582612726,0.459025570211893
1.15051663414753,-0.5436987032962,-1.79940323432378
1.7185036571903,-0.379753457557699,-1.60871103706097
1.57281889464632,0.16772783386025,0.466865412935455
0.393117994190259,0.36846770611563,0.59816242101756
0.202418970077863,1.70378031168516,2.38791687253511
-0.132961417459062,-0.620482041083624,-0.513227694312289
-0.367733665584874,0.0634117315461936,-0.113438803259147
-0.50516879058388,-0.0066768947740705,-0.0547807460526114
1.64724682300301,-0.42572528072765,-1.8049781765852
1.27840016784501,0.619776919238333,2.22204282497192
0.6278318950047,0.166895215192645,0.401466032181489
0.342581633195192,0.392914292696544,0.750367626420026
2.07896057715732,-0.736884087962312,-3.63093925847462
-0.025772963840838,0.670991137786585,0.691723158751936
-0.662283480791847,0.280892250247727,0.0849278153397423
-0.564082851447835,1.22749774185929,-0.149742820547089
0.31943449761056,-1.16959294731004,-1.86459750406448
0.891479386859603,0.269040238289767,0.775769199466961
-1.15189300845785,1.13614956868248,-1.63867050163533
-0.106896991104036,-0.348405980844592,-0.208685781901402
0.260735722783584,0.162117039254085,0.254202194231721
0.0754455791163567,0.0761875073694915,-0.0050894620256647
-1.78384540550754,1.43625030683743,-3.6112247822566
0.555726147119714,-0.702029718941768,-1.35277870544902
1.63255340642345,0.135813265643362,0.564727621214574
2.36196385242237,-1.63669817247702,-9.48069882815696
-0.851705007370687,-0.494870518197918,0.472589286416269
-1.5502827628022,0.776518800550369,-1.55190634340311
-1.41444883307729,-0.289248909888301,0.461829909385693
-0.193142801312833,-0.155701731903579,-0.0934866709885606
0.638981761268123,-0.676617292845134,-1.59220036816602
-0.109832377484063,-0.971697756894595,-0.891378905117398
-2.64160875370327,-1.38099677582924,5.86840978155197
0.171434131755897,0.442939978232317,0.453432716063441
-0.461969317874526,0.520870087259275,0.0848221288465306
0.695967217432135,0.143016665852214,0.381609649215427
1.91260270806452,-0.185501746066488,-0.95305313810306
0.130826062768873,-0.78341077501811,-0.819822282211053
-0.0818969683329949,0.0418812506717014,-0.0462156433312116
-0.310814163466149,0.638723833612336,0.212405652544786
1.67993970903652,-0.303380996570927,-1.20896172094153
-0.571945532585503,0.423849429201349,-0.242403005182682
0.0842782279924251,-0.0646314430768924,-0.154903347339663
0.583840483284151,0.16438053923881,0.397144809019501
-0.351614501603091,0.71493182280888,0.251621624852175
-0.592547689417902,-0.48629340442862,0.147902559293926
-2.14802537865345,2.00759493104257,-6.55901096998006
-2.23207367061431,-0.361911081511607,1.27658690333259
-1.34238284925739,0.442969569804103,-0.723300169669148
-1.08443578394937,1.23029616155045,-1.32017869299506
-0.192205431065789,-0.0356966682352839,0.134714604437787
0.820288158192399,0.855757635977175,2.33869691298001
-0.740286267769006,2.3680630125447,-1.23372462531488
-0.0691288426871567,-0.537236939158186,-0.350611110219951
-0.503839607452814,-0.963281630175189,-0.0705981529806961
-0.535329934610154,-0.635449735796805,0.149315333399418
-2.06717747462841,0.636408706338833,-1.96175028172053
0.064617818901457,0.71666260835011,0.713316992331907
-0.137003210702504,-0.498305449995782,-0.386300064406052
1.04896418322341,-0.0501637274357168,-0.26249180809471
-1.92317219487451,-0.656960751243975,1.92144223159732
-0.203927124895272,-0.478198362391605,-0.391171046331511
0.267880877206315,1.2295224503977,1.74711213801044
0.561897144254924,0.338427088332411,0.693978567445815
0.0454884422068961,-0.576563479108432,-0.620599829682497
0.575990761262076,0.179645922102027,0.45039340640399
1.27915438510124,-0.971551595453365,-3.45058992436808
0.744739013558463,0.389856676740913,0.862649919310471
1.00763334014539,-0.810915194157278,-2.33871572614381
0.282578282072094,-0.946262714282338,-1.40586484051552
-0.439068751730181,-0.21861440478175,-0.0616597499617987
-0.990928066312199,-0.514837695966673,0.603597242631709
-1.0719830201319,-0.33803378852172,0.319827551594641
-0.985183463789583,-0.43589687276253,0.454887443721179
-0.607951747054313,1.30916077004647,-0.0636536167039446
-1.64101148579313,0.350196591472478,-0.761872926037473
-2.75242400053186,0.162404866302994,-0.731326759130932
0.549829849735158,0.122655110011066,0.394851935241462
-1.53984031603964,1.86989701258572,-3.98870054264822
-0.315817320996376,0.516958040483985,0.382646121754413
-0.103494840227134,-0.0335502547475183,-0.012178323500555
-0.499927007263146,0.207477608691039,0.164293767741375
-0.8344789642999,-0.730491874330429,0.371786357313868
0.124997030976387,-1.17323394792141,-1.5909804881641
0.600671753140124,0.542711601473977,1.18239564954887
0.0153009577972558,1.35852198799294,1.40607802143368
0.0140832215288099,0.36230618854908,0.431390805764396
0.217748487777075,-2.16459936982908,-3.12968405477982
-0.990810975986991,1.31324336988972,-1.29613705333531
-0.565171563249451,-0.787442497242459,0.15276202952214
-0.974978346689797,-0.715165874948679,0.49345842488372
1.15016237783552,0.0529610276152959,0.055552743787783
0.36593948520638,1.60210545942665,2.85604175543908
-1.30718341090222,-0.240693427697061,0.45479055054962
-0.860822149058999,-0.568185932799855,0.532432855970127
-1.14702298146426,-0.954874704669791,1.24136625154575
-2.02333863674687,1.04691675734726,-3.09126547903438
0.439135439131119,0.476380827583096,0.978899901430907
-0.925853824459688,1.00418332636917,-0.894892925887478
-0.57994602542995,1.62368239782815,-0.347930755408222
0.32496246224646,-1.07868109227392,-1.71868058799386
2.36518044557151,-1.00378760163098,-5.8501317553942
2.22635231507089,-0.471483947680017,-2.54431306873805
0.298245339891092,1.76708378539378,2.78646105308595
-1.15323134850225,-1.13976927997352,1.29373564532147
0.381203325919516,-0.169140892343774,-0.386319380281005
1.01378104539693,-0.583115787910472,-2.02779713915993
0.0444062660608134,0.249488343271624,0.404729727053481
0.506617122266732,-0.533089333743639,-1.09876118114598
-0.655776328413334,-0.42746045530111,0.325209807712117
-1.24818118868864,0.780578490752766,-0.984192479250709
0.352552569820573,-2.18015352937392,-3.87743514115114
0.456597734122341,-0.133551387944556,-0.0867571734655484
0.46642187106515,-0.90163791796866,-1.85022198246594
0.0604523705988878,1.93114318530872,2.05607321953461
-0.74168821509193,-0.279099417092087,0.146602339860891
0.267894459264869,-0.367964793077482,-0.51107038943147
1.12035961642378,1.58994369942823,5.24294055123755
0.371505709438072,-0.217973457108475,-0.373735341734856
-0.585210202749136,0.0256596032552885,0.0418757517593156
-0.184571303303626,-1.06821099245103,-0.754287446354335
-0.347542268205762,-0.585458171273349,-0.193394845126939
1.12645319207923,0.0633894732276525,0.297726698493333
0.482964763784353,1.36423644796374,2.69164341257714
0.945017848585247,-1.71040883297686,-4.9271357490138
1.61072635902975,0.0545120673131094,0.308098379563969
-0.598903150396331,-1.49927161143978,0.212140002844922
0.731217121264449,-1.9512235860574,-4.83439531989055
-1.72503001639734,1.61931660898394,-4.04512514775312
-2.18657817003972,0.000254920322299,0.0020624706903998
0.0552640353102046,-0.861965753234612,-0.941851236369438
-0.770573566141186,-0.236491777344482,0.0941377073613805
0.87880597692937,0.870445848740587,2.54436097134894
-0.766324774770586,-0.164594365913682,0.172823486540116
-0.806180203879942,1.18936057776504,-0.620090120535128
-0.0705175956734478,0.61567359270087,0.57810737529622
0.213879330971695,-0.351571301805724,-0.683770773800935
0.473056584729764,1.49749066672619,2.98686212295906
-1.91276218348448,-1.05208100788362,3.22014794780672
0.482228626060258,0.929419700683011,1.57184756151285
1.16408623035187,0.0135857627871577,-0.138251157892756
-0.781970673887122,0.83677102907273,-0.419340671474508
1.09927570201604,-0.971711756455812,-3.16708195117823
-0.521497616296846,-0.216582868939003,-0.149228060928564
2.18982454174122,-0.931630668027609,-5.20997709465338
-0.0912659552980404,-1.80083066655566,-1.46163904369572
-1.13831282041092,-0.675011962405917,0.829239236667806
1.38546877332034,-0.21232805041934,-0.667747797662941
0.373284131500071,-0.870937239884695,-1.43266315080832
-0.667002762787419,0.823851378531019,-0.212909772493255
2.20009279084448,0.229959867569603,1.3213228528073
0.499051571423009,-0.557509989188875,-0.993326280194527
-0.445233306048458,-0.126705510952979,0.0760420994884086
-0.0988790500696867,-0.620752607525728,-0.583261814822523
-0.191544630222447,1.08567594927507,0.566325200114246
-0.168538354472303,-0.13252705499967,0.0697540376018566
-0.243995470169587,0.139418769625394,0.129211298815858
-0.745668453849174,0.152552971665533,-0.097403836238591
-1.46890782268057,0.714693465938436,-1.22010967319621
-0.145859244739846,-0.74091620443644,-0.426647391466846
-0.848774546127897,1.00837306639242,-0.740026157837404
-1.76618384013949,0.943792362799876,-2.41806026944637
0.324339309320185,-1.12071115062034,-1.75563071705982
-2.71909430116515,-0.160034136162156,0.843153400002948
-0.822424545203274,1.33010976849562,-0.900565339584766
0.856645053330569,-0.561104012368786,-1.66632359209158
0.400986950503286,0.454172837756482,0.695913449796498
-0.127864096920914,-0.688619691987565,-0.530833548909704
-0.995887781586496,-0.190254702220146,0.173253113585056
-0.44662868918915,-0.520563576360708,0.0133587603003455
-0.139662066447787,-0.0762766798731596,-0.230514075540951
-0.592118421205143,0.0015574908259007,-0.0749779818091284
-0.695380463407443,0.354754245740652,-0.177987453426297
-0.664915677128073,-0.52036107670103,0.102247090385247
-0.394312463085424,0.926220606204085,0.259899236227693
-0.783113666481899,1.57558524616577,-0.814837446746642
1.51366023903794,-0.644237073258943,-2.70768343195782
0.0981736024763734,-0.651234090793709,-0.711766846696993
0.184978877388335,0.454911276406108,0.501270925642146
0.690338079166741,-1.42903301024681,-3.41305356955415
-2.46866290106664,-0.0815552502994335,0.50225023418476
-1.0762068993138,0.344433849948847,-0.384267296389467
0.616813151437275,-0.434082064167691,-1.05400291984951
0.348594203826024,-2.07453701626876,-3.58548743226004
-0.588576913242649,-0.0681623334939256,0.0867380600364344
-2.29312480511017,0.133980466505294,-0.422300807106301
1.02769501668763,-1.47202458054579,-4.45347203597037
0.0244822112743335,-0.330278975536186,-0.410298929312877
-1.58882886756021,0.0615184994010994,-0.116374500954443
-0.0064267504104367,-0.248616071687945,-0.340841228568421
-0.0918495326961885,0.309965511556958,0.0606896317862303
-0.949142617915947,-2.63654697817178,2.53134798400584
-0.968197759303878,-0.728145439754097,0.886648305746942
-0.925984978304879,-1.45344836626012,1.2904719738703
0.61111657483732,-2.02644602469483,-4.46269352155421
1.41003346721348,-1.25704164631243,-4.80756579499124
0.342108795724083,0.0256767833546907,0.0390759343140618
1.94843050006234,1.97140516268714,9.68090863184018
-1.31437563978882,-0.421095026659235,0.762658265181169
-0.688879502173709,0.999868895318588,-0.355473472909283
-2.28776471986196,-0.314488508771603,1.0110010946336
-0.327956494486197,0.216382290627498,0.0368039481623648
-2.26303468824779,-0.498458228091821,1.61193193969043
-1.87130730535689,-0.343149713885133,1.0086472652347
-0.485826309810996,-1.09283490507886,0.0677908862441044
-0.714837211540483,0.530861852298396,-0.234333243460583
2.33210239249743,0.330832002262384,1.73841255223203
1.5380731107552,-0.0841929303525996,-0.410574292232202
-1.25528670827422,-0.312779414372044,0.673095472003578
0.96228657361383,-0.371512338798989,-1.143329349068
1.32487392699016,0.252257527506371,0.943744800329628
-0.855805729631089,0.277059563315727,-0.242048363863425
0.960474932537752,1.5361767216221,4.48971378666421
-0.0439705022103094,0.795567421420263,0.768922272480408
-0.449270476337965,-0.0044991102850091,-0.204694538104534
0.192468966804497,-0.925041278623613,-1.37182426983497
2.80267472076569,-0.280976431869629,-1.67772615976267
-0.37394855886161,-1.51629587836324,-0.465220588153628
-0.105566124541898,0.292305728875218,0.0740337323510131
0.917238010220708,0.229219797914384,0.750395135152532
-0.991243854134824,2.14408188716915,-1.9694301247458
0.261736113281369,1.78320596696774,2.70910103406276
0.473949385708156,0.402324796853185,0.850601069354735
0.402760834212276,-0.370896401635569,-0.616681629049456
0.518202443946032,0.30690106783132,0.656420767657597
-0.141231847372162,0.544624732465967,0.296198158257334
0.0175201160961298,-2.38406022561544,-2.4080054852855
-0.881673159026867,-0.880635340820782,0.696127403165324
1.21832540745909,0.2190375786972,0.58152654280414
-1.26604559478483,-0.707063914168363,0.939010525795466
-0.0403197759848954,-0.2112254057565,-0.0259796785543303
1.91479020278166,-0.603941319973135,-2.71313759690618
-0.0258268253819961,1.83298924126976,1.70850237981125
1.1208799610392,1.19086552325815,3.80224381549895
0.213442470231203,1.8884617760554,2.75539109981725
0.745250535445823,0.169310843903399,0.177987608370957
1.28133797067177,1.17115439711408,4.26215894297103
-0.267177910944381,1.13260315392763,0.612836598907554
0.689546579650872,0.104724598822214,0.28068973125176
-0.263308665563899,1.72042472960138,0.816547606515126
1.82909903776252,0.889284752761116,4.07830409301979
-0.137519918854183,0.674880230340581,0.626845664083476
1.10305645624779,0.0923987858176282,0.179607930283598
-1.31304454613008,1.72101249388056,-2.82349447720522
2.53748303041498,-0.100834835548792,-0.655990168713226
-0.154874676346114,0.847715460951559,0.495956254189444
-0.830439724680193,0.345896335425613,-0.165983712420008
0.652712960192994,0.365981872996909,0.845134001130765
0.216145453557471,-0.675959819730139,-1.15181411392285
0.117245884153792,-1.34869047284744,-1.76955350046283
0.0915613061059967,0.958703803631877,1.08154932873947
-1.29209815112099,0.461041573001258,-0.779574476576494
1.44398172957432,-1.47695411482208,-5.69138379530337
0.118039483020493,-0.710526132607499,-0.809784976804649
-0.389872221709897,1.54420511034404,0.342722091392723
-1.4554416334775,-0.501120287001641,0.942722463617634
0.365853338456834,0.241895428779683,0.38606636527905
-0.291166148261267,-0.746264290517721,-0.216787058982631
-0.620028485180337,-0.538823631211449,0.130226409029008
-0.330735083091876,-1.33578927171808,-0.486103368712369
-0.274712257060286,0.491232016079989,0.190693759988807
-0.712506433672091,0.594837669674319,-0.135347874787689
1.1112526784173,-0.336482137578327,-1.25876476659434
-0.597130085508811,-1.16072524871225,0.289109755665294
-0.698726888458,-0.598870426559031,0.221820745344925
-0.624476445143579,0.740596065319365,-0.0642810325199279
-0.451592663857111,-0.241694698996474,-0.22239328285029
-1.23026733812563,1.12793235621631,-1.59483958063545
-0.618711682985217,0.133336539749751,-0.0475107249793793
-0.959250270181887,0.0413645225332931,-0.142129168097693
1.90551658538072,-1.08084517041651,-5.10548516685678
0.187434699158415,0.552332157446037,0.592225929858734
0.026137040051832,-0.446323866103741,-0.398522802875895
1.21626874936878,0.212364531380139,0.648579077286946
-0.905156551423628,0.714638702589127,-0.645305311209576
0.0789884910295745,0.550402701726367,0.810182460830392
0.226826229264799,-0.976151402859071,-1.29730922622261
-0.775598640197125,-0.685146404013191,0.484573389374429
0.034292128989256,-0.520241542732952,-0.666801299965666
1.47010601250537,-0.688219804244629,-2.79796672893534
0.553797730031235,-0.99093651313869,-2.05406296946577
0.54342219775296,0.168765072221113,0.549653143586756
0.362270300601662,0.646623926505135,1.04540481574188
-0.698814287216193,0.238292120433247,-0.231138764894206
0.43910558768702,0.949271196778222,1.81882072476543
-0.442381931903539,-0.754315429902335,-0.0543239416003149
-0.914348380929781,-0.606880490427153,0.313987865413412
0.628988176307824,-0.524501960926287,-1.39163356223427
-1.75313332995662,2.09706728606422,-5.28252989714855
0.181003572836093,-0.560733100420432,-0.860863031263792
-1.59923209424182,0.66948671400652,-1.39351355280333
-1.35407496482027,-0.298172852374797,0.496422390129305
0.682508039017573,-0.944418365419294,-2.13817229273625
0.511727398758002,0.953383359042923,1.80010232444779
0.330597846851757,-0.900966249649782,-1.59529990702908
0.928799934655699,2.06196420303751,5.79411708794115
0.981871647567955,0.9190232142722,2.60975688560645
1.10654943786908,0.411452654668335,1.35647947979074
0.003107598637841,-0.47564083106027,-0.598151245117452
-0.646410024470351,0.636086813405265,-0.164795976395914
-1.39940584651571,-0.326460908466614,0.542704754775913
-0.68039308796059,0.689797622835631,-0.261758965495423
0.425430274450716,-2.12557024264381,-4.05188135516516
1.23672336891379,0.990384423267796,3.38505050227386
-0.710338258444256,0.125112044029653,-0.0229208381991127
-1.13668653820315,-0.966458004647501,1.04765018958128
-0.227175404986974,-0.203545176657229,-0.193409635495756
-2.06159204128942,-0.177506172906573,0.639097632690412
0.0067193831603129,0.180949872549301,0.347363847024256
-1.0950237848762,1.80741210423024,-2.10916195349617
-0.0333418897398459,-0.358215284435869,-0.463640047150459
0.294994062150588,0.316578644727061,0.479043700816348
2.07547177931136,2.53137384444357,13.0102137675765
0.502849777120733,-0.654620193832982,-1.43466258239823
-0.354738892013367,-0.115146458482473,-0.260638656469905
1.05662626714447,1.84179611293146,5.79609092197288
-1.05974256857517,1.11821144567961,-1.31551920620476
-0.593302804843691,1.20374727385453,-0.196863588337554
-1.07366033336688,-0.249205927581567,0.249293791594892
-0.785787762942632,-0.403239907329911,0.377599645773556
0.437380076408537,-0.160779330957864,-0.287943481209398
1.17174744011188,-1.34983138817254,-4.65346566871523
-1.04213401252303,-0.608080060404615,0.769323693750739
-1.24171673652695,0.165119833917304,-0.336143768875709
0.439829925627144,-2.54919540037796,-4.865906345982
1.88153625741831,0.484434601638537,2.28914592831618
1.03260197997332,-0.945079252516443,-2.77427414244118
-0.199562068794108,-0.83225356722149,-0.518265787095214
-1.22183507016211,0.33994579573992,-0.731433393035358
1.1218379689983,2.14385798255389,6.94272917290448
-0.249290553252233,-0.320924493745696,-0.135285058174207
0.0152526962901534,-1.36565136374347,-1.31909070772826
0.263896835735362,0.375368871218537,0.667353376994791
0.691856007805138,-1.89037016137718,-4.44159601747573
0.942258677432123,0.0964524784282564,0.216039811640187
0.90213819062294,-0.0529595039668224,-0.113746660439375
-0.348888577466746,-0.145780151192719,0.0657680090301907
0.778544890728845,1.39885876580564,3.4509910197893
-0.38028433536336,-0.968024399462495,-0.087968476924058
0.585510849952522,0.348760284341242,0.696329809724268
0.479443239500918,0.0289906066178872,0.0718535516253547
-0.230187784146556,1.08005917126492,0.502661170445582
1.17604887408952,-2.3085489193732,-7.69112121842154
-0.373536939600098,1.87711392869955,0.391790854219563
0.258655859566303,-1.00150302826232,-1.54094085249122
-0.0912409862596849,-0.0161316553268591,0.0655575544601125
0.421456623254581,0.526001120924921,0.988556991945508
-0.367203980936051,-0.468284818528805,-0.0859482422342884
0.863403947146514,0.816238693438146,2.10606759413755
-0.944722865173639,0.346577272057433,-0.360031485668503
-1.65631758972806,-1.99470867127244,4.52114051626742
1.05406848287763,1.03237524254977,3.16452041600865
-1.61326592633775,-1.16303625301783,2.6064804121087
0.14868263919821,0.194327837616136,0.117753696121809
2.42986158439698,0.0652195852023023,0.427124043123741
-0.37914706244557,-0.975165184887118,-0.131642598702396
0.737825239994497,-1.09316482937801,-2.71297084840874
-1.59798121656887,0.812083036465074,-1.84796664737429
-0.144860375507358,-0.397072128954746,-0.219931206364122
-0.293637477557537,0.444229702865898,0.0883668616106287
2.02020824346134,-0.961691238045276,-4.62824702414333
-1.41431411481867,1.77693929135744,-3.27985335259134
1.49408300712246,-1.12810931200772,-4.57243656788747
-0.948177191570248,0.0801380874524965,-0.14872877948852
1.39120969790691,1.22966001725522,4.55295806775113
0.97954710858228,1.52921989947686,4.65189173610049
0.0145293364172642,0.0955440272396048,-0.0240476358413715
1.21695842261222,1.38169991413872,4.72884953878951
-0.299086891072809,0.315829489036374,0.133107753292092
-0.567935971782592,1.14635423731814,-0.111252688279292
-0.873181688988522,1.5173729377603,-1.12107654111349
-1.21846910141753,-0.849179142080666,1.23133786686725
1.20404972159052,-0.781816277949061,-2.68024927857792
1.4512259020089,-0.635305412102546,-2.36674055182184
0.162937817481828,0.233892442554978,0.196057709948146
1.43735937386773,-0.813779501749263,-2.93567689620786
-0.126997651544453,0.358607123399144,0.358748656462024
-0.16618844448448,-1.39314374347917,-0.795294333179855
-1.18773916628048,-0.988338847503204,1.39591732577224
0.825639947046552,-0.666036500387674,-1.76702408304091
0.681307813287357,-0.0879515213581162,-0.34457971817937
0.0994541828145161,0.605871170695397,0.607814117963364
0.130989275598902,-0.12809606734003,-0.225548364342853
0.884546752296467,-0.996949489398526,-2.78103287337187
0.0969694758502363,0.962246862624008,1.12777957494161
0.783504242020775,0.340513526237423,0.906764354999374
-0.850202982406258,-0.307256320086932,0.324550910209692
-0.820706972843203,-0.309356557135861,0.137216039421009
0.276470440231916,-0.376328116273114,-0.563481331413194
1.11878538197193,0.47832534636828,1.61839905593535
-1.12386785696763,0.44394452309275,-0.471508627388686
1.75077114372096,0.0791137851114227,0.288379939404062
0.573079230690807,-0.946799919063814,-2.00639589178109
0.405996206231346,-0.862465204306229,-1.4830978498293
-0.610852211579429,-1.34503869651972,0.459847345106707
-0.073124594760071,-1.39017096212632,-1.23710515080838
-1.06242664407865,-0.722548948292125,0.684347850558738
0.447725813233187,-0.469890689362563,-0.852766430948724
-1.18859015451989,1.32742277119868,-1.7251758955541
0.239257512098723,1.38959064885931,2.04891944776744
1.34869714807306,0.0080605406168255,0.136405290406083
0.773441723021454,0.189562190669479,0.355574244154961
-1.3840916740637,0.595345716012441,-1.2030668996688
-0.0393306365474093,0.0550581812005108,-0.0210032781499546
2.11749582558542,1.10126109881112,5.78040913632565
-0.620639091824104,-1.01663329975962,0.342689966278108
-0.259956436724993,0.118985189383328,0.0043206729551015
0.131217794034248,-0.638178152369048,-0.559604972755067
-0.370979480447176,0.108038794129666,-0.0930700584567873
0.684406236669444,-2.24232828357526,-5.29470329698965
0.392437644702544,2.11242778117886,3.70032600277223
1.41009243268163,0.709891486310875,2.78786374564691
1.32843576268513,-1.19275066157395,-4.27976942343705
-0.403472898714487,-0.262399646930869,-0.0957089335150246
0.58969120234642,0.743502115184243,1.73969486057021
-1.26538643532137,0.456767702652227,-0.671960012044545
0.251455371443819,1.21578832426621,1.79208772857036
-0.158903685219146,-1.45697010935205,-1.04978533362244
-0.34101441644212,-0.910720071879471,-0.263382797244867
0.0997895788066618,-1.2960358359911,-1.57816633066784
-0.279557950653603,0.910117824633715,0.455197467632959
-0.26648260128516,0.387496013792754,-0.0672931880848165
1.6075751164856,-0.264825206695885,-0.952151839697481
-0.609894623435877,-0.29870137796147,0.120410735867161
0.218104722028865,0.558063609412516,0.66327652289213
-0.681630168785124,-0.664340739500514,0.138688279160569
-0.177228483894535,-0.360138943758473,-0.275863230509955
0.20431305796019,-1.59603161135743,-2.17579692632619
-0.82447781386934,1.2141035383259,-0.784091151110749
1.72950623129907,-1.47541811674567,-6.44576360216959
-0.490219133149293,0.866390877363324,0.161891346293026
-0.295187701135936,0.532292173055615,0.26027075396651
0.201006355407203,1.15383820236139,1.61054899009803
-1.20320090294561,1.41183859781968,-2.05114216958794
0.512559179559889,-0.159511130376994,-0.472661736852187
-0.492896458812698,-0.565325484980274,0.217532756056115
-2.31647328417961,-2.03200110245656,7.51387943972538
-0.0930018470564221,-0.316676655546301,-0.380187583887835
-0.473645958383263,1.02930559835551,0.0063322862349009
2.63648689541608,-0.0654045121673877,-0.340210084062894
-0.442326934318607,2.36368728952429,0.265969931898235
1.42460301052194,1.37261148482636,5.23525695811719
0.427236116628417,-1.90812442977998,-3.55991719860531
0.303748107930579,0.82925705514633,1.31070576695793
-0.414415739970179,0.316449200335166,0.0173451735352243
-0.526580415806454,-0.27816764645779,0.101637651910518
-0.91314721981199,0.0981154397316801,-0.191525411303786
0.608280661667324,-1.20037760645055,-2.62358089229559
-0.043713395748073,0.573156019136922,0.393761368732188
-0.897312911662953,-1.02575733378473,0.829473849820446
-0.661427301939213,0.0142058415210515,0.0624004991447741
1.96663293846182,1.62147559052252,7.91499075425613
-0.47696460794271,-0.628788318783597,-0.0647721548838008
-2.26829121442724,-1.02339268682038,3.68964341464723
0.279165858519431,-0.34616007832646,-0.553731299142555
0.570478642129278,0.431335036211727,0.822045666020866
0.541665607636044,0.0718626065338793,0.13835408778832
-0.891021913446865,-1.11587836469621,0.795067942685057
0.49015543237079,-0.0538170917468325,-0.114212414231635
-0.581480857228464,-0.88473761712993,0.0842373083974189
1.48311105282706,0.655431183694009,2.43608722153815
-0.782741429211726,-0.219372192684472,0.194097708451015
-1.03538810944042,0.31973414201223,-0.326142595039387
1.46153003571523,-0.915599331847505,-3.66533610702856
-0.388418256179872,-1.18888084045945,-0.24989688891671
-0.455826473499223,-0.402426542209386,0.124957534434595
0.393169877179787,0.434146724721135,0.995042738050689
1.93449328628642,0.334178239978957,1.49284726397304
0.458771111371215,-0.964081569213736,-1.75485896957284
-0.322346865206679,0.684691722431118,0.237989280247518
0.692474459571135,-0.99902967622629,-2.35481045583219
-0.138952119364435,-0.915231077522648,-0.609796102834365
-0.535843269927969,-0.890930696682474,0.263203058126819
-0.49384056606322,0.535103988445798,0.043063655596161
-0.253311814290158,1.12219785420967,0.600476518917764
0.424044290044411,0.460756555873841,0.68364512143396
-0.644494366407491,-0.658947782410944,0.0063757727275639
-0.718825617691794,-0.0045839378167659,-0.0469322852973244
1.32630568067171,0.402172613998034,1.47077952767299
0.0505789676130522,0.603036237631766,0.689429334681861
0.0530763973426862,-2.12826349051352,-2.35869561141918
2.14034136966476,1.09284442155152,5.77216344240846
-0.123900200398263,-0.791860053438346,-0.539227867548294
-2.33067840728021,-1.50886775460382,5.44658819923406
1.29474444620496,0.0767427294843219,0.311115360836542
1.0631013346318,-1.2835836574317,-3.97092007292154
-0.1705131418647,0.217834751828786,0.360416693879996
-0.489386871454397,0.248239166135716,-0.0193196894863297
1.22704886010105,1.1427918963406,4.13608250648637
0.730950983244799,0.0022514880818281,-0.0121881730424638
-0.629082688486625,-1.07131562058899,0.296771796411938
0.553714982280783,0.224152339950757,0.56261142245703
0.361983061033543,0.864215155437312,1.56402759486928
1.14620103754314,-0.272127932313659,-0.960461318444687
-1.61572809452606,-0.705827831919351,1.77570957506447
1.65661209482544,-0.197509779206782,-0.923788926318594
-2.20475853219345,-0.294194738898877,0.981559698093095
0.336791292164816,0.283587505105958,0.451124211666406
1.19746394579876,-2.15457400654399,-7.36836448043098
-0.65356894218006,1.01457564766293,-0.243305247228412
-0.223942436426918,-0.819331626409731,-0.635366706655455
2.0492270667221,-1.1737296967533,-6.02691584638333
-1.40791281021535,0.355115091956855,-0.608021711654925
0.943144892426453,-2.18857982347696,-6.33993058648877
-0.432414909399371,0.549712169594698,-0.0697245494934095
0.383472322444646,-1.10328731889979,-1.71520320705335
0.210651841624076,0.273989733757295,0.228900441349092
0.185327108863497,-1.83140601700452,-2.4401317757427
-1.53367836961429,-1.39412829300336,2.86262456958059
-0.614155871033953,0.814782304312077,-0.262716305758479
-0.338469112507618,0.862807556790427,0.189559492949355
0.953166891300003,-0.126501355999701,-0.373164279108915
-0.41280940068164,0.476196242699841,-0.0640198334786142
-0.0590395202320474,-0.786085664467566,-0.587919007044021
-0.721035178828967,-0.203509690763237,0.162826585579318
0.359291631518765,0.125854583147393,0.151720979480235
0.568679545358638,0.204329524987557,0.409615250471034
-0.617191075324263,1.68795101468895,-0.306605548889262
-0.429660077206792,-0.899445317456237,-0.190242331173877
-0.39008910546415,-0.62858781183429,-0.066699232358113
-0.397584322143022,-0.390331124434613,-0.0596709106045178
0.322288353150636,-0.686343514287534,-1.08533008421871
0.577545597554039,-1.81367615861494,-3.91495239413045
2.38612047745569,0.213800026389591,1.17766154265669
-1.55941381766804,-0.419587881138282,0.945477371565038
-0.957383058587536,0.383448794474087,-0.342542837589464
0.299869414981544,0.320310968682136,0.535220529777546
0.714401901476735,-0.892525435512335,-2.21738233268513
0.408760685959021,0.479421606064152,0.944986450803235
-1.15819862113533,-0.389761259833235,0.415811876439394
-0.0002578338660517,-0.60934461168346,-0.889042015594775
1.0807147757089,1.25882269032769,3.95465983027746
-0.458346860676504,-1.91819142121924,-0.260850507993633
0.301629462156352,-0.955588411145325,-1.54405331459649
-1.08214105743025,-1.62957279710936,1.86944685105262
0.10260284312614,-1.24749185650693,-1.51562278092318
0.332869202430472,-0.167894250524442,-0.183385234874464
0.158982272669662,1.22836072073023,1.69892784338933
-0.924443691769162,-0.155823994755342,0.161726181307739
0.66910441486746,-0.775272506335674,-1.88213659572945
0.47194742972824,-0.162190953096135,-0.31944507119436
1.07270158980729,1.58540138306931,5.01258451028906
-0.354174799654243,1.72594804271591,0.550280801861367
1.67252258140283,-0.777721182796491,-3.33890846791056
1.34288626254765,-0.104541972889755,-0.548306936792723
1.20047365438235,-1.12281623758413,-3.8935784592634
0.0857628697517983,-1.61434464541466,-2.02952845824219
-1.47277977428203,-0.3502550166221,0.540452352752064
1.58495713598749,-0.502978500275841,-2.09931740571036
0.261205238137905,-0.355598664862599,-0.364822718902837
-2.02235671770449,-0.460021205900883,1.39396876056594
-0.723265910610809,0.250358070485309,-0.148543483396368
0.483720497113631,0.950602024896528,1.93052516628006
-0.106869848325212,-1.22147848956897,-0.945046624296333
-2.37259845546883,-0.0072748366614645,0.0438723948444095
2.39570319718691,-0.808787218849277,-4.56260547090184
-1.4588024341184,-1.1928028460163,2.19636876127055
-1.58881879798935,-0.951806857841016,1.79598993284126
-0.77485180512386,0.424469510025998,-0.158686082874944
1.00609909120754,-0.622606732860687,-1.77328645919087
0.860108258454399,0.555963745035035,1.49073433023983
1.10956333989278,0.361749112533757,1.25979529532147
-0.0047330829067136,0.539626088681012,0.463114487202088
0.621948695457369,1.3162533934971,2.87212034619064
0.821576356720219,-1.18006186952877,-3.18333545287409
0.0454080297339895,0.562778690936492,0.68961147960571
-0.304217987469764,-0.887674047540945,-0.438139777334312
-1.03689785493515,-0.381760816513599,0.386578982947928
0.530424792703504,0.402689986389384,1.05750527065591
-0.0281779300880433,0.530251646320061,0.460797802191921
0.256764420147795,-1.65067776067065,-2.47412165121065
0.60549455333509,-0.271489358010071,-0.482350191389305
-0.543319775892644,0.0087615569423211,-0.117123951492707
-2.47662424679586,0.121949239589182,-0.440759350037991
0.530442813627601,-0.132855852286613,-0.351034758690633
-0.52184394899359,2.17358840419555,-0.0969473319012688
0.0267349451465511,2.22026024334429,2.23665656307214
0.764057748172985,-0.692336431297051,-1.79710347007172
0.438534816317158,1.90373294131393,3.49280457558794
-0.16665815468074,0.792670924271084,0.536912152490898
2.44090393978362,0.365131682078688,1.94077662945617
0.614900237449036,1.54098580478693,3.44676386198105
1.50399532799395,0.234818155970485,0.953342559157645
0.565231810886453,0.119961826042677,0.415557403216886
-1.48308998428588,-0.580876088075886,1.07875458130615
-0.851558685091548,-0.188790086719644,0.132294570583162
-0.714884859969962,-0.0951389188808228,0.0085814834260313
-0.32768772427487,-1.11129434027446,-0.121984425535617
0.915788104918875,-1.25845602771863,-3.61229494574825
1.14626159324595,1.12652406431499,3.66646162526747
0.42623484854789,-0.90014137088775,-1.63645014105992
-0.587472319329755,-1.02009799314453,0.0941801864498672
1.04123879077767,-1.03989600695304,-3.22386528412834
0.0355845316235781,-0.893262410667517,-0.810995758242714
0.996868082885143,0.256177860902673,0.738836172662082
-1.44867809391061,-0.514370356313857,0.921623179077918
-0.711607873467279,-0.71400506771532,0.292185449435363
3.12124037292288,-0.651888660329124,-4.670798015011
0.885824364793875,-0.258071821422515,-0.694839688497545
-0.837766968538748,-0.927679596636029,0.653765627976995
-0.63137238680646,0.33892795790791,-0.102735207605936
-0.852047756916432,-1.2484666218348,0.732616988134258
-0.269668413285267,0.830797525629845,0.285704239113625
0.152488309146169,0.185171774370786,0.370077610996285
-0.492069023403207,0.843900461297325,-0.0937061339682196
0.587562985321344,-0.581378083754493,-1.22939372389449
1.89419973553128,-2.43857554744155,-11.760294953448
-0.709757484854588,1.88136210826728,-0.701957859036399
-0.952010196882388,-1.06805652249642,0.972574733973428
1.13326960963671,-0.21749595701357,-0.777022080282741
-0.753484412806672,-1.61655244556183,0.854763240402478
-0.340354362146291,1.04786655060772,0.317942318595358
-0.0616889116207282,-0.449870595275328,-0.355749189608553
-1.06343783348553,-0.934010567968773,1.07484046331657
-1.16041496742403,1.41915047418682,-1.92468175649349
-0.453637750803117,0.865754658203986,0.0090830997132856
0.375940448790396,0.509561775498304,0.848523683821907
0.223440685169061,0.633239515500245,0.94281989638663
0.47748244770994,-1.33553632576182,-2.60113226991382
0.237659800906541,0.664096995212629,0.832314796420957
1.41792163627123,0.625986106714024,2.40923515801943
0.590639513411742,-0.302910709126341,-0.603517451378969
-1.18032323757211,-0.495994296953333,0.408113877373674
2.1244533023934,-1.73765920786213,-9.13884503241263
0.161962241506141,-0.114523291225376,-0.228111688978426
0.403292459566807,0.244886223855437,0.230144488570394
-0.579331919118778,-0.974378641177066,0.287892512995957
-0.032806405639463,0.600913912892801,0.66223344443039
0.825793595810671,-1.47411728347878,-3.89170378397828
0.134487203235692,1.37294140741284,1.77702497758244
0.271189651509782,-0.612191315183642,-1.03684576692379
0.350935626430419,-0.265953405818289,-0.538040016423575
1.16522098094912,-0.728064309583742,-2.36829425199181
-0.127503943132644,0.634930982729397,0.215081954857984
-0.0043415675069587,-1.12622714095379,-1.13453940431316
0.179553241427574,0.809134474667314,1.16988275371355
1.7368219184984,0.849549814986912,3.92500771088794
-1.5859512340135,-1.79136320622007,3.94583585314081
-0.599038109321662,-0.814691531375393,0.199574194954969
0.819244354753892,-0.0431760642273806,-0.142838809893733
-0.145953996323823,-1.0853468082464,-0.750216360641957
-0.0596326314710922,-1.25839384925913,-1.14509361806611
-0.570346662130035,-0.50271665605295,0.0682141023874054
-2.02554367612591,1.72028616288451,-5.39850873850115
0.726683608780497,-0.743142116586289,-1.77049685426854
-0.293853231985278,-1.46566838139928,-0.492553904725931
-1.29621719101744,-0.341469939954976,0.66268392756071
1.37103343696827,-0.743173126928661,-2.84635506074587
-1.15601990714651,-0.313963449138586,0.442558621661603
-0.585364403785314,-0.421923233443173,0.0422858755554865
1.07352548224934,-0.639968001146434,-2.16494739753956
-0.284669381523054,0.0435694897574953,0.145960639892459
-0.907976859919811,-1.71740666044853,1.5427639211104
1.30617971974795,-0.793562325127149,-2.90707972092877
0.760075496562201,-1.02637054720468,-2.64349520011201
-0.650535496949762,1.97230070245444,-0.451452962899677
0.980519860752131,0.519124445217272,1.48322871855549
0.573746866294103,-0.345128462588512,-0.778388643214984
0.881399406635969,-2.54431804329645,-7.25235896229877
0.409331389700325,1.42931005430251,2.44998931138513
-0.465570346814058,0.767042505786677,0.132722196343131
-1.10416079312292,0.133079844947038,-0.111635985709099
-0.0051063618598757,-0.461789943884607,-0.545525678960448
1.35102185893413,0.172019670919624,0.646426847841688
1.27936797029442,-0.778014789742593,-2.77726506902809
1.19917682580811,0.565226641267183,1.88070588942183
-1.48358737906117,-2.68215414856393,5.54965532128062
-1.42082088893232,-0.351753856428721,0.7416721690348
-0.319862573121341,-0.309937052444602,-0.265141783336447
-0.909693760547626,0.157390810026589,-0.199762091354794
-0.0980849666818853,1.74303270223202,1.2096875717806
-1.47716665120227,-0.434118966897428,0.906886010620802
-0.457583509301989,0.532650632793251,-0.125253033654695
-0.469967672940883,0.396235702853691,0.0947473009814464
0.209724126386801,-0.894734433901655,-1.13137550621915
-0.76332963274417,-0.696717863226028,0.534908394977098
0.310743829793793,0.630025072945336,0.90147760568054
-0.0109158769201896,1.25708597595721,1.15973524414198
0.6951590203239,-0.548372676293347,-1.37062058129072
1.23176340399792,0.653806300574674,2.38484726104276
2.15914980652864,-1.15100499523307,-5.94386726956601
1.26771137228918,-0.130859897096007,-0.336129361227389
0.616845607172842,0.353138053502404,0.812457994093513
1.3367326568158,-0.730132155834656,-2.7802352816248
-0.0513202719126615,-1.37939553268611,-1.19796960778702
1.14424248248967,-1.47701595003119,-4.86542318915911
-1.14137094256769,0.687728171115902,-0.7765485546109
0.245803087349718,-1.53303422201543,-2.19331607921187
-0.109480594171843,0.0288502322149517,0.191152737158446
-0.86861466363715,1.11265780908796,-1.04003918329528
0.410935088880159,-0.779960005648573,-1.42849138098411
-0.784832720587251,-1.30723676423895,0.735452471741931
0.67799026594336,-2.64955793219194,-6.14958855274832
0.974912194111011,-0.233178254631076,-0.584515280133592
0.695893477206496,-0.657264906098398,-1.542445955552
-0.313062187233837,-0.162016445276322,-0.0300110573502118
0.0139065754543353,-0.141663229352151,-0.190830185917963
-0.668705281395804,-1.4695353302004,0.468383057257995
0.21176463328894,-0.399421162735497,-0.753642052499112
1.17587312474939,-0.154560221822451,-0.573095094093102
-0.526703326873028,-0.280186314566085,-0.172660411500451
0.73809169803468,1.68903590133412,4.18525264360964
0.510243667964219,0.0204486779908368,-0.036448251636161
-0.270062164664826,-1.71469036603986,-0.83278974696876
1.33794357433137,-0.0267448649945724,-0.176996769460406
1.05376237708133,-0.870468638133899,-2.40432409681893
0.318023053665648,0.812346087728257,1.25354570244674
0.0216729273845684,0.342629254122234,0.429192723481565
-0.294993213089363,-0.882394987392478,-0.402877435716654
-0.363340207145993,0.416685032547472,0.32216745993625
2.48874064596659,1.64310271181137,9.73765578730629
-2.2454604772399,-1.50159691191306,5.42983461420945
0.388595158987408,2.42983852301805,4.29375845295168
-0.48179620781095,0.328226862007501,0.0781979695670774
-0.274527324302058,-2.26618381273741,-1.09112450739845
-0.289991927986044,2.3047546351997,1.06124749412364
-0.0760275662579106,-0.454029019476411,-0.162302902749978
-0.424517602730752,0.506635858319987,0.0872486410189736
-0.788852230071625,-1.31509937222823,0.917301711742769
-0.521022617721104,0.178161569913926,-0.0558404951124293
-0.42876159539955,-0.345560044380119,0.14509963360503
0.232835983955128,0.412630252843969,0.400417416866467
0.956989830269903,0.71807130046899,1.87939553407933
-1.36972796016095,-0.0092211062913655,-0.049478910514908
1.30256039432201,0.948567944096984,3.39803470694908
0.523399487231553,-1.12973925405571,-2.27228978695653
1.26906837581782,0.501921132483152,1.95490657678665
0.584543461474881,0.200598235163783,0.510214734063328
0.374176103510932,1.06617736911873,1.77203343134741
1.44316516140106,-1.01582619854745,-4.1013169794823
-0.301683476856944,-0.542443014059557,-0.275180232877949
2.76964131711037,-0.576151968387025,-3.7267179543765
-1.36440742124029,-0.156986104992561,0.436567174170381
-0.254014364853232,-0.280524962348883,-0.0646919432697751
1.92703629043,-0.893151302426632,-4.34306710106574
-0.752944450891668,0.336225589596794,-0.0952166688705039
-2.03647683736471,0.68827860823289,-2.11349403015724
-0.0989563525101991,-1.38124615889631,-0.997081167222735
0.482557097610184,-0.174789750454214,-0.269154675523806
0.41511072974672,1.22507828922156,2.22735353599798
2.63975853380812,0.65925517012495,4.32931413107145
-0.303112003767592,0.0511965120909602,-0.125158945988656
-1.72802633322948,-1.09917608826616,2.79303335542865
-0.234775009260825,-1.91226031295976,-0.994292285687591
-1.03910505432858,1.75153739454215,-1.96133064862759
0.127632536545649,0.101805222186077,0.251290659511562
-0.761699985949636,0.472302432495076,-0.343019384067614
0.13444909031528,-0.756348864132228,-0.920223642488311
-0.0091449612527182,0.840989452110983,0.783138668706801
-0.822124186507629,1.65121532230944,-0.919094671350763
1.83167807046727,1.29857138283909,6.08524539631566
0.14482764962917,1.25486490325714,1.52222794738543
-0.708450560377052,-0.831093222043143,0.399256240788
-0.349334567940304,0.266311720495266,0.0460890889954767
-1.19979649334446,-1.1654487609369,1.82697784527823
1.08843090456237,0.270531344515232,0.847284060147744
-1.55369140798564,-1.16102111663288,2.415114522862
-0.839530893883449,1.90818658135959,-1.3072594691648
0.699898206601185,0.65747894221456,1.65450123749879
0.909357081858688,-1.50232270527814,-4.31222067846305
0.524470013212907,-0.937432956743942,-1.82567090204174
-0.0996928336690581,0.185814378613268,0.184343986793121
0.975506862886099,0.222843406604047,0.677828710348734
1.10688343075781,0.151167911962351,0.447678924150435
-0.345234214079934,-0.911282873329207,-0.185989019300493
0.426068293873069,0.137567199252756,0.334818314085735
1.31794471959527,-0.0982102860949631,-0.362818101673597
1.86263442384363,-0.285065671596498,-1.52384400123178
-0.244129700507236,-0.354955389301186,-0.362224923183988
0.15012444229251,2.20336365102068,2.96318720347284
-0.969836897385465,-0.0293502505602837,0.0593229964604754
1.53236624680465,1.28691913881844,5.1520414881923
0.79006978245741,-0.0119141918069397,-0.115075241631154
-0.925196377111331,1.22186951741072,-0.962114072003624
1.74330698851104,-0.0087512154075931,-0.11297055784639
1.73074687317262,-1.14627077203127,-5.15526810077828
-1.0596455340721,0.195596582311899,-0.175406753335417
0.315003877970928,1.22124992574825,1.92343566402785
-1.61309880588816,0.848938748921918,-1.65040273928757
1.27002682751759,0.241156830778504,0.889780789807342
-0.100243210527437,-0.10576593468441,-0.0795993322062224
1.17011644108705,-0.0943967050568382,-0.269571715959768
-0.887138455401875,0.278666000396028,-0.358920631865979
0.148810461651156,-0.0856158688631303,-0.22348702337056
0.393379102011963,0.383397338799514,0.641111508776294
1.04399794364954,0.70344066863446,2.17772439865746
-1.69779095200393,-0.248968805886879,0.474053078563251
0.605433178757342,1.91965645735268,4.28576743045802
-0.0745621047150107,-1.49094120624934,-1.32748437266904
0.440941825016125,-0.151674631411989,-0.358122008473266
-0.415281602642877,-0.94631606734925,-0.231124346042723
-0.530407162995506,0.679921269580707,-0.127415778036143
-0.381512284771743,-0.018338095032319,-0.132515398467758
0.614404607119835,1.30003325920924,2.94766680141928
-0.64168513186049,0.0528071261459467,-0.11998581436007
1.37160183819987,1.39652235601767,5.19642512034729
-0.222446387411293,-0.214540160420356,-0.0960390626595702
0.0968092706663125,-0.507970496615833,-0.829691599672213
-0.223392752419265,-1.01140107823872,-0.59432688574943
1.83927169440629,0.292490176847367,1.58504097201219
-0.038938921614291,0.700389379781322,0.68198849049648
0.648994196616736,-1.93626891163062,-4.27337962986925
0.820988076329696,0.172765811393803,0.36524061446248
1.16664226025677,0.487704612324681,1.6851411818894
-0.788105462914751,0.570767727058246,-0.50234304596158
-0.463558485202865,-0.791313736003544,-0.117684359457485
0.835153298256117,-2.19178427238426,-5.82514089206956
0.51427317337894,1.43801663036688,2.96162618883971
1.06928446199373,0.409065542009996,1.20654936582361
0.316612868338333,1.05308551824998,1.79420175757584
0.588870789418321,-0.785563198166467,-1.53976349493665
1.36562618166536,1.78414775240763,6.58742847186861
0.659974142284924,-0.187956645787571,-0.41926923193395
1.3258110053179,0.336759233143392,1.3681264715617
0.204023608404776,0.317492694191679,0.417089971279245
0.82458514802572,-0.941528638849373,-2.51408561301971
0.760049128721587,0.757323776519791,1.84829498677295
1.69932074908349,-1.21004606027359,-5.32475284304339
-0.329862863671994,0.229981968841574,0.0468378860099407
0.153355072651853,-0.986927051326782,-1.43831674219516
0.759433152998961,0.520475556748023,1.32387229068996
-1.35494797688046,-0.284570998250317,0.584442610651975
1.57660314075766,1.0063891710193,4.36323852956737
-1.07789568694095,0.229579797910344,-0.202231564760573
1.73691895454194,-1.43927456829031,-6.50566338883233
-1.38531392384357,0.793052793953974,-1.58565576963408
0.402624795958216,-0.594354145360422,-0.968939306183044
-1.67170680442961,1.57139049226933,-3.7606025797614
0.685760368202305,0.25395662316277,0.607702793855703
1.81614935000864,-0.867176638033341,-3.99349503620292
-0.465249671859552,0.601097523869359,0.0412622562803691
-0.833507666834362,2.46975973655739,-1.47879117585329
-0.150728467380715,0.386957602022765,0.227888650801009
-0.420725690267331,-0.130095546275005,-0.108514852972696
2.14840792700061,-1.99386751210534,-10.5379772887748
0.664039740971266,-0.131831207481616,-0.395380566397403
-0.421440345706524,0.482991270682291,0.184723051242228
0.354956882193339,1.35843490903452,2.17013354507873
-0.738305515433342,-0.380385045384654,0.14038992336853
0.588528625191772,0.441298317365607,1.07750089584898
-0.624072067092046,1.78527629560899,-0.453509448744627
0.379597222805423,0.709753056724129,1.30651705777387
-1.71505109905544,-0.991023496080161,2.57593146202807
0.301222998367324,-0.457162995776981,-0.806677502145811
1.33141878488643,0.137746083991577,0.613483361294297
0.657792053529857,1.29400096672264,3.09569097624306
-0.330409799752837,0.383728096708183,0.086320754777612
1.03054538626703,-1.03436414869625,-3.17307977802613
-0.0275708162686796,-0.51896920369658,-0.502295366861933
0.898812647702086,-0.001298007186287,-0.0954855343380707
0.892289996435495,-0.169830335128733,-0.500703253543474
1.0176874317515,-0.827919461629727,-2.44242207612158
-0.627080075368312,0.157454720541695,0.0323763629424662
0.718583253102574,-1.15476160769384,-2.78327164424772
1.22025261201397,0.275944290884354,0.932743220630577
-0.127484866547031,-0.135923447546478,-0.184972003972775
-0.510233595477187,2.14122610457927,0.0054121321372107
-1.84514937310826,-0.0414316734938516,-0.0685938720552607
-0.383530435329483,1.33252029109797,0.28902874455991
0.0802158363355922,0.865853617888194,0.898807807570555
-1.71144581250143,0.562097696782319,-1.25929957856606
-0.429471367991648,-0.203471352253667,0.110317489712868
-1.19781755223686,2.47214777572668,-3.44520546789379
-0.51693017888596,-0.446105575239329,0.166941856272637
-0.198503316242496,-0.264694050226512,-0.141475084060024
0.355404995287309,-0.114795881055248,-0.0419114066645489
0.756696095597381,-1.53720080961521,-3.98087514638868
0.788482999190889,-0.636654189596563,-1.64277854410015
-0.246766166957776,1.08885095620034,0.412712868447695
1.17047495995108,-0.698798528053588,-2.34650293712045
-0.922565585240844,-0.272511439556439,0.408324004896942
0.471877178048023,-0.214732095774975,-0.598497176096909
0.36151670219056,-0.389240006673364,-0.71892117381874
-0.0676094507925798,-0.541838826596034,-0.426434798594171
-0.861857634227557,1.12228183641621,-0.876956116512773
-0.341760769256423,-0.405451584123381,-0.20795147474204
-1.38258532446005,0.0501081019047483,-0.0658484612926468
0.658156145962734,0.885161002691506,2.02794202008625
-0.49521890343494,-0.554052268042359,0.0663911626791912
-0.533346941099973,-0.503304881649294,-0.101778920448036
1.10535747768588,0.597678268410427,1.72776518672674
-0.753485666696549,-0.403360367716308,0.197770964170469
-0.181671837988772,1.12478761610527,0.540386820659618
-0.930973846475353,0.526584507147459,-0.466177836113911
0.285400035313208,0.397868368870832,0.705706602765354
0.455731063137362,1.09037261443358,1.82982328285851
-0.164741025894929,0.0607269064418432,0.145558003861645
-1.43435289365181,-1.48733001975245,2.88824748307809
-0.817069028771414,-0.221654694066383,0.0988160681171531
-0.47908007033285,-1.42371943567475,-0.0922589246020681
2.59652698523355,-0.0743877986770142,-0.493975179672859
-1.32243203068901,0.487351096015838,-0.937832157278029
-0.561252973992175,1.09656372779283,0.0026533087862151
-0.0720006003377088,0.923366883780154,0.850305824686744
-0.455420005549424,-0.833486949350012,-0.106548173004627
0.491016122265643,-1.66963135664217,-3.18623529906365
0.402471727870726,0.0602961839171755,0.14867553463244
-1.67788878832602,0.397966674064337,-0.802665388280161
0.159520133869882,0.105475588718551,-0.0720948233460783
0.967292261096254,2.32498284267561,6.84072500797495
-1.28726516193275,1.08913230867866,-1.91421507823957
1.87545864053474,0.0529993252412702,0.212043876893423
-0.0705644241967106,0.132958114041343,0.0910519273246078
-1.11162439124915,0.932514627619117,-1.04085691567132
-0.676723453746282,-0.652641917064021,0.298605289121428
-0.544687000491948,0.157170631707983,-0.121076246608627
-0.494449674600701,0.198205907592461,0.0463528831938631
0.810910586570203,-0.29022393546953,-0.702497972265297
1.54671184403276,-0.0449571046255015,-0.106626883902306
-0.109489518409923,0.964127111084083,0.711636216923108
0.318722131450419,1.49558577764535,2.25676337904054
-0.6719366449881,-1.04060859197905,0.354453745523951
0.412145264038668,1.21990230452078,2.33344045282906
-0.051276207937018,-0.846019694422137,-0.857795652015685
0.563813856160971,1.21916765634193,2.64132408124969
-0.406338771194089,-0.868528351877583,-0.110193441068185
-1.13639092630592,-0.65310862364153,0.992485262947366
0.0130409338652285,1.22236849571135,1.18481211198201
-0.529158791426712,0.745293704472696,-0.0620692419219
-1.19243065428413,1.29854331837289,-1.87000793185784
1.529947341371,3.03114679974703,12.4189479924433
-1.6173096349843,1.96849709931449,-4.26483634138428
1.07016677787975,-0.518620249439186,-1.64492034689646
-0.179901708328369,-0.641345548466659,-0.520581282749293
1.06801370508875,-0.115080463685812,-0.330287935907078
2.2626024750982,1.05881822506961,5.90343096455368
-0.361953929729857,-0.750353607175845,-0.360083213534342
-1.7164774697362,0.58341997264004,-1.36219818979883
0.83794856404393,0.0728088411766751,0.182145911969525
-0.658009396181608,1.27932010912418,-0.56784606570252
0.947211523430013,-0.385215083392806,-1.30871850651865
-1.20272768367207,0.755965196822467,-1.0182758453637
-3.19733707915021,0.936408460758076,-5.16814066426478
-1.64522975916333,1.08471712122005,-2.38392315864772
1.10645806079935,0.793241117607838,2.62847622749532
0.602463057350609,0.341069997465328,0.925564364713366
-0.286729765220239,-1.40675173455719,-0.689203808189933
-0.496072278029997,-0.524943678683457,0.0156977452264663
0.669275180549653,1.45298195590939,3.41910341420499
-0.314615106215708,0.446153594764148,0.192844854450346
-1.12457519531204,0.601680556332105,-0.888297330117449
-0.179134776502276,-1.17334500601178,-0.842233804696303
1.39868036537811,-0.729245562940004,-2.80196743045072
-0.942308521982335,0.353174200239027,-0.247490375015338
0.230693687961162,-0.798538643538955,-1.19432530144666
0.0086436813216518,-1.10979765285662,-1.05226947867159
0.956685228285686,-0.129135856903713,-0.335764350799453
-1.74263278988588,0.429490476097753,-1.20722570766094
0.915491142719738,-0.134207160578646,-0.440592383586705
-0.245407078304988,0.418014875052619,0.206693515409994
-0.127483021196199,0.876298433684418,0.774135439396917
-1.721041065842,-0.124751915454756,0.387232671250651
-0.656442566803924,-0.895258857303025,0.156858752262343
-0.835185043024124,0.326435534287866,-0.23160526329963
0.766943736866813,0.948236687644552,2.33199901398712
0.753288367269012,0.335303585049375,0.810855311235192
0.0376477052563789,-0.316062467535044,-0.495202989385445
0.956950049654575,-1.91340463032897,-5.67405273259263
-1.07973370301932,-0.188958597179414,0.313243131235902
-0.620526341200654,0.967177281681346,-0.120780835513808
1.79717983902283,-0.089230175408085,-0.320848182255316
-1.6522192524963,1.8603647313873,-4.22311765793478
1.28128932587241,-1.28514559424484,-4.51062129334175
0.217726681436456,0.831179699181869,1.0933446980608
-0.570292121121548,0.515700916119615,0.0130283828331263
1.34149412534994,-0.544917631656981,-1.98719501081285
1.26037880402789,-0.874724002128276,-3.15550666081747
0.239406514224773,-0.818189603070286,-1.18999485787426
-0.463395832382816,1.30736930307168,0.161241874111284
-0.677506400771646,-0.759395438769083,0.349394139657498
-0.533892705970634,0.261086568512694,0.0239792632429608
-0.100681121652303,-1.76941211117021,-1.41398464224489
1.89441785363545,-0.165361075670578,-0.656157964588978
-0.526693183442863,0.78216033341653,-0.126896014621216
-0.882799183213498,0.29196538429911,-0.209621455916805
-0.0590209768418359,0.421052936218968,0.346400292582154
0.624689721305736,-0.670107575957794,-1.43417688376274
-0.495082943501022,0.576585150787235,-0.0514884690574077
-1.15541790194504,-0.864367550564239,1.12242053582583
-0.67166020525614,-0.419092006396564,0.280069464902694
-0.694540388272707,0.115405462543353,-0.0307601813664656
0.572744820698272,0.982396685463925,2.12738265586832
0.714862862812654,-0.270719080613309,-0.759112267650168
-1.05554294246055,0.804870283701132,-0.995898225729699
-0.363924683975911,0.144717373069815,0.105163836665813
-0.0547837138518173,2.07393800464593,1.79790813486345
0.02906471361909,0.698102232578883,0.825240826576155
0.351357484375133,0.167077664909963,0.267196088944868
0.661230000565555,0.432526289441495,1.06830636219036
0.664489264700888,1.9165133296316,4.40210804136583
-0.167578344562017,0.182677595421193,0.0103440558830916
-0.339456926141659,1.02403259977363,0.390614150012791
0.201063059060548,-0.126502138641244,-0.23260622610744
-0.0282373641405571,2.19060818788812,2.11568869601892
-0.171633522639652,1.41578500376609,0.962045507084523
-1.63298588747215,-1.64101699710531,3.56961582875606
-0.158757187488452,-0.802440371660984,-0.647527854833292
0.574458404850167,0.730690768809218,1.49107575880415
-0.774516922889014,-0.230816490929638,-0.0310841783261891
0.498731096909252,-0.727925671040365,-1.39123848878982
-0.398528623833647,-0.96205274063389,0.0847662663533819
1.41257374050747,-0.372715114228682,-1.60441732798639
0.663514904051322,0.820984080967698,1.83871894316831
-0.110377020312298,-0.412843022795462,-0.290275468153612
-0.88254282955382,-0.0066728059019977,-0.0232070561230864
-0.792081608137381,0.686309819400405,-0.454833101209398
0.539675540208183,0.810888372965026,1.71620045797082
0.35422665142134,-0.834259492070051,-1.36332272892471
0.21134894399249,1.51326696737847,2.16638039435396
-0.899489622864657,0.570076710668746,-0.479593904829059
0.547730425014328,0.917656240358878,1.72268386524705
1.84544294368286,1.24252416509248,5.85729340278951
0.386030606763822,0.0590529013327667,0.16402557888066
0.61874294272996,-0.0042457345266939,-0.0717029489970186
-0.143098206425285,-0.674236168023072,-0.375849541937071
-1.7138611269864,0.278123805885506,-0.571993753949134
-2.0099380961257,0.214998700945626,-0.485522991883115
0.348621490993798,0.608505926053886,1.17405160472663
-0.277440419182759,-1.83260926417243,-0.841222093874111
-0.516414141541191,0.310813301338271,-0.0572526140683665
1.6293536881314,-0.491068083082329,-2.00307506994096
1.99888132543055,-1.12522687419865,-5.5740563538796
0.14735935124341,0.277776727562605,0.358681862186516
0.178370446568912,-0.277710941597691,-0.499426392754144
-0.0527857344844605,0.285664015876371,0.252930888148843
0.543678339954032,-0.466135316638055,-0.951057492782688
-1.47941803191178,-0.112647786350991,0.342775464010661
0.42325103876912,1.54042586149721,2.69856593882292
0.81403936824181,0.917949360700028,2.55066066675437
0.869117008955823,0.73620759057398,2.05786717615104
0.353192174508349,0.303684829294722,0.512709840091463
-0.615829614791571,0.819728588534164,-0.325821067937024
0.44610752135584,-0.778924736470002,-1.52182412157566
-1.16213522905097,-2.99206707823131,3.96633725819045
-2.09670522259109,-2.26283083331781,7.16136653310797
0.972033268290092,-0.328620704599243,-1.00836313214201
0.955584315930729,0.774077814131574,2.26781525545645
0.661228187991046,0.129708079898706,0.292563547785704
0.920627207865286,-0.992200473030613,-2.62231101238016
0.845363319721711,-3.07249322001711,-8.1349631034808
-0.0435929303316076,0.028228443435952,-0.0387187619959212
-1.06304383772646,-1.14040539370441,1.33749426512385
0.594900187543429,-1.7037982841177,-3.72875354809461
-0.836520470753628,0.909200277049082,-0.531778901460511
0.5002495842085,-1.04337965719008,-2.06945985045621
0.472158868382088,-0.105648138028405,-0.101018889573266
1.94255739048392,-0.232353270435732,-1.06345218710432
0.0499737960064949,0.830172030170232,0.912603455313169
-1.65248269102413,-1.09969974263702,2.75603942554483
0.899798099376423,-0.236305832323727,-0.743458637836432
0.730703503918211,0.170747335487108,0.322131102854763
-0.569412288436913,0.684118092762568,-0.0982628927934481
-0.368419437230624,0.879868043360729,0.109553242399775
-0.441624018640534,1.92322312162604,0.317853978506713
-0.52605183021566,0.756018884713579,-0.0522178043808403
-1.67841026683241,0.383789456839993,-0.96408782828393
-0.810597768395611,0.648790440503913,-0.530432254204057
2.0781914716622,1.27102824859148,6.67417222600577
0.517135929807747,-0.447979409606885,-0.769592340269599
-0.8075019801148,-1.31590989366073,0.818228899941643
1.55238799716915,0.759579973696451,3.07066941539967
-0.331633974619522,-0.571085120727446,-0.2128313723505
0.321302997027576,0.0727756785088493,0.0836489001302188
2.11840033558879,0.514797706942242,2.65482758976505
-1.27692792654148,-0.540945630986992,0.900570606780344
-0.108738766776313,1.84522919934694,1.47191066239195
0.735595348328893,-1.38236273656158,-3.38851007177999
-2.02105413072324,1.0303054296169,-3.06481124317985
1.37898318798906,1.67748407145774,6.28124361324582
0.343804273379638,0.580635289658103,1.07819874498701
0.911513928980384,-0.770526669711091,-2.23092978440599
1.26334717783995,0.711865946253258,2.46679468531605
-0.132170183619597,-0.435349015432405,-0.239735505383389
0.748892490994394,-0.796680281801756,-1.96150452841585
1.11889714914101,0.204102021844631,0.584236616215799
0.0717023173205815,-0.940441861199222,-0.998064228903245
0.616602807243755,-0.013259975829211,-0.136170276015617
0.0024012813701702,1.39324545023997,1.27035601133404
0.517933275117975,0.911296393678771,1.74567357263794
0.649238892519763,1.58548791222501,3.74299788691904
-1.47144291153623,-1.43454231607003,2.73198861655548
2.1326044139643,1.62781624760895,8.50727767324616
1.18522192939642,-1.78478755505719,-6.19080721335502
-0.072995243122116,0.390105824110878,0.244713825578087
0.884106082999436,-1.606751713455,-4.47884639767731
-1.35246425857192,0.338692634840332,-0.448171251688216
-1.84350688087425,-0.717265060628184,1.9268682525785
-0.291758910404294,0.625666159851747,0.313543860607581
-1.01710528968532,2.00429649618786,-2.02833640298083
-0.88590240001091,-1.10111732894998,0.844088054848701
-1.689019201537,0.843457074978839,-2.06183482555033
0.793465047533627,1.22667825701507,3.01076082132342
-0.641978916581263,0.682935184473596,-0.115466249582828
0.222790654192712,-0.467958377032014,-0.890297768210019
-0.264626316594656,0.539611133550878,0.337061101764609
1.01952264735107,1.75853317876234,5.26217311772522
1.11224925744964,-0.326466040364402,-1.0285325302888
-1.48829110120836,0.263719487592901,-0.366657169600943
2.56438563902591,-0.201620717586923,-1.29708231446493
-1.16308644516202,0.891501585195777,-1.24447665103339
0.644524187419473,0.0864289013969442,0.224851369167138
-0.434432190374705,1.64949030983979,0.274050074064764
0.6704259498437,0.507330413549958,1.25769867822456
1.30856903617398,-1.1830919212034,-4.2949284496509
-1.25141457011755,-1.27054587056242,1.94035758234248
0.44892475687012,2.51627130183676,4.83546595481176
-0.503459960125611,0.315881434183926,0.0044159054357001
-0.550007554379773,-2.92956058798005,0.3487125469776
-1.35983209888173,-2.02002761478799,3.45896062219548
1.96046359870909,-0.0179578922569834,-0.171652422609315
0.685183928066588,-0.140976960647172,-0.0771894835552331
0.276187328446726,-1.43838281517371,-2.13014317474336
1.52124783144765,0.423571287854333,1.74732338245657
0.224501332778605,1.62380168845812,2.31213178018905
0.748450314267635,-1.44389101405736,-3.52097677015306
1.05701327831998,0.754902498549543,2.45351402441278
-0.322855899216972,-0.524784335324625,-0.224180709457591
-0.52315993926059,-0.217248640977669,0.176499005787062
-0.463017408394899,-1.89880786107311,-0.1744551803946
0.132993986846087,-1.37892658399476,-1.89703559973267
-0.597525479687921,0.10216916612121,-0.116899758422313
-1.47413971417556,1.99214051287379,-3.86155953807336
-1.13630831795233,-0.201992314641557,0.268042763813031
-1.34114340942784,0.119572873722124,-0.153296721319294
-0.0352168973557275,0.109236126780548,0.228172955203712
0.34928841768393,-0.273442510289518,-0.417821780453583
-1.74827846576945,-0.595407303676646,1.48878027236106
-0.0368249030973932,-1.28516957036891,-1.15436743293188
-0.467291933405996,0.190377004197166,-0.0623600847939724
-0.395330761650368,-0.11800510594763,-0.0860882980542205
-0.0083775641043105,0.897891120410527,0.800344319718541
-0.248085499654882,-0.465203443068062,-0.190234111204523
0.62368518257558,-2.34694719241704,-5.1383781252027
-0.998673809537356,1.02230744544812,-1.03036174990608
1.56744715680824,-0.66148187505082,-2.46181531339757
-1.06802491071765,-0.392145416391788,0.513247112190529
-0.466546403770168,-0.285031106238492,0.117770508326881
0.504929474970845,0.791011693775146,1.40641631570599
1.37476613425927,-0.343677102223693,-1.33451423532709
-1.07727105323293,-0.163727258617259,0.237309960865783
-2.16764782999769,-0.44972955892623,1.57996781696203
-1.12629307372841,-2.48075609471148,3.18843700988785
-1.24237193666544,-2.3131519615616,3.31592907809643
-0.41981879627124,1.83863516574563,0.171879855922758
0.606288216738585,-1.50070162205636,-3.35882465207931
0.11963153293977,0.374237524752185,0.548270827580621
0.479747686910826,-0.511642511204651,-1.03924345289674
-0.360133177130229,-0.0396317975864748,-0.113396937067742
0.225198560058316,-0.550419837264711,-0.972523504667784
-1.961582859447,0.407996000361618,-0.9948912968068
-0.0052965121154986,-1.13134691194484,-1.16393580247375
-1.02321497162334,-1.29395335904097,1.25801311859456
0.640395404988263,-0.832299353585012,-1.98805905528948
-0.35986288418125,0.992755721427282,0.0946721272943976
0.714948902544608,-1.21319938881342,-3.02579603045353
-1.0014612555421,1.4102017702076,-1.31465586899272
2.02710596237875,0.114357114891563,0.493628092142336
-1.01279090980775,0.443229149155618,-0.380764190488249
-0.219910499047575,0.86595059928469,0.651082772148543
-0.778345809702089,1.34635115460701,-0.910587123188041
-0.280431076181197,0.502887997122856,0.145980733978909
0.865046123518141,1.12682827244386,2.86320032771729
0.334482629139428,-1.11134216914555,-1.97901840347102
-0.542348802886249,0.696025437096411,-0.150963691826725
0.245607358160148,-2.11615488942421,-3.12926800177176
1.06589779364161,0.0939826032605026,0.192022043395241
-0.0476432884689551,-0.361208248777238,-0.268221542510684
-0.411726013954698,-0.107341480421472,-0.154410006126102
1.97534891980269,1.47215825873856,7.24124783940029
-0.50624114566092,-2.06413505790792,0.0693752622313539
-1.59927347570069,0.534514756864613,-1.37308934784846
-0.609480442924367,-0.491424533904942,0.0063296424897923
-1.580793975563,-2.06233868191461,4.35998604503497
-0.655684277598108,-2.92149491695112,0.949590566085643
-1.44141667358276,0.4416378190923,-0.905247472585636
0.78211243302724,1.29082359396093,3.22297548228845
-0.125293977249498,-0.643772269390924,-0.481912491048079
0.332097573419919,-1.02894771770924,-1.50431285651157
-1.76247441523004,-0.120846146072817,0.262436201839546
-1.00106509832584,-0.696580645363055,0.798209210567736
0.696484841966499,-0.662997683113493,-1.78373800423814
-0.487724319616973,0.933504109136025,0.0234503543444804
0.209073680431065,-0.0473321408376726,-0.136408064770555
0.0473506310442816,2.10944550565683,2.13418006204445
1.53991223291959,0.111785381007337,0.481262090854745
0.240554192632311,-0.0910864875158613,-0.480420645797566
1.16262140203972,1.63428815641709,5.4121245140055
-0.833058047861239,-0.229772296474654,0.100107752533726
-0.314700383079004,1.54216285726937,0.663477848074373
-0.22084738359762,0.569829799465102,0.323614460092065
0.473921426623326,0.901036378061426,1.78664145034915
-0.874477883872143,-0.763046537248878,0.646033190723803
-0.609047240172203,0.0377851946349817,-0.155838046462237
-1.28990965937781,-1.35090298554511,2.14350507120323
-1.29496294777021,-1.2668471506043,2.09968637001513
0.233198606091287,-0.339918472143828,-0.473972591189243
-1.42135710131181,-0.172850025326305,0.300567080519767
-1.39480550609193,-0.205519705226729,0.542582756686461
0.52739744714889,0.841000039591796,1.79297577721726
0.387478127102113,0.85503194559881,1.64355257262054
0.218667441381498,-0.882666051851747,-1.24017419924568
-0.706845876832303,0.29284688029048,-0.150673285804367
0.850249196918909,0.0958492169242898,0.222546084195271
-0.865254138021186,-0.289112321431707,0.0904476889556785
0.60629724628562,0.69697358328486,1.60163328341589
-0.0523588681440702,-1.71131318503566,-1.55008409916839
-0.558037957598664,0.43288575666773,-0.0636634128656688
1.20041760200227,0.19914809880315,0.486645910743137
-1.24835486610946,1.24255174304864,-1.80381298833084
-1.16318762921146,0.632110572797274,-0.819807272950468
-0.704663089769431,0.208657038563468,-0.0548362930880773
-0.878299691743423,0.124682715402215,-0.130196448204993
-1.62677011056088,-0.260333788277113,0.642555563686156
-0.38788611910736,-1.05598370438585,-0.129054600179657
-0.807531680830316,0.54947631918751,-0.501789409315604
1.26093680682957,1.5701462037944,5.5388316694204
-1.93257707431806,0.420314295343129,-1.31292257887249
0.444517691683805,-2.26542319393068,-4.36266193278837
-0.581483059304761,0.408832459041797,0.0022204486115974
-1.53025098561038,0.421738389371975,-0.900626449310349
0.745289015612675,0.420621339222696,1.10441454112341
-1.56046871629766,-1.47574399854286,3.20550440039958
-2.71031834256768,-0.998012497289829,4.40299095626568
-0.0076280500501281,-0.0887597224886802,-0.0676979223692401
1.21999395431314,-1.45631654416858,-5.02998021960528
-0.0077601361197146,-0.388707574515809,-0.457051210744833
0.269486868948945,1.15804780927156,1.86833386762424
0.301773991876078,-0.0303451603545092,-0.0154269184858988
0.694978442123148,-1.01236145049985,-2.56070840973897
0.0253785382830178,0.454946913303894,0.608549807667498
-0.965276813832981,1.89367963774571,-1.74430144388524
-0.649762710596046,-0.163439138996086,0.0080313022481723
0.054811717549405,1.40656591131115,1.55755015779649
0.805640383596279,-0.309270814191609,-0.686870673963772
1.02827368589497,0.693010510895279,2.23305867920207
0.849850804013935,0.208651766263519,0.625364725775161
-0.787844924387126,-1.88298963002911,1.01910350061599
1.36904251766418,-0.994478180827301,-3.59007586394691
2.03935412828986,-0.402680498735362,-2.06934775122089
0.0940910911511862,0.0300483064178035,-0.14089603435809
-0.713061146174017,-1.59209093366519,0.806466454107477
0.829407354969907,-0.974126808061834,-2.60541890965415
0.754194915076134,1.16766974463189,2.76750874335867
-0.0196164975214802,0.546867508410663,0.413274445183536
0.187059669559785,0.25226309606584,0.541733241525144
0.360416224279804,-1.39950580059952,-2.42320339132245
0.297761056369431,0.539643284815272,0.821335851241641
0.0951334261060892,0.476203139308085,0.406985255430077
-0.587627692045961,0.0020539006309682,0.043131823158639
-0.291506251104465,0.29768819044586,0.15111202780581
1.97449799582959,0.760069911460942,3.72130254538309
0.151860770020934,-0.639996182498077,-0.874394106766193
1.09054539754737,0.42169314868648,1.25512372387341
0.622523594794003,0.0842833417211085,0.273768504322385
-0.70389008426298,-0.900614896019755,0.489712205468395
-0.11963266165421,-0.574007759315781,-0.552990045153124
-0.126724856299955,-0.643064996775754,-0.674046827995601
1.16502811732894,-0.908164918821767,-2.92000615817213
1.19137969691373,-0.268423020594762,-0.828783401707341
-0.756182706164181,1.29829814786933,-0.73171840419211
0.146278294116521,1.17909232961775,1.49920345746198
-0.843496214850999,-0.828949890261198,0.669745369310587
1.43036720662643,-0.826322982817582,-3.10764351450362
0.500436486727185,1.16072469676235,2.19625197491785
2.05137386030988,-0.581432298029727,-2.9773084645326
0.407262528211665,0.112399178773046,0.0662475116407834
-0.995963856363819,1.2749969724917,-1.40156999621539
-0.0240937349702638,0.0860798950430361,0.196258422528369
1.13551023407522,-0.450406694069746,-1.49584994221303
-0.680670578015847,1.67785261506049,-0.624191258053387
0.962715582774751,-0.087380712251318,-0.330465159037046
1.48346397294337,-0.705635690606617,-2.86941649352365
0.0532064017599238,1.20160124744022,1.30908342816279
-1.83208728501698,-0.17896488910548,0.606454160276604
-0.451723026857228,-2.06218262193034,-0.126257657590183
-1.10039123949926,1.20358928607994,-1.44860357901359
-0.49589659649942,0.778232812593929,-0.118146728330262
0.108195978925982,-0.696635670522213,-0.88168012227397
1.06220884277259,0.895855965972999,2.65149162293641
-2.50610235587942,-1.74975412760598,6.93801746927954
0.231464505434537,-0.899477712010382,-1.29853103900229
-0.313875316377773,0.340017655988406,0.196229166138531
0.300690706307203,0.415948674475146,0.787234038120162
-1.35495001819659,-0.67174782783769,1.18861457619475
-1.06425193328711,1.11508709411141,-1.25067779443768
-1.76584201262196,-1.74305182139894,4.46186445583138
0.359694161793808,-2.00401710555292,-3.43454100975359
-0.278879386829166,0.0505629203983775,0.0305339394941608
-0.27280824091081,0.0871111092994344,-0.0202851735375016
0.56923970141617,-0.145769983084697,-0.484829270697808
0.487499630150172,-0.152519919388227,-0.187347406874841
0.288339264641056,0.159397413133863,0.308602409082364
2.02519841046992,0.114765479492967,0.638866152720527
1.39096665097439,-1.52125570692703,-5.80354813257617
0.435221710634197,0.747573110051367,1.4633568634437
-0.740058810028698,1.22357213260084,-0.736399984950037
0.343478792562542,-0.0704160081833824,-0.323260243552775
-0.51412431431608,0.723734608585566,0.045713247871268
-1.62955098608833,0.355812404433442,-0.789958355936983
-0.820034340595516,1.02125985900707,-0.608288695805398
0.453825654050062,-0.968475115625645,-1.80196453276846
-0.383583869128405,-0.37949721686086,-0.217775251703787
-0.643530832090593,-0.0649164738161373,0.143821120455415
0.0873758657401132,-0.524665401666681,-0.394148890049252
-1.55182137033057,-0.921321910147554,1.79923337918126
0.393355308833069,0.365030119153569,0.667839262752376
-0.142420735497064,0.240160411636836,0.12038328578047
0.309537026409544,0.863122569897604,1.49709801000443
-0.413289180993481,-0.010857803768013,0.0064253337959293
-0.748213132665224,1.70928765805308,-0.782030816802385
0.560029019733066,-2.26813888689599,-4.747100666146
-0.761718833013133,-0.600568825621936,0.297841115396639
2.32487983088739,1.42887038079631,7.9827125926134
0.0768771795322494,0.0621725634564607,0.158042133961822
-0.454163041041002,0.219955883050606,-0.055436710206715
0.297019529130182,1.01560891534106,1.62776663563798
1.53625721922107,1.78939751921771,7.33047835676449
1.05632269812725,1.1064930587582,3.46804111991591
0.473330779243468,-0.132284969676929,-0.246978477347381
0.39713973343729,-1.20884534829783,-2.34408634078994
0.184311393759192,-0.51121160597038,-0.6608023040797
-0.3567372711921,-2.20002668373563,-0.765976547472755
-0.699220099602106,-1.00934460879137,0.318228080173018
1.75088052771455,1.61817323445528,7.24995706114395
0.699106005340784,-0.010902404153368,-0.0604497682921598
-0.0135928323262101,0.971706843438591,0.854814912373606
0.519287034669165,-1.63926358092381,-3.36353378878228
-0.186347695083782,-0.302407897260444,-0.175482757034222
-1.27765259945081,-0.352813452988194,0.665501868605788
-1.02252043143722,-1.24323108473758,1.34678264815331
0.101837419602668,-0.108995877096736,-0.1894066107458
1.19408273339033,0.088739721137445,0.240895980031815
0.381722689201638,1.48116287151399,2.63958788412547
0.628906789316005,-0.360893985657123,-0.773160716372766
0.0922252443436392,-0.0649308607691051,0.0778069076614904
0.171909236000976,-0.16833767918614,-0.267647095782129
0.0087322828502008,-2.0407163705253,-1.97711209032466
1.11516907469139,-0.392022843669581,-1.22210791245049
-0.815322819272874,-0.451253293638921,0.417829399754861
0.680609691234655,0.318026596885856,0.781248196478179
-1.13183596385746,-0.735278652556978,0.778724210980034
-0.742624688478421,1.15769528812734,-0.393587980989028
-1.04015520152197,2.5871358568498,-2.90142650057398
-0.927950754918238,0.490059343377354,-0.4086118975542
1.05456166731364,-0.146375827517007,-0.371464979684836
0.333597798586466,-0.269159050243235,-0.480946933186472
-0.98754370672228,0.97426627887333,-1.01906360708663
-0.0719444781976059,0.383521516275446,0.404028259347927
-0.226090631392242,0.120747650461294,0.158819740113698
1.69335534812604,-0.296654104251139,-1.32506202844399
-2.06381033123933,-0.694596512836693,2.20132149367016
-1.94224409263648,-0.781513655078408,2.25289650908961
-0.838792429224049,-0.571703386786687,0.407480804600149
1.77981803632554,0.699106633261417,3.24082545327414
-1.23186591404184,1.41376306834251,-2.14952351908709
0.544273191933166,-0.177735458752222,-0.307901746338156
1.05509913832066,0.561119234781081,1.84127435388083
-3.08613192425928,0.47632102032186,-2.3348028520325
-0.162019879850181,0.0377902433802723,-0.0004492074382724
0.844438114381636,0.447692874070788,1.26291470250916
-1.24291454929931,1.96376229483244,-2.9695029560825
1.72799312697558,-1.67780834748004,-7.50098448177594
1.22164497991069,-0.210269878488703,-0.684538106359598
-0.925645854969366,-1.15500520287631,1.08452812507304
1.91103244913644,0.788013077385861,3.86909427844675
-1.50532046725841,0.41870110227421,-0.689859809855606
-3.10693103812805,0.782506564233594,-4.15977782090735
-0.245492044120942,-1.77423729110685,-1.09199163950129
-0.898919130312396,0.531167964960252,-0.300181678941376
0.044579542578164,0.25519887345517,0.404927878600689
-0.91396687389391,-0.527733672003495,0.424940264482084
0.899556767074241,0.356927666561887,0.968779868432363
0.179209574566324,0.127480068252687,0.157185814343785
0.780974885512111,-0.988943753397412,-2.44993864086427
-1.71758085608275,-0.391331294517232,0.912505973671468
-0.0061008232470806,-1.85615476569297,-1.8755615098766
-1.04681403183809,-1.62789897307071,1.7939088345834
-0.816261221335712,0.345080926457893,-0.35065743735074
1.3570235763787,-0.208062607649318,-0.84716723985403
-0.627517921994731,0.140581793802981,0.113685917109394
-0.768485407140092,0.268855945351235,-0.236770792096176
1.51961246267086,-0.673762739520638,-2.7661360881824
-0.568531257049962,-0.095306745855932,-0.0432605133148201
0.318268797912437,0.622631776530723,0.953658206890575
0.892701891128158,0.0174261108599484,0.266743711739082
-0.0098510710887249,-0.502370951379996,-0.40513837167319
1.29949122326858,1.30491263084702,4.78857764745773
0.238601741489532,-2.56395545935684,-3.61088592449326
-0.809958799977311,0.847722392314363,-0.381210697783407
1.23500220241385,0.194989999865741,0.579952499306957
-1.83397367749583,-1.11494225154109,2.96391441238282
-0.0909915440820008,1.4479472813853,1.03032781597533
0.566857032872113,-0.778400205623925,-1.69150288555298
-0.887556500011655,-0.988665646638565,0.648776188432516
0.814347886108408,0.537180987308551,1.55750469370334
1.03200551998225,-0.53604737723811,-1.48906340009625
-0.92058944600409,-0.324015683392957,0.393980776341834
2.35135234740956,0.996014590848802,5.82681174784107
-2.72629619596448,1.57694794569755,-7.09394278083852
-0.0021274195921561,-0.544015132220622,-0.669011529090635
-0.303918365044175,-0.0678822145408945,-0.215173964035623
-0.126142990736813,-0.711187906934209,-0.68510612151313
0.135665435057258,-0.3886412298877,-0.547069015827067
0.232774852849308,-0.575543127325108,-0.786396181073328
-0.805578755331782,0.880955039762443,-0.585232343215824
-1.4496445572152,-0.948363203783374,1.8348214016874
-1.69378390607097,-1.61883817468246,3.75870098833392
0.985563783975885,0.852917188317276,2.54854486170517
1.15939578391332,1.95823902539418,6.56608251788781
0.0317388651536517,-0.104092401396342,-0.111546887239471
0.274871793314017,0.490319135903062,0.679323204578746
-0.233230254745516,-0.599902697531602,-0.448815648307834
0.190241792017803,-0.710419384884672,-0.956547524544792
0.501587266251509,0.120467137343335,0.340570709420298
-0.985116466349967,1.70734685531186,-1.61332564754048
-0.101196494678461,1.35513770040609,1.01569040389641
-0.561872347738449,1.2951860128716,-0.0462030525490009
-1.5740013963315,-0.763095221740623,1.5870843787067
0.654992101540372,-1.18245558986021,-2.6751645718396
-0.955360870372273,-1.45171855554552,1.26503428561933
0.144759253363885,2.24112469352366,2.73628680754659
-0.763725003114976,-0.270910932602984,0.253422470412352
-2.73522294197227,0.617125500739125,-2.56536082035198
0.602376211089767,-1.56628786648334,-3.49506473601865
-0.253548397460894,-0.866235219001771,-0.535527874948729
1.36315287705422,-1.19385088466542,-4.53604930185835
-0.303122718974332,0.710412102733772,0.182402033608109
-0.267571345737227,0.171838952947788,0.123850026121921
-3.1011399941872,0.502554344611257,-2.56496144025136
-1.48155077167627,0.0501344928798619,-0.0532984187559901
-1.10921472491265,1.25329198494555,-1.57793782109404
-0.618127615095003,-0.339664332224033,0.104034061251992
-0.467471807225438,-0.261528298477573,0.157618529003103
0.37788713740915,-0.751176224446747,-1.26773520023333
-0.542438165536174,-1.13523236260666,0.148915906192032
0.797033244928251,-2.94796476256196,-7.74587848995886
-1.13415429561861,0.789335768675987,-1.10913912358229
0.0262954994042154,1.58942173119753,1.5694417877531
0.925380041961677,-0.707968013518585,-1.83144933276905
-0.486317455071701,1.58351255105169,0.0163972918433324
-0.946597163234673,1.14905797554407,-0.947972857010932
-3.22368220562279,0.870251730550331,-4.7527407843302
1.31367123448056,0.0775732280586641,0.377572465094903
0.664301681148568,0.761008376216155,1.77857193842713
0.462335658616924,1.26985862659812,2.53387678424479
-0.592773602380694,0.086993166945065,-0.114676339360011
0.5859526967,1.52476295953871,3.46524923068397
1.60310097748255,0.355467839689829,1.4712382134876
0.774111243352396,1.64252329555876,4.24085787258729
-0.658463738196692,-0.829884129355994,0.120144425763209
0.586088576535661,-1.1966603185409,-2.53287303110176
-0.469111557392357,2.07826620906256,0.0888159740950755
-2.36067555658987,-1.88042709424511,6.90199309195336
-0.951077011452152,0.0512179117372623,-0.0320812327894227
-0.124203714445696,1.59786644336686,1.16903700060463
0.0797818490411597,0.214734779914531,0.302457323181947
0.330002907455387,-0.0502757729942187,-0.234833370815287
1.92105888431851,-1.00957895513638,-4.98939326180395
0.522921718590039,-1.36166449398579,-2.6945806957419
1.68354787168804,-0.395141881418849,-1.67367827184904
0.275037298973687,-0.710225762700954,-1.1242483767045
2.55240565783273,-0.0571718360089117,-0.137976087593362
0.578187491288663,0.413454946169747,0.88418373910901
-1.62935265277595,-0.317771601341422,0.646687454170415
0.20814301929665,0.235999320322765,0.236715052635639
1.46195013464488,-1.51783454399733,-5.97989915260766
-0.427225866412654,0.694341540101173,0.0557588234362918
0.129866017543547,-0.295567675371044,-0.274631083694545
-0.012586603774132,0.882028833221104,0.994414135597004
-0.791279811006795,1.14105873620292,-0.696553642603989
-0.682375349156188,-1.05974491863314,0.278488151454221
-1.20739680161401,1.21204975754566,-1.75339878030663
1.09959684716392,-1.43348581845134,-4.55784994491996
-0.711953482298925,1.05393904164019,-0.614001589035032
-0.652542589580884,-1.03999596969923,0.422182015534906
-0.988780448367607,-0.860283799525667,0.872481921660256
-1.31527824629668,1.52884387364184,-2.52736556010112
-0.49567085701172,-0.573768993796137,-0.0640205060584982
1.34506759156476,1.05775572263409,3.86887462973243
-0.583398843005707,-0.450783109625079,0.254143812945576
0.858320340822913,-0.791410668263559,-2.12236855112326
-2.2271769852367,-1.08647898696992,3.61617210161079
-0.597541027494117,-0.75913327366981,0.0468668527106861
-1.95431703784898,0.520917822814971,-1.70162176230751
-1.19999764865158,0.95938358419663,-1.27100053262371
0.349359735639287,-0.645854633692668,-1.08550091191705
-0.295712263241248,1.41755308965911,0.568704268427299
-1.02777207689896,-2.10506031385209,2.2407397978297
0.596276869172049,0.670944310909145,1.58001709295975
0.553663915981059,-0.646876856693776,-1.40060706216916
-0.251864613090846,1.46892903301139,0.71888033371628
0.587074887806642,-0.750504533278375,-1.59931298882981
0.452234076471025,0.70834270953596,1.13492592770891
0.363457427828182,-1.84487275343396,-3.16810235065399
-0.905961738728557,-0.729415570624176,0.622334743455674
0.391487209682377,-1.2655857397757,-2.33357556212699
2.03535428112706,-0.356716355083902,-1.86798975913138
-0.749850695560892,-1.5086857951047,0.831936077284115
1.77958314638042,0.490798812917065,2.19099548917506
0.952931689198578,-0.738209955373384,-2.35323760458889
1.36963056746664,-0.896660768089108,-3.44229734312308
0.51384626477712,1.28721702906582,2.61346455604372
-2.98845919565891,1.11576496162283,-5.40654359475257
-0.919216653415238,-0.546339162101587,0.431538923528833
0.874124823203778,-1.60754847476433,-4.38979960800127
-0.851440508208663,-0.78674045540604,0.376750228302604
2.13032116445593,-0.162419565360526,-0.956261277028157
-0.459912339224743,0.934333014060032,0.0097080304798791
0.0478804391558103,-0.983471912512002,-1.07077777162454
-0.212259860389474,-2.21309462896591,-1.16857324211921
0.15288747309583,-0.0802333856888913,-0.072627401708158
0.761009254417212,-1.75542740117688,-4.33408530988258
-0.285462073840392,0.541321130843335,0.175980738432959
0.927958866942215,0.210338372807169,0.518709220611108
-1.27336734249456,0.136828286858512,-0.286068772308896
-0.203060860833369,1.19631465523413,0.660752745826826
1.25899444458547,-2.45438037967458,-8.71735330519749
0.578933408720036,0.584719897786157,1.24452992026359
0.615109565288448,0.58986576349298,1.18651260247307
-0.911237448231014,-0.933761995057719,0.710938121276218
-0.89841187792994,-0.58854306792659,0.656401439042448
-0.484125746382876,2.35367560708097,0.0592314715003748
0.337441566953344,-1.26018475513498,-1.98743777829547
1.72365641536793,0.0978790113507645,0.356311077902106
1.3113072378076,-1.21161735583981,-4.25457049865393
0.738222723149235,0.473799183979783,1.3199858333251
-0.139125604363431,-1.19046243172747,-0.785041647322316
1.39057193326713,0.438277181596254,1.71098967648643
-0.210745587146958,-1.15227057578072,-0.722997762573813
-0.0963231178214348,-0.282484202814586,-0.190880156286997
-0.298466892498959,-0.831847172879373,-0.398779464447418
-0.190776177605484,-0.779466713813811,-0.439551518719342
1.03960572773906,0.675601740542602,1.97004558715503
-0.467148539534248,-0.517959072304932,0.0243609714213435
0.390383759814083,-0.0035044035868629,-0.0560680747759732
-2.10209278221958,-0.19268475543081,0.601646722488886
-0.16017066019001,0.0396954298541608,0.0794696910896742
-0.521321602985801,0.351609615400014,0.0158023456922525
-1.35068985412317,-0.759328611525746,1.44081666336692
-0.757502920516933,1.43901167417553,-0.963720473964442
0.347936309596722,-0.408780515833477,-0.579088185926434
1.06429658560517,-1.31064148721282,-4.15551316277818
-1.32735470068924,-0.287066054640907,0.523830824285725
0.826371306152128,1.43436365087398,3.84219259916979
-0.810768847377619,-0.679665512996493,0.342949948856564
0.745426545310215,-0.420729199657751,-1.07425382342384
0.962057725978494,1.98016468284285,5.79920698231131
0.360043648280888,-1.00094090878879,-1.71223875054965
-0.0045406274994273,-0.555099158657696,-0.484894792024472
0.0746409744248051,-0.0394843894018544,-0.0033942909698956
-0.795879247052254,0.735924114128378,-0.326489674651866
1.5413688580675,-0.639965738043532,-2.84412363910101
1.96726062172921,-0.625481830359181,-3.15636086769687
-0.29079552819866,-0.787479123653112,-0.348900597193587
1.46572208712582,1.02647289053921,4.11998797249346
-1.42795236641753,1.04066347554033,-1.95972381950262
-0.464262313624155,1.52211988623558,0.160587410426287
-0.628255695507685,-0.92603173053164,0.30126053538294
-1.01550752418246,-1.89786300936559,2.03119779368683
1.34255864820929,0.655019958478303,2.36763157709268
-0.562558448894629,-1.66884708163209,0.247444559201389
-0.564729472282002,0.668531884583235,0.220633175758463
0.314277581893478,0.450077969569172,0.818337305749003
0.791412383335152,0.335276957467086,1.1169494602543
-2.40307368685203,1.99621290102241,-7.76174276510136
-0.73277492094307,-0.869585983973286,0.215282649137945
0.324049314059988,-1.2688028030177,-2.07892895910943
0.191712112655236,0.553343180192113,0.726702451422908
-1.18015116442718,-1.42176366550356,1.82572573689599
1.43084417488835,-1.00071431377478,-3.85144484058079
0.536475103655101,-0.332160036474336,-0.894940456624326
0.626760219502749,-1.19678212244195,-2.69927211166457
0.0602927163097998,-0.532264244334474,-0.838004674493937
-0.889681839334192,0.282532670702224,-0.315940417997865
-2.70811304961711,-0.29121375014589,1.33383592781331
0.906095709529678,-0.257276036763701,-0.748940758098249
0.461717452249783,-0.159404572062885,-0.239637274249161
-0.378255895323288,-0.293483066983721,-0.261541631552538
1.6110350904394,-0.243097509065629,-1.10368422563836
0.0233380487486574,-0.471958614589002,-0.438466144191961
0.904220849143395,0.250044171899912,0.935193383072023
1.63385901132275,-1.82046756328489,-7.76158003997172
0.327072888164347,-0.406172788300352,-0.860679738568108
2.22500847620743,0.74030329207047,3.98735331332985
0.561906206058263,-0.58659456594645,-1.23379931579105
-1.0135056562255,1.77766419377433,-1.89099926018184
-0.960221579276409,-0.409788189969097,0.389941417405167
-1.27259290572679,-2.55018725333582,3.84232443147916
0.148273484183612,-0.2546196785524,-0.34590252960265
-1.30773956199932,-0.67503357714555,1.18061767006573
0.0207680956346023,-1.71771817910487,-1.89903745985068
-0.458574564730837,-0.121790956895588,-0.290981741295349
1.48813733093048,1.47322430728974,5.71802926132563
-1.18646215746803,0.723700840110115,-0.969900052991709
-1.06931942826608,1.35281979848734,-1.43749241792719
-0.910805814977468,1.78375404667977,-1.45536422938123
0.462694146881179,-1.14093259382519,-2.20030101751168
0.494357292448786,-0.246410307470557,-0.504882846832147
1.88992524908983,1.62533284562599,7.79458959734756
-0.493290381741682,-0.907897839352512,-0.0186961350100275
0.325538567458032,1.00616940336243,1.63669185804795
0.23244235076563,1.11314877903505,1.68141162957569
0.0009839461452248,-0.0214077231549966,-0.293712071275564
0.79211980001288,-1.42573714282983,-3.69431858619588
0.38096835789891,0.0347060908123439,0.0935904770911153
1.74918576657314,-0.17625553648035,-0.877556291416928
-0.0846670534625171,-1.89888737926503,-1.6561916844465
0.559325394914458,1.88474954487428,3.91689560396591
1.41631676735346,-2.25654566712411,-8.77905126472091
0.708522867561978,0.674737585847474,1.71550231190853
0.747933392652234,-0.101594621379361,-0.23988126342619
-0.417254064777578,0.691377091623833,0.132437189975617
0.404201926725898,2.15054889161944,3.85897998498337
0.308308863483788,0.899955799305498,1.27895123124218
-0.0778286929437353,-1.71104126808727,-1.45819923164644
-0.81908312530317,2.03381989726407,-1.24105278456103
0.0630005800501374,0.791494137012391,0.889567613336788
0.0940361436804209,1.30824232144795,1.49551512819519
1.09989577317354,1.00402219551569,3.27205918912325
1.05651661992219,-0.0003921287299798,0.145378807613819
-1.06686837314173,-0.029509689886482,-0.104215327866066
-0.772877599121875,0.493216276335093,-0.364875700110952
-0.112998455725737,0.055712388432131,-0.0019550531851879
-0.583065699599214,-0.942273204159256,0.300008466099872
2.1590549991984,-1.1338360780078,-5.99484071428393
-0.462231752850885,0.606632490475288,0.25103586395673
-0.428330579964697,-1.28476594516388,-0.244356150028023
-0.32593391416995,-0.665471526856741,-0.27709561681775
1.17338634405345,-0.159768223113313,-0.758004020570275
-0.415665415440295,-0.825906584987647,-0.258298832408885
-1.23666986334225,-0.200218158875917,0.240018442642385
-1.43159313339092,1.13655344453174,-1.96613860672492
-0.162885232538689,-0.755261307913428,-0.528137869039287
-0.287488416848918,-0.911978199923673,-0.270603627655535
1.70788790213207,-1.035222448466,-4.86273016671069
1.04288242067217,0.750631080971514,2.31091869465553
-0.192149203153976,0.0623919089358141,-0.0217135852776197
0.54559014395928,0.725188324980766,1.45796400883714
-0.024470410971063,0.98308209818278,0.893691178041336
-0.63077625813009,0.0271249955586401,0.0659423813901273
0.65483901648551,1.46572061080945,3.40654851468794
-1.17225147966154,0.408778869886524,-0.617216334831932
-0.22375175723114,-1.48535007879901,-0.726815175320958
0.1745622397984,-1.14474486754445,-1.67593630081542
-0.277627009119454,-0.395687370473456,-0.130178237386877
-0.295633827918755,-0.90040189580625,-0.216317633357246
-0.233616667035445,0.613458988016822,0.224453018899446
0.242456772515472,-0.413093595552259,-0.680925992659682
0.0834939904545857,-1.0060811466147,-1.09024149597695
-0.0493512942875711,-1.2967287141212,-1.27739354041042
0.0056773826843914,-0.150996072500972,-0.125959125335424
0.38279309928981,0.512082293288849,0.910814829969153
0.317957542442055,0.394976463472144,0.784130107624897
-0.0472364987328715,1.00644165981771,1.06051228250561
1.07832535316634,1.14430723572682,3.61235004245479
1.27620301624729,-0.369785260694653,-1.22059430432542
-0.4173605702537,-1.25630537184715,-0.193806995173488
-0.52630920737138,-1.02312003421625,0.0797045408769957
0.34493702810875,1.64204283857779,2.81000671691061
1.04417229703399,-2.49304050346547,-7.73258108683426
-0.731382973562382,0.341848789339128,-0.320351951077714
-1.02366709737846,0.661375255546328,-0.771363765727074
0.952256216717414,0.423318904984321,1.21808151706312
-1.2549998231172,-0.884934081302207,1.40789426350313
0.91233824770872,-2.83908290771516,-8.12482527122614
1.41297557997976,-1.3087558093097,-4.99253715871738
-0.665109124801129,0.764173703940382,-0.147970068636731
0.159806043167002,0.410984785325605,0.401213605855489
1.00503104845806,0.673273697248819,2.07737296486932
-0.284901657958823,-0.474150524909053,-0.124325137168534
0.532819561795985,2.28345387597956,4.74931287545251
-0.436859760657884,-0.122236007831539,0.0984435104815734
0.238618884408071,0.204138372355806,0.268088341804714
1.12352236178622,-2.28052135816063,-7.37077904664624
-0.57492913142401,-0.200156151794355,-0.0369008778096002
-0.081169314846235,1.44780902205955,1.14282918042437
-1.6977485733649,-1.59590920762057,3.8030693992801
-1.58143985120295,1.25430253322856,-2.78139188420902
0.847096638575695,-0.512650669640674,-1.37945316401042
-0.167667978398505,-1.47472453626027,-0.925573245522998
-0.0501787662432513,1.8048778669284,1.88855955415549
-0.357626961446611,0.605346596610358,0.0755640391340375
0.0391905348482477,0.181518613983821,0.225190673405445
-0.486736937046534,0.739458600425836,0.171752797727295
-0.227711216013729,1.65391953761249,0.946018360292579
-0.462654894559788,-0.341093880234179,-0.213527491712636
-0.389148878669577,0.116313125565032,0.0687506050143951
1.80049532617424,0.142521651393369,0.568814272962819
0.27882839830191,1.38141245211139,2.33063302597376
-2.24527115952015,0.0692151489549976,-0.186265647105785
0.172793001445588,1.06117669811274,1.44516986842626
-0.352416602427953,0.769784164343032,0.4058722215347
1.52664017138859,-0.629458466420342,-2.76512160936487
-2.51933076823968,-1.90406809176889,7.55491267635852
-0.159571786087391,0.155065319488047,0.20002460956353
0.881822628431421,1.78282295513132,4.83456048111756
0.66957008504494,-0.282501162259915,-0.542357163234486
-0.570615625688485,-0.277265721877321,-0.019025043829325
-1.22553313494701,-2.50333345585095,3.68099196289356
1.40839126040555,0.0720642559547433,0.249775103141528
-0.471796578568172,0.0052977169299288,0.0511322488972086
0.727524481338213,0.327099231540435,0.881361515149835
0.999681160921338,-1.22496400414545,-3.71984910198678
0.179006822109353,-0.569388911321661,-0.813692057601607
0.50741654509845,0.315145973995056,0.577709994990334
-0.83894204326204,0.293706097827021,-0.188507360692827
-0.79656054718148,2.27702156094047,-1.24716228908561
0.174891550639505,-1.88426629314848,-2.35741665668727
1.0982944794583,-0.262050215475717,-0.864461426340561
0.773741381667739,0.526201902455393,1.20923801842409
0.723603345171866,1.26058224231838,3.05641879129814
-0.34946608326728,-0.886434592366848,-0.0911921776611074
1.63889067380288,0.172564712309737,0.685316033153568
-0.285823778502178,0.698058762137799,0.321602059286341
-1.13386311057951,0.385851065465605,-0.460252600726327
0.838637963094974,-0.399734557629972,-1.16955601251211
1.7936611911139,-0.459608511463715,-2.21593648233257
-1.66445575405915,-1.3917742774118,3.33345683981516
-0.642670250111118,0.971869120493887,-0.227781466485695
0.378397052624695,-0.298124442365202,-0.520749853133813
-0.701704741720898,-1.54744571706794,0.684190484927802
-1.27533069378194,0.371436417903826,-0.452293559655687
1.04327059205322,-0.233743499795045,-0.801508848114944
-3.0387822443482,-1.18716754459276,6.0824461626247
-1.79056058669525,0.574895593175131,-1.57709666954838
-0.033708958464284,-0.673606092662303,-0.656544449586987
-0.635505143522277,-0.682094998465654,0.203905902386911
-0.91618290367512,1.35854574280012,-1.15290500229534
-1.04325157969383,-0.5316495980547,0.593112293843334
-1.63633475418162,-0.664440487177525,1.59708457555634
0.137424760280359,1.30380137227665,1.59216560055249
-0.280872716345331,-0.407551395577536,-0.303652669314714
0.330423930483074,-0.038063067468549,-0.178904790852138
-0.122845965724516,-1.24509296856737,-1.00366874643097
1.12129515685366,0.0751388014764922,0.28013917603103
-1.4121364994683,-0.677673094408824,1.39987600803611
1.33525985734366,-0.0963570894660152,-0.278344754816008
1.39914956617293,-1.3820578363473,-5.24591683160298
0.709638638534278,1.22364436547518,2.99511499121426
-1.52262792815283,0.871038020549697,-1.85876336881264
0.482966802321295,0.19228715254663,0.387354751096256
2.16133398290237,-1.08041212966042,-5.70346846143205
1.08265207289935,-0.12320353800857,-0.354426356480288
0.494099851435689,-0.0175621649704915,-0.199042432965648
-1.90214921355586,2.02412057607272,-5.79388001848883
-1.13253790485378,0.648351977745968,-0.964204984316983
-0.824862692327926,-1.26279812421628,0.923356589922186
-0.598232452210917,1.08852510096096,-0.289122327342474
0.213206992500538,-0.32485708795366,-0.477581385464521
-0.200672827565171,-0.717083345625217,-0.530311058871535
-0.0875599493791606,0.583454870269557,0.563631496569494
0.800242125758182,-0.753191750811181,-2.06499309224543
0.332476613635084,-0.503248559133824,-0.786992896852901
-0.580264861489436,-0.901083138202324,0.0671260364376164
-0.51363047762997,-0.0653850450329784,0.0864351937180955
1.17476147304637,-0.141632092660407,-0.516239368937374
0.082473979863214,-1.41034963424664,-1.7577681100552
0.347735751711834,-0.153485513821904,-0.126012161619145
0.0163384959724031,-0.295405763350514,-0.336430262416366
-2.00583189365476,-1.15361878441872,3.40354454710862
0.138637609733532,0.133298004663388,0.142979285104262
-1.68024994177138,0.949783606053462,-2.39574555857213
-0.496786272810715,-0.839433337578325,0.0746040585167941
0.348473850267796,-0.77756078711359,-1.40429426628143
1.78413103540773,0.392165964077383,1.6002049617511
-0.0312030798083975,-1.37290220024426,-1.23051549788227
1.20167403162304,0.935695663582073,3.22839323588282
0.519685416205788,0.277475315487737,0.586410482660925
-1.86954394697446,-1.15719483043755,3.08088230382664
1.03821251669034,0.250347428975393,0.778453027365227
0.205013848046764,0.622238266827489,0.955196882686748
-1.63145850879506,0.129576894435638,-0.234981893167924
-1.32545709132717,0.196509834527002,-0.313544407679095
-0.147277761762325,-1.68828849006828,-1.16600028405523
-0.584602870761055,0.179049116536632,-0.14586875979714
0.682353798958629,0.908652140525479,2.10596024255189
0.346576097864822,0.0421633838068988,0.363874382462939
0.691916611317635,1.15867347959303,2.85044275692333
-0.190124646891695,-0.192328512895594,-0.168678987383949
0.980994749993962,-0.870247884619266,-2.40785717738104
0.211189658780726,1.73859212252948,2.49335868679499
-1.15452486343517,0.83275369080343,-0.912695391771211
0.511524131496409,-0.601228249929505,-1.28022690947812
2.10400012763236,-0.369047463853605,-1.85502782551847
-0.616212122341184,2.12916343340675,-0.577247581168356
-0.888471761811587,-3.29989462750714,2.46109213863839
2.36115197332149,-0.914386075622653,-5.27224275938467
0.191155914981144,-1.33351846487936,-1.89547815611287
3.20951768936605,2.07632892945684,15.4980677232757
-0.178120479177791,-1.42632648136278,-0.790549565907182
-0.383205767871845,-0.375146184222087,0.0268827873154623
-0.0692053915260738,1.82223919116286,1.60182851452468
1.44468650713386,-0.942828319126271,-3.72525509251978
-0.42887367735255,-0.283838920920155,0.0456972236045112
-1.89387871965765,-0.821179966453167,2.22510452496426
1.04211704531804,0.810064178909215,2.43872932129349
0.928729075092612,-0.598893873592455,-1.85254409843942
-0.781035352339746,0.345344358501897,-0.206363799755211
0.235820080016286,1.51226062215993,2.23947502402056
0.567179732989821,-1.03851365446818,-2.15357052605153
-0.155310473014129,-0.404178444575986,-0.456595304777257
-1.15238528985939,0.262866796014183,-0.404844145137288
-0.757893978748149,1.27524729798253,-0.611809709300444
1.65073215920606,1.21075678509018,5.36015573067566
2.55436334516692,1.47081704548489,9.0452831328439
-0.658543135743621,0.402228300105401,-0.163212635186851
0.58633812605618,-0.420207606345099,-1.0124391519807
0.286775115208178,-0.136870801188767,-0.296454055589308
0.85086333581689,-0.372076445344257,-0.975124525436406
0.184706682732588,-0.0523398889238059,0.0192374826840255
0.293908845171862,0.0247176931537102,-0.0713060871596336
2.0473869975368,1.57986755754285,8.09123402072701
0.0036104408447767,1.25220512408856,1.39948493443275
0.515614139948269,0.61104677734032,1.4248342049679
-1.31332095545666,0.708335306482024,-1.08003603563116
-1.07726911798999,0.477736337101089,-0.452924473463514
1.69645556424104,1.49136458806658,6.51213911918362
-1.57761883004875,0.486869159973404,-0.990904874468044
1.61450897140355,0.224601682267398,1.0591328879368
-1.71504634403507,-0.749890888504316,1.88832803155026
-0.733804124676534,0.161664189975513,-0.0638292273371791
1.3412494353932,0.944994042185858,3.52615587893463
1.85000115150904,0.0058410045374196,0.0151198761494098
1.90452268852672,-1.36155426001298,-6.48887465967891
0.317894355154987,0.838108706774237,1.33626361803682
-1.48401790432911,-1.02127168420858,2.02406317445663
-1.60024682201967,0.988886076052833,-2.19050772589058
-0.862470946247157,0.529359492691786,-0.398405964150504
0.516404319421427,-0.768646267992223,-1.56523267829197
-0.172179112093238,-2.25438008458722,-1.55696752773485
-0.305190832681812,-0.848367672643521,-0.349129193532557
-0.683163411788597,0.675609150960678,-0.231430628908208
0.616035764906444,0.818921864392737,1.8263305256931
2.39419530382301,0.737087446708001,4.26317531283594
-1.53037708521034,-0.0044652715075511,-0.0511815386832981
-1.4949544969903,-0.305605796837207,0.82313554145585
-1.27448584857723,-0.286926283422097,0.529471575015691
0.535023826845169,0.0809931245942362,0.340279763431459
-1.56365280901724,0.847448614758834,-1.84972063615157
-0.724281607278181,-0.882268799741808,0.463175881967701
-0.102091800904562,1.1531407509975,0.95528114393694
-0.593694553373549,-0.216116876009128,-0.0532538955227145
-0.971949946486995,0.305284548140416,-0.215050124712224
0.235125540124809,-1.24331746099905,-1.82513210223906
-0.989956879479282,0.0459646661258102,-0.213685204701808
0.522048364651168,0.452440687042021,1.2458413660584
-1.03666620996273,-1.03119112111681,1.19371548113933
-1.15352902178389,-0.742215621431903,0.987271333963844
-0.859964464696676,-1.22330329156275,0.957332369420267
1.80122202463229,-0.146450064219887,-0.713271240658612
0.187414347939586,0.648306088865476,0.649067203663012
2.11796801968182,-1.36748660473526,-7.1628992566485
-0.43818076451023,-2.53255777280457,-0.460236056620262
-0.303292137761411,-0.0697442801661221,-0.0393033902837355
-0.378067573332717,1.89075999171499,0.340048311561614
-0.104440333277243,-0.735862078163824,-0.509591763613606
-0.0130613430008961,3.6939801015867,3.6892754195386
-0.992888341150378,0.417690198336316,-0.353826166329293
0.111655244158014,0.67542727970945,0.852479708975475
0.0907132641077583,0.584509889833123,0.580064525598902
0.824368773119438,0.342228129394968,0.80750893940974
-0.323352509494198,0.906671727777007,0.402125963112228
1.15353023468936,1.86684900967086,6.15110691197297
0.173354517248113,0.0449948807217572,-0.0473447317255325
-0.0313457641008999,-0.782202045798782,-0.812563090135125
0.077086193353112,-0.138576997599596,-0.294981623183494
-1.34369885833339,-1.11186630601115,1.84702212092307
-1.89336786313516,0.263572124342294,-0.733999471341226
-0.281631648187035,-0.0794189714854063,-0.131624194604457
-1.99332280359522,-0.566393699739044,1.76708648566448
-0.438839625505566,1.24971537693481,0.217569954099676
0.126278205949907,0.299237356017962,0.294297949970057
-1.06661831981654,0.117677871654114,-0.259550284568508
1.19625583249226,0.473730150152665,1.42486689968688
0.563110050421775,-2.00051550734474,-4.35946046150949
0.522929239925231,-1.43580991167497,-2.78087214689079
0.348344337823897,-0.409130648807256,-0.782376679437034
1.4801652264813,-0.95398882109598,-3.69604557607576
0.641281240843332,1.33016689389868,2.9436316906395
0.187383500926595,-1.62256701592526,-2.26949886287299
-0.601877644887818,-1.39225406324787,0.32803337187096
-1.09885486103594,0.497507162267583,-0.746491491841858
-0.497763393978134,0.0367009978118959,0.0007765369420996
-1.35116505865856,0.198768648836141,-0.233313441196265
1.52568492272629,-0.345117113303883,-1.46998116567222
0.965534264779776,1.15500144129748,3.34792943556907
0.145794065220445,-0.397129931659355,-0.686835627597149
-0.735021831084394,0.0849678466982573,0.11690215345746
-0.78192802441792,0.108101471012586,-0.0240877933659948
-0.448627237578846,0.617791362141007,0.0800727724902318
0.938685098169447,-1.15835578033154,-3.17208908462054
1.37301459955645,1.80733350298764,6.60996706883461
2.20876915682531,-1.54773324455018,-8.332192130725
0.397117963882471,-0.0221334703875835,-0.110476639301628
-1.71153895877585,0.955754258907486,-2.32530326844629
-0.418539766818601,-0.107828192706524,0.0079898005550844
0.526399176946195,0.207506111765696,0.396210226282602
0.714532110042497,2.52231606066982,6.17226191930761
-0.0910045572444146,0.131605461406822,0.0057086575900909
-0.0789223668953023,-0.871728697486734,-0.706384492829348
-0.865499696732051,0.989327056678233,-0.781311283542569
0.2598322114172,-0.647865502344065,-0.942009528027733
-1.71027398598272,0.864958551797203,-2.08581952749775
0.110142986985164,-0.726567152005722,-0.934986626912781
-0.99116735628112,1.74981790871835,-1.69286036876225
1.90463811750498,-0.848681347244786,-3.9303882363266
0.69820123507789,0.363448906820658,0.977921869953332
1.35920177925906,0.294106659150957,1.21057577651963
0.15763440016611,-0.111253520672602,-0.244918949926713
-0.561654155475286,-0.218801611764298,-0.0386599192512376
1.87728823451127,0.584825373612642,2.59828748454106
0.856833275855123,1.20606654433114,3.25091579670468
-1.87143040845305,-0.109656554364877,0.383256222868885
-1.34869399508436,2.91930101907443,-4.99424877994183
0.0320412341209278,-0.142722407181001,-0.101969069971798
1.05025234549803,0.204689555270803,0.706173346076039
-1.48958663306832,1.39479561510998,-2.77280497568767
-0.851947415189007,-1.50380296442242,0.967457686398542
-0.633942636586404,0.909543150749645,-0.0910602044355428
0.744209835596769,-0.809873716501748,-2.08988856712777
0.705549348793668,-0.196092096514325,-0.578258389785155
-0.213255363888381,-0.687393989846522,-0.442033203273498
-0.199923194637056,-1.01020929181518,-0.555858806852652
-1.20358522996854,0.0117668575197057,-0.0568174890326239
2.12387427189225,0.171485280621927,0.966565761084825
1.23320724228768,-1.08790402881938,-3.71688331776783
-1.2136459442993,-0.959721874089105,1.33737551287575
-1.35968969994528,1.37916087569279,-2.23313902005195
-0.621450019519252,0.790605642593919,-0.147190426413536
-0.753673406522657,0.461176173778612,-0.202041462210551
-3.21853593176254,-1.31567012314617,7.05083353000003
0.592148444608255,-0.920857772180345,-1.9594862205549
-0.282989712759519,-0.0450991414951001,0.0564463848518665
0.313097802738003,0.584225228810006,0.830970254701409
-0.228130194000581,-1.72016423285089,-0.844701776706406
0.26625092187742,1.72141839703114,2.4842048613152
0.673877021727518,-0.751110844409559,-1.68660557523169
1.28221954959987,0.369063991452636,1.30603937367933
0.734022693438037,-0.0564267878876222,-0.16612214657395
-0.0659463888658,-1.09848097042785,-0.868321172678576
-1.04631715495276,0.856600374264796,-0.98547679393059
-0.190743965660901,-0.310853591664347,-0.174753557812511
-0.691054492028725,-1.70787715782805,0.659934375639774
-1.83860983944198,-1.7089745301023,4.70847997824261
-1.9979057004986,-0.0252032596974161,0.0125550381807135
0.0002888753037796,-0.104985398153816,-0.0790649466182016
0.337133970630783,-0.310416421647006,-0.50565083869918
2.08641756545687,-1.16694456461533,-6.01605100126921
0.27895153813686,-0.061129684331084,-0.0892089743382213
0.503055133332271,-0.918972757724386,-1.65768812924649
0.361267135610289,-1.31079672001793,-2.26381551099327
0.646057830697449,-0.288562846893626,-0.620662179075515
0.222321344083033,-0.468782358492903,-0.703397380295185
-0.786397492997936,0.103821267547558,-0.0482577551665773
0.174756550007195,0.354121643625196,0.412174956140165
0.305547793002875,-0.10023058325858,-0.302204788110495
0.467825796063684,0.272676147601695,0.493626905522275
0.334467627252964,0.688107739090605,1.18437012384807
0.752228003612841,1.22107997816859,2.938084506189
0.277503720888542,1.67168260953781,2.53978270942357
-0.366214281841183,1.90919714624729,0.351320712682552
-0.141747988784172,0.0199748456935286,0.0107384177639305
0.969486578426866,-3.24872654137794,-9.497143423866
-0.778652765934529,0.624948920464622,-0.445092948198349
0.413576333211098,1.17750585971801,2.28417055680818
-0.051850526703424,-0.701448547034363,-0.481538474653071
-0.467851041745461,0.190879233532996,0.119863570291771
1.39058696012163,-0.190704863112086,-0.771049198352129
-1.23921366010953,-0.928201861644546,1.33754291552135
-0.752162361820996,1.53130636749232,-0.812347242094534
-1.10637631096782,1.61872736485074,-2.05062183417158
3.20777416247466,-0.166614157846637,-1.30828968347789
0.021381667874914,0.516252054454561,0.392968207346362
-0.911747043135047,0.958179032396754,-0.701038878352027
0.179098301741076,0.458408305576741,0.80947988084796
0.32567934289964,-0.753373260537872,-1.01072903575169
-0.718742184488198,0.487177752026495,-0.248404721789071
-0.722172606970095,0.308551636376519,-0.11430572009679
-0.21104196334959,1.19999093515383,0.525310500265294
-0.965638575582003,-0.103028582630625,0.330283125806824
0.487076012561595,-1.55903600257828,-3.07595492972775
1.21209277957227,-0.911486168422455,-3.27248553680393
3.74966492141298,-0.500043327780099,-4.22543803960504
-1.33949581862934,-0.319515163648908,0.733449934623307
-0.190408758965598,1.16317117758745,0.791760092707428
-0.629315223678916,-1.54559597019131,0.241233512996213
-0.503200606132598,0.126297207318044,0.0781343929927216
-0.119097291356045,-0.0061236555623277,-0.0161141139442262
0.914382986288959,0.448682734518756,1.19578348300957
-2.49377984278711,-1.03287284310515,3.96105206685541
0.855274515750616,-1.73006853824447,-4.72192514311954
-0.292684211398912,0.595300846941401,0.313232999498921
-0.0614813474358069,2.82924538818978,2.61975760519302
-1.13167812806076,-0.158582737350711,0.159199744967339
-0.407151173934117,-1.9321315379617,-0.458386314599745
1.96142461673136,-0.172938635752333,-0.854892852083042
1.5669165338251,-1.0772165934672,-4.40829565108361
0.218503169517067,-0.0388152292874403,0.0635590285071542
-0.510198015259601,1.10089295659405,0.0680530730946087
-0.648858453181141,-1.11112829542289,0.19035024152182
-0.777053256607848,0.405140557942674,-0.148332364265062
-0.160702674256429,0.251963608049005,0.109674047920478
1.21497889909001,0.620175446408318,2.05880570986927
1.03424546126122,-1.08606930964303,-3.32193067869959
-0.498072717164087,-0.385422015427527,-0.0628095307093568
1.8825231022217,1.03480338766003,4.98457585140137
1.03555474261028,-0.962036973852207,-2.98274727397625
1.41666267777408,-1.07405056564736,-4.10467393117188
0.592101968052397,-2.35703308615231,-5.18218291351098
0.434462896868323,-1.09259517374639,-2.17298496945133
0.685369902529953,1.25351781897832,2.85483863441848
-0.441793348688296,0.0064936943609855,-0.0295123392676505
-0.069906961940769,1.23240731324823,1.16976719636
-1.06496216809078,-1.29574894268369,1.42548014038564
-0.298514965599233,-0.1357786844277,0.0293147856048902
-0.741645368383967,0.203367400497568,-0.264538968300612
-0.0175014528078846,1.01499536434574,1.04429138968909
0.285605085271312,0.0887151419301088,0.0033482443918485
-1.25131489524356,-0.857532120153416,1.22332380896851
0.963519279913672,1.218482014858,3.5353241491602
1.45579187001074,1.18179543132952,4.62701686161629
1.25892792908108,0.354571819599418,1.26779806184635
0.552764114476669,-0.0949491511632371,-0.10036495328246
0.296058273575626,0.605862295945859,0.949322754196327
1.26380813164535,0.698138067994067,2.52912463599334
-1.13166805803191,-0.243580237436605,0.307596039214075
-0.0970074635333063,0.71237441355684,0.455580025472277
0.511189091430944,-0.790298128562684,-1.50005057222757
-1.37271792770756,-0.0796067594495838,0.0770356551445166
1.40789618551912,1.29722058865073,4.91640595037808
0.311165834501806,1.93034180449297,3.04428317870153
-0.61973369655034,0.651588330091731,-0.268437928110214
-0.823227539064206,0.926638811580564,-0.737611616012701
-0.801346844767218,-0.789141910109706,0.367821309095883
-0.397039701313215,-0.168091839418846,-0.0436529164124167
-0.128395497065674,-0.715824973239339,-0.526555982997337
0.99712932723512,-0.595780235209216,-1.66905490783536
-0.703626942060536,0.164736438721258,-0.0976978028808361
-0.949512785334128,1.36018707787926,-1.18589267842755
-1.17810213105345,1.1230758878532,-1.47561519637882
-0.830379580476638,0.30583848650033,-0.27734810912115
1.31118010640242,-0.275486580092014,-0.965840479596379
0.436115191386528,1.68180642174377,3.23843779417707
-0.679269078665823,-1.14148083172111,0.422084163330862
-1.42784657981622,-1.37297582515481,2.65829186995885
-0.352768998138453,0.477400992703208,0.139860289783834
1.56291069482925,-0.0521850408324463,-0.331804220220529
1.38446636024155,2.12609195458057,8.05156950215197
-1.31885050043552,-1.4165078147029,2.36099047307379
1.19895320132656,0.0205805679167517,-0.112727253584656
0.215622566881361,-0.668242740664346,-0.874149801793024
0.0858359254793246,-1.01775647952435,-1.26467084625322
0.737602682364007,0.712487098452395,1.70112327705428
-0.0891742246186143,-0.375024784912339,-0.41806471675453
-0.285770966736669,1.26483705505784,0.596651813372572
0.706603434835399,-1.82838983252381,-4.57981759034641
0.982000461627495,1.51064943442507,4.52989823848699
1.28458433275589,1.11090706982427,4.0551531951592
0.761136423665816,-0.113234012066675,-0.283236842163043
0.0002865464769546,0.616100653136277,0.753028990826586
1.568374988565,-1.5134157406031,-6.19250938742178
0.212864404909801,0.473075660830793,0.552546753610977
-0.321435902753892,1.27784822694572,0.506188575602463
-0.230198929369389,0.567519589910063,0.458528349150646
-0.493085435893175,-0.53187582890664,0.145922676211191
2.18326653687373,-0.51247826869725,-2.79550672888687
0.330646857819705,0.436153147218111,0.586494653701286
2.24349030881272,-0.378247910608769,-2.05346701502161
1.42203995803629,0.615064862022539,2.24351433565588
0.978207333512775,-0.740065383894372,-2.01953663548879
0.147585090195654,1.52294825026516,2.17809677281028
0.874297632232843,-1.11672205864134,-3.30528107581315
-0.134028360622524,-0.309185166709064,-0.0865103893270595
-0.0425795522782672,0.276616900063955,0.367458827524784
-1.5936887458105,-0.743487043424025,1.52307680134747
0.286403618575686,-0.144372551991044,-0.211994762341817
0.932376038571789,0.275543411475003,0.860848004346237
-1.08258406333528,0.931379807937113,-1.13792790706327
-0.297228426544575,-0.426441933095788,-0.058107163254123
1.95520780452621,0.301652069940181,1.57626516260567
-1.15386765598695,1.27832574236465,-1.71029152002354
1.24397724475516,-0.800975745816397,-2.8251931458748
1.31276798506666,0.593072243755143,2.05351075496824
2.52896756394213,-0.548315116202755,-3.26899122776834
-0.893065334470033,-0.208214483399915,-0.0539630718423482
1.15797488653975,0.670663428382012,2.19329696202677
1.00086371911218,-0.243787555850307,-0.686226573293061
0.841788510523996,0.338447863445749,0.698013184662571
0.171422497632024,1.07607086381474,1.43615967664562
-1.00232319427422,0.130962726874321,-0.193153147415851
1.56668452993207,-0.0918625870492051,-0.478134551646828
0.7071452357566,0.985447550664418,2.4977695506682
-0.274847700680828,-0.718497815146361,-0.160450953355696
0.032443057150685,0.726579774055334,0.677366090818698
0.466862441352473,-0.0660406314104621,-0.163246318414543
-0.528776258114774,-0.685966775595318,0.0612888964706342
-0.195839803090744,0.0421887434359529,-0.0641252270086536
2.28974445759345,-0.420249323380308,-2.32816976218398
-0.609836992177982,-0.023998338934044,-0.0779570526383233
0.549380363387233,-0.178181526112547,-0.437911474995242
0.148856368030628,-0.57287974988244,-0.794444833646453
-0.0209085889015576,-0.442739565655216,-0.440504473947543
-0.496986976353675,1.53646223968792,0.0950404544835545
-0.285380919893815,-2.18976951879905,-1.00405288943488
-0.641832625086803,-0.478712254838415,0.0708631996141642
1.3581171275802,0.86345707439159,3.16105931530889
1.24958895667657,-0.176546094552432,-0.528153563002921
-0.0102072372282305,-1.10414585593416,-1.21292250487826
1.00568470759909,0.284036450644798,0.773703882583809
0.908112177658707,-0.363160624355475,-1.04240778342003
0.887233650878268,0.288978868852589,0.865625029705901
0.592917074259629,-0.23330894581354,-0.397713022358627
0.097766653077203,0.173122646905763,0.255278635505078
0.276505785955174,-0.871456475984472,-1.31425963548855
-0.0419987023429787,1.41957695493251,1.35073218281161
-0.559617606790875,-1.2376933957688,0.232974608335022
-0.419754043831636,-2.53148672045854,-0.348052334973661
-0.660483179565511,-1.39920315694684,0.538449015291422
0.429759792140568,-2.30679233334765,-4.32009369163568
-0.444811284132186,-1.70195359018151,-0.124430909141733
0.735276198352664,0.271202746661198,0.667040047360013
-1.16764013221242,-0.920792379035973,1.3563239950512
-0.902800244991386,0.820498334112201,-0.653509937461012
-0.523302294727084,0.696130537385153,0.0081995537955615
-1.13559929876005,-0.0016729784830021,0.0708810208352075
0.0414215790674494,-0.0743717288078097,-0.123453990904735
0.622778788485629,-0.175639294815537,-0.539423407725017
-0.893406559582777,0.383681560995754,-0.261389239533637
-0.114564833504431,0.738748660253572,0.605324453526121
-0.633120306986968,-0.0548688414634372,-0.115302723833962
-1.2739370500219,-2.06878676642987,3.03767447631635
-0.300981469609311,-0.117667044448138,0.0323641092025517
1.04383944599499,-1.18160845808511,-3.67111326982571
-0.945278751595521,0.424502283453508,-0.428642069423509
-1.75702157323276,1.22297878632361,-3.24389796114334
0.0205760782290067,-0.509298592354046,-0.446553462323901
0.422478615343097,-0.470489030795552,-0.890174956320394
0.397969876005083,-1.29592172707513,-2.41367321388504
1.49762357178948,0.194773423544461,0.76710677539368
-1.14504893217934,0.421127444403026,-0.617927374806837
-0.0752621124674824,1.12594413635924,1.09904437194157
1.41156585030542,-1.85006857525704,-7.08504775920191
-1.85147500955238,1.11428103709874,-3.0830432532496
0.429804443267995,-0.527737738166944,-0.978589312424778
0.215401884050742,-0.0417518501168989,-0.0213406043064521
1.88268963808198,1.12163856249895,5.2939689860339
-0.732453969816871,0.187727765623589,-0.262291056663847
-0.824255683646223,0.67785165378604,-0.462736266103885
-0.942484540478364,0.93905700269494,-0.812944758649769
-1.36052561455566,-1.2238483718638,2.11755974948545
0.104178084707059,-1.10359573680022,-1.35716001622595
0.0873826818145876,0.458407457498447,0.561497022928951
-0.017132877610711,1.39506533435715,1.45814264331028
-1.01126376816506,0.182750735906098,-0.281404969082708
0.442508246510625,-1.00622434125971,-1.97680770646475
0.233831750880101,-0.674046770012772,-0.947319592310356
0.740592440784889,-0.0478782585557917,-0.145502598464263
1.44944533959749,0.383507126696396,1.40631155387948
-0.852380784271564,-1.51501313564839,1.15591921213316
-1.02216152469958,-0.487991663080581,0.612350020700165
-0.70408677755359,-1.4963698565456,0.494105534785084
-0.361381678420914,-0.200927514418471,0.13204131599636
-0.205343489513081,-0.154301587623928,0.107695319833825
-0.026503931595382,-0.327598964997681,-0.342067486654483
1.38044989292811,-0.327548692296067,-1.21259223773771
1.02945534279771,0.0452155161410696,0.194758205082728
-0.325887283021263,-1.38823911000405,-0.494103287034443
-0.812712323694952,-1.42533252446937,1.07262171217962
-0.588187964280082,-1.17717566315789,0.384261700120278
0.195455002620476,-0.77597141932055,-1.12315786755332
0.490846965029999,-0.724438580999,-1.31379818381436
-0.388335535940309,-1.15199594682544,-0.42262813589705
0.203650885422976,1.3247822588245,1.71649177297599
0.0354357223882075,1.74148378932742,1.92675093627048
0.460755991033055,-1.97021493763909,-3.8934625340171
0.374161896086477,0.0206841340652644,0.0199625002846268
-0.796938782393462,1.29734223904583,-0.710930629187784
0.631486780588302,0.200786831900947,0.484430956097237
-1.66863946507962,-0.157225563992086,0.284606613384697
0.209664732926369,-1.02391097574271,-1.45878247731092
-2.4211736643615,-0.552791251868873,2.26992439768794
0.434611085403097,0.602076252747152,1.10007518896567
0.252467401091544,1.82003204657958,2.80683607819169
0.371188548840743,-0.175527340065613,-0.27747223792847
-1.04711940239478,-0.994269762365895,1.09849753922681
0.396989957297288,0.604871004622232,1.08481340535187
-0.633131037451956,2.04448604056514,-0.524633349795232
1.58627984294314,0.494727627865364,1.95881703153555
-1.23787782395527,0.47242977429814,-0.832772119011572
1.01531388410159,0.905581452920134,2.88810253330888
-0.16471705555653,0.76185347248409,0.611043498540408
-0.516609064855175,0.194933280177017,-0.0513688038328026
0.864052140809653,0.524296474886327,1.50827914177488
-1.20655028111839,0.497138696111405,-0.698863849514179
0.734939206472176,-0.448392098542179,-1.12745520085744
-0.855805417685564,0.39070800203024,-0.302740093926317
1.74278564629271,-0.80397741166886,-3.70451354222854
-0.0688561712220896,0.153210598128815,0.137784702493613
0.133304054971203,-0.0843864168233083,-0.0121392840475049
0.194366115963671,-0.312070415130778,-0.428553280600151
-1.29912204875105,0.83395704910248,-1.40494524973829
-0.313290034288156,-0.921635857082499,-0.449117149454285
-0.993930438875693,-2.7088778987934,2.61869299635251
-0.028683024652863,-1.46971606513663,-1.35441356617878
-0.144787662813299,0.308928358693106,0.127158879392042
0.2870853279084,0.690491757741237,1.060482113634
2.06162204672343,-0.683610015384721,-3.58415614096823
0.802131120217573,-0.4339551512254,-1.16465743814748
0.0191784926174655,1.014679855333,0.893362647187531
1.15183841824977,-1.06781145449537,-3.40869227061829
0.199197496156662,0.340301168519135,0.398616700784181
0.244831367900381,1.03283008274735,1.37004235999453
-0.396472790427409,0.649565334202626,0.0918963430865809
-1.45865829147093,-0.51993199515592,0.847307810488987
-1.08921363259123,-0.697179381978524,0.704473878759044
0.238131602956375,-0.985275712810498,-1.3483727045214
0.716023821147856,1.16623901723554,2.89654259386736
0.131226717323328,0.813505860146033,0.76757854166943
-2.36311420976581,-1.14012158235986,4.26187999822929
1.13894558566306,1.2431609366342,4.10582210130322
-0.955359220750377,1.31883959364616,-1.33412716652839
-1.50068536400045,0.674481926531402,-1.10163934953873
0.421881818848774,-0.395913465438895,-0.553535554490221
-0.756638739978022,-0.127039802944431,0.0730776321819359
2.20012712685281,-0.316227976484062,-1.78324686783118
-0.687140924373828,-0.0900202322747642,-0.109237464176029
1.18410189711282,0.0561282786636628,0.0342109570771202
-0.801089232340725,-1.40824686820314,0.682628859860566
0.665209204901746,-0.731791551256599,-1.64674790189766
-0.115667791834077,-1.28645021572042,-0.936596041059182
-0.841565508472764,1.02044427336834,-0.625033363520763
-0.550923728940802,0.550797930767233,0.0614758009657785
-0.236543189805377,0.38330599008293,0.223079000500778
-0.270085978564801,-0.66302948723602,-0.239901713782986
-0.320054420840262,0.441523636447432,0.0914171738251391
0.1293409487854,1.7802576028369,2.25222173902889
-1.22364842041715,-0.655522966937938,0.837518247277093
1.56630698037569,0.738368837723156,3.11621317718682
0.675644078293415,-1.44896637689447,-3.40146674843387
0.260645670305083,0.22064642020018,0.266053995291209
-1.62191387549072,-0.22789379331478,0.644963418601816
0.694475204634526,-0.139504656558176,-0.305220038996233
-0.2278020164518,-1.60364154956579,-0.756867521020019
-0.744785538234484,0.293699903714905,-0.204746575730686
-0.247148616615366,1.03875764177343,0.470636925666024
0.152450149860036,0.290509244230029,0.536018817759263
0.511752031083309,-0.0517607335854271,-0.116447783950129
0.0465713850320519,-0.256602659142324,-0.291575477196121
-1.0841531582179,0.569396227788836,-0.535812420872281
0.17446702832751,-1.02889852698499,-1.18427879107413
-0.0833620635087551,-0.313686964743047,-0.176692144905752
0.786362697762858,-0.58700534135269,-1.70614400126995
0.224331333275768,-1.4651139292639,-2.21530404461454
0.0619713825923108,-1.07184963935803,-1.1799283587318
0.131299969413553,0.667026355325057,0.939133284590051
0.685788080211458,1.53789518085054,3.70430737707581
-1.43076768856786,-0.849227290560929,1.74012669428144
0.0818227832544779,-0.0864793975166281,-0.234712479028805
-1.29562882764909,-0.156971481346807,0.458287643430831
-0.834586874902778,-0.146860943253378,0.187475388164946
1.69981352751111,0.873811417037693,3.93286148650144
0.357139448263533,-2.71839442671453,-4.59356184522816
-0.447161358336858,1.28927066935504,0.158777316897829
1.09914363504307,0.532033302450965,1.53930576078813
-0.91574464024461,-1.17220780931746,1.09193034143123
1.32146813465267,0.514720788814298,2.03672564642054
-1.40879872447768,-0.901937859005174,1.61795576028881
-1.84010147571068,-1.00147393627982,2.64491613450166
-0.277266804668957,1.80609823777303,0.728059076460774
-1.0683260629777,0.766246671774334,-1.00647401324109
-2.39445172542367,-1.65987317493534,6.42446339537725
0.661519455753739,2.94188051581919,6.80693668047119
0.389714356823665,-0.594883894369449,-1.10264948597088
1.4371546868384,-0.351361867836993,-1.52204427157704
-0.805228764254181,-0.566133726596168,0.406607277598177
-0.571658281274728,-1.2058457624367,0.203775965592292
0.584245630032893,0.331272740818836,0.677352839493165
0.0157738411885944,-1.21786525751951,-1.10999926820708
0.646353556074281,0.314751548591004,0.690829168210225
1.34466515970438,-0.965017463838023,-3.68461065704278
0.309262343252539,0.984870505338111,1.67935151342892
-1.42437587390585,-0.105801111822693,0.232944522740702
-1.51130696154928,1.69417004899604,-3.58452938878415
2.92563552893469,0.534700892685883,3.56087311296566
-1.66967239774535,1.63582293010902,-4.02985506556806
-0.24509214455434,-0.947578731868124,-0.553911391069948
-0.835173134142164,-1.25151224881277,0.821082538896696
-0.385691989579451,0.431325640896292,0.065510196442849
0.209854410918069,-0.344709550045272,-0.528412395305902
0.321481677131746,0.0957900593389787,-0.114511957142214
0.476191330319135,0.259525371782891,0.608794760276569
1.40095904311166,0.518621331190196,1.77787142762856
-0.279670375990235,-0.125933156609657,-0.0279885790162955
3.39687170782481,1.0989613693291,8.59091039053315
0.283655877541337,1.26256620664631,1.91566722188585
0.486147908942561,-0.580289820818281,-1.10252949984739
1.8590305748676,0.0599633710445055,0.392418639758719
-1.30002666458289,2.02350049025239,-3.01412102927007
1.31762498476777,0.409363515411441,1.32373741810029
0.31024504858266,-1.40004022485985,-2.27127958281746
0.0460260204183114,-0.865398940500402,-1.12878097868445
1.23622329302027,-0.788393133805007,-2.91810238859153
-0.0242081512347002,-0.490176750499462,-0.548536508801153
1.87950632302359,0.35015479591416,1.65699918643087
-1.17607558683704,1.14312747008904,-1.54014526526838
-1.05875159104746,-1.65422718021025,1.94858155185989
0.867622181772459,0.540879770296587,1.57991843832637
1.67920740513787,-0.728755534022266,-3.1848848628887
1.62105316462527,1.82320314848975,7.61837697907456
1.21754451735954,-1.00259395537823,-3.38797542050525
2.29273177828904,-0.230383029570433,-1.39594229740162
1.06425454227243,1.89515819167018,5.83005274660598
-0.466629285503415,-0.47867102190418,-0.0425974596381787
-2.30293294241023,-2.40061556770482,8.54023497620227
0.97923130142693,-1.19453001374941,-3.49303020141976
0.0373626200441226,-0.668499575142704,-0.614075071366012
1.18787949364453,1.05294488737309,3.56727105884768
1.60219594914764,0.192722613187672,0.969708587656258
1.51714403035601,-0.142145199915475,-0.539471820104935
-0.638544950600482,0.337646159154767,-0.0996106413892056
0.526332365251547,1.86245151896264,3.91782347074228
0.785503357058792,0.771041861913405,2.11447482965181
0.320121820377535,-1.31243102994678,-1.95129001744205
-0.0924923372786341,-1.07723095096305,-0.824831983795295
-0.474222184720025,-0.692853218774529,-0.0185844414901223
-0.736996616537523,1.26939154741931,-0.670161158762161
-0.0542484326556738,-0.0718454379875077,-0.187839994050625
-2.13830863239925,-0.414671071031079,1.45991785201772
1.18635862613337,0.141462627839975,0.547079783582066
-0.870426540968155,0.398928284535057,-0.389928710310738
1.10749186103028,-1.82307586603528,-5.92356353489869
0.921123490178371,0.148009607925903,0.406816757857725
1.37071360328118,-2.0884152878317,-7.62782605422881
0.109978701331372,0.293607062952558,0.251586510651596
1.64421551980491,-0.260920367842064,-1.21488135830586
-0.0127548221951284,1.31353312619151,1.2678856747194
-0.594059629135549,-0.817652498460127,0.165116001215906
0.776420228389804,-1.42610283319022,-3.6226534000811
-0.153863386873999,-1.62253559198415,-0.884320901518878
-0.944172687800905,0.317824804948532,-0.354947267598897
0.636796804345586,0.96375454927575,2.21273101064755
0.547733973128088,-2.02065025467171,-4.24215381706339
0.229625533021061,0.471946737161138,0.754679120672686
-2.0028925891268,0.669103803665635,-2.03892156925713
-0.968221759094491,-0.397505513752101,0.175452376869468
-0.269825552339383,0.049354261542436,0.0373474758868984
1.32931806531785,0.306943991149556,1.11161313524644
0.695684699569423,0.558345799930328,1.37528792011311
0.830893051352262,0.945151551482105,2.56532656925704
-1.60390829403029,1.34957050286098,-2.82120027637926
-0.0698572745432093,-0.898517423005507,-0.615724927281379
-0.871313016663538,-0.278935845686759,0.260828761325043
0.10800595082884,1.2582904737759,1.45318370256835
0.0593376344899549,-0.442279152236055,-0.530923109617188
0.952315160948482,-1.06666802520173,-3.15145464988198
-0.224861233113249,-1.43784165014418,-0.656712048912853
-1.21594724225311,0.577612656120018,-0.884456705728806
2.9355540058973,-0.273624059191334,-2.10462616141193
0.761600083285029,0.220689061395705,0.507068658588735
0.890785805742787,0.362756741407034,0.951719658390884
-1.99136270928291,-0.113673756485358,0.330628542268728
-1.9255928296304,-1.82791688589725,5.21794183851741
-1.26978007273905,-0.698699173158412,1.15213337740736
-1.02640756535608,1.14526580924377,-1.23869059335614
0.652987821992706,0.510425537473036,1.24138056735085
0.459868937013913,-0.49227717646636,-0.980334345613645
-1.07548827039535,-0.275825859874498,0.342868123189543
0.559291461868781,-0.25506587973318,-0.55381298334901
-0.439464988750366,-0.576139098261244,0.017328736790495
-1.58301186907642,0.899086223838456,-1.922111123816
-1.15372547160579,-1.26625540799218,1.61216665719938
-1.41857184665292,-0.34843896975216,0.560108935208977
0.44836555100943,0.703401581331489,1.4331881877883
2.13889538327598,-0.311222586287129,-1.77645594309819
-1.35199877516335,0.47505050766337,-0.884178521451207
-1.79813627538652,-0.0981013728774807,0.410516343041411
1.22121445980725,0.394365896391145,1.61108515353634
0.61690933087197,-0.0217566069934059,-0.0592541648452433
0.907921857902533,-0.243994337445078,-0.615947452676673
0.135285806270775,1.80287766475065,2.28104046099067
-0.275525635782392,-0.386330134258006,-0.251963264369883
-0.219348138151268,0.999287567615811,0.481145520836525
1.780720391967,-1.35870216263739,-6.25376035667932
-1.00689906980568,-2.68450851378906,2.90359513786088
0.45881160377754,-0.596796022140446,-1.03587147859609
-0.194973088286968,-0.488631831802142,-0.227897517939293
-2.15445989661996,-0.74903205794949,2.41883352362948
-0.299673265478216,1.22846287354223,0.556476573031125
-1.17786959972275,1.05986063951561,-1.43528225113483
0.461316035063275,-0.568204367780566,-1.22464005897315
0.253598649454846,-0.517938000961308,-0.913221104716728
-0.810820666011991,-0.333564696127977,0.269006725161185
-0.743314620134719,0.158346121831322,0.16532726618633
0.953962187384669,-1.01462320567411,-3.11796850500118
1.32264245286816,1.25328741835394,4.55278004267761
0.123019241842672,0.0543481836442172,0.0692609948636089
-0.685821264877665,-0.286662591148514,0.0458185628526278
0.0801720840027202,-0.121986748315192,-0.262074034376281
0.181320350889712,-0.190475600138941,-0.214813257689597
-0.531368523380433,-0.0837437572543845,-0.156790221962322
-0.337993194333097,0.76245030101218,0.227804586154716
-0.616098409392278,0.0247865929107253,0.122382016019059
-0.527694109828548,0.65553085645113,0.0069304612298117
-0.465824142154092,0.166302202890437,-0.0320870640720483
0.788041266119289,0.727379403419996,1.86881707271336
0.186199439274612,0.833849900454054,1.11246942753093
-0.588107817332356,-0.442193257260813,0.0372768250665867
-2.25710925404344,0.265876353168128,-0.894983336408504
-1.24886870487527,-0.982798674658584,1.49636677104095
0.583019464186073,1.81004626678708,3.6928453668624
-0.439618150232516,2.62685506887273,0.331968027883161
-0.147922426908178,0.390092871964199,0.102265068158643
-0.117981568984346,-0.694805472806896,-0.446951751051946
-0.38925859363276,-0.46004519623175,-0.0897697780085586
-0.533467611235809,-0.938804555036285,0.198271998463439
-0.975842522029493,-0.699548055664751,0.640529489193404
-1.00814451482562,0.109503493103098,-0.153139898952916
0.0193318892720718,-0.0538779524098134,-0.142227615588786
-0.429851539835532,0.836912068580084,0.230042214325785
-1.89279350300673,-1.05230568750661,3.04685419741077
0.721817294296376,1.61829148574098,3.92627008293381
1.30820250000997,-1.05985299241984,-3.83185342671501
-0.26611489096521,0.857196137281972,0.290098061288536
-0.509805334947681,0.0107234917393607,0.0109192949747223
-0.342166384612242,1.09459666029309,0.155247728364564
-0.633952577913101,0.808814356916332,-0.125788787148825
1.11702994519743,1.12971934600752,3.71148488803557
-0.871056048206712,-0.261708967459569,0.12376568443753
-1.91147610615477,0.263579316883928,-0.715237537229699
-0.798926421739498,0.113110083053405,-0.185354700114981
-0.362927484723306,-0.0327458058095447,0.0253871354443999
-1.70356023367716,1.18151129711655,-3.0575827378698
2.34036501020532,0.331358269475159,1.83460906928737
-1.33839464549407,0.757737098991737,-1.29511814727007
-0.548203926914921,1.00327665718673,-0.056615353726141
-0.33097719370641,-1.28390489093982,-0.369145327243349
0.315821526209143,-0.186783975639387,-0.254379283244574
-1.85272888953666,-0.0611721792336046,0.100331074159207
-0.25812100009539,0.696608230725451,0.306410756187288
1.06630788901893,0.578973761908757,1.65396986251907
-0.362872859086489,1.20046025505268,0.185081832774736
-0.596086556885842,1.03932029080649,-0.201420167528824
-1.26264172262944,-1.13847129384895,1.59367461285522
-0.53381863313196,0.91240091430297,-0.103884883967995
1.95534773275307,-1.74230086281218,-8.55774520063008
0.549111905331135,-2.3265542309802,-4.91949516822316
-1.38108386371001,-0.467960091105041,0.846249533727663
1.38491139445236,-2.49228849789401,-9.29791625223212
-0.618770478919888,-0.584168637449242,0.005580038011849
0.0689618995104546,-0.012701984747296,-0.0339093136631785
2.95785247774103,-0.209353568891378,-1.4472082368015
-1.84611214673043,-0.950725710331646,2.73731617060988
-0.605695611910385,0.61457458473108,0.0152528224884885
-0.324346141276138,-0.56913601961532,-0.355019083660435
0.159786565145726,1.04374742213188,1.32759149736988
0.697590105981261,1.62141151177465,3.90051843609845
1.91102462188785,0.251269979067587,1.06269621483025
1.54149580281961,-0.324349873481424,-1.37526565294111
0.0568966466062447,-0.13261163310077,-0.302922251021694
0.0792425343011505,-1.17536317280912,-1.48364536192513
0.0516926829868657,-0.890948021658016,-1.04095542211493
-1.23897166572861,-0.248687968448469,0.386305806633638
0.590400650885261,-1.50316223792129,-3.2904327993564
-0.723453204423878,-0.0032055585229388,-0.186427493229647
-0.012145813571323,0.324408284260754,0.332707139436355
-0.261870852259081,-0.694548832105852,-0.216135077271478
0.111598976481975,0.127896500637215,0.210622614683295
0.697773071596943,-0.571601014584618,-1.23419244342529
0.451381580300368,0.249838022463154,0.240165525845113
1.3067387012243,0.941434031727797,3.47866480134437
0.561342614133798,-0.700348262547917,-1.59062015397288
-1.47779431959513,-0.05023014354729,0.105353146906932
1.24889245549138,-1.68197405066762,-6.03166559633712
-0.0758042533870563,-1.58257805839621,-1.37263721747188
1.89443017995321,-0.245058746758862,-1.20688707699453
0.58207833870982,1.81929572334819,3.88034372605878
-2.05268799535972,0.293950042427703,-0.67796943422061
-0.45482112675735,-0.126360099553818,-0.0108277188392752
-0.703886825867369,-0.469409492099622,0.0089282129680481
-2.08168209667736,0.0436219253733646,-0.181793981022265
-0.873737023055735,0.0394854294255911,0.0010617287726648
0.153210976525627,-0.21528720661916,-0.296402115811865
-1.02634720371333,-1.72945358007106,1.97509650947292
0.762003045817456,-0.531442107246478,-1.29695728648929
-1.20982195647236,-1.52853015851734,2.30871784190656
-0.0414512997647839,-1.38209008090191,-1.10495426414554
-0.285535673007471,0.082943627911497,0.109364624096177
1.13802996883431,1.51260782842824,4.90245784983759
-0.0158344652889959,1.00478406773008,0.973610457610326
-1.48270325030346,1.02002748145175,-1.90655724031579
1.52213243067152,-1.01389077213502,-4.15037919803227
-0.964883941546998,1.72059458033729,-1.57294897974713
-0.40199887078298,0.208176419273653,0.0647679065488886
-0.455161657702951,-0.00333985244679,-0.0103439471100983
0.766059565357247,1.29450949560905,3.2774606196499
1.59569233828015,-0.928473501789672,-4.03885182556391
1.29742600611721,-0.909218984909574,-3.32823831626858
-0.732270525062289,-0.917731959271052,0.25536826295559
0.357316334770813,-0.707494088937114,-1.33539988793446
0.294189994848763,-0.904479354480707,-1.48658133708019
-0.14006444164614,-1.35465920736679,-0.952330672021526
-0.397385381722257,-1.20226440743896,-0.308717392882256
-1.13407039235654,-0.346944286705384,0.388424933727796
2.27792890219827,-0.888476247913768,-4.95919967651688
-0.894863500694234,-0.171896053739307,0.155832904879862
0.851273623973232,-1.07890384238036,-2.86750190185279
-0.529526197247205,0.997856562253155,-0.0467061307567986
1.3172420377188,0.593752914936067,2.25649870228075
0.753830199854755,-1.20718899921168,-2.95618062153235
-0.87497706887188,1.47862160018139,-0.969957440182754
0.34508938246001,-1.45337304137352,-2.39254796283317
-0.423051617744285,0.971225708642598,0.053441255782316
-0.414433873533127,-1.57743258189995,-0.201902605840325
1.77466966518634,1.5054619595107,6.71211533653303
1.44242083201972,-1.68020347918253,-6.53415343921637
0.4496798777284,-0.636453289107351,-1.32731545827659
-0.104589464806568,-0.0906323763957865,-0.0397901085919137
0.868402461016973,-0.840660248919442,-2.29814664709722
-0.178921967568165,0.454780205744907,0.194734010381973
-1.02101672003294,0.301320533465439,-0.403050585817762
-0.692746637935198,-0.893717000587319,0.46455099230849
0.547187527840513,-0.415244139989053,-0.81933431840493
-0.483225756300766,0.912206984242211,0.16490659807921
1.12731884641557,0.46444286383192,1.58284631092213
-0.277762757170557,-1.0506918024274,-0.543730783597705
-0.628261307220845,0.382211038373815,-0.10003514960716
0.507533329557932,1.09346103116469,2.21163158493619
0.253430097473176,-1.53035708227687,-2.19266401774488
0.979068626722535,-1.85914285516875,-5.58025596038495
-1.12005728923211,-0.783091010727622,0.925365458838278
0.521194617527958,-0.828230945944446,-1.89935268565906
0.255393493930512,-0.32464975332676,-0.43285743014471
-0.531510501749974,-1.23064969574193,-0.0397923676211795
0.901855338577132,1.72251155352246,4.7805453610833
-0.607018632870346,2.34559671292521,-0.488270558760572
0.567915641970861,-0.606945631341699,-1.31432466404684
0.604822894053117,-0.812259969478687,-1.747288705121
1.7411296552025,0.0102927686885467,-0.0019989535298184
1.2144296933109,-0.372557302507408,-1.16652598927373
1.0558083094094,-0.431843022326,-1.32664690922864
0.633114975210598,-0.212027662835221,-0.553535779334504
1.00145322157843,-0.151937679716345,-0.404026707635512
-1.22199608634218,0.347229207889708,-0.582317069707067
-0.0564348980284815,-0.471255625290619,-0.316319043999179
1.22901071228317,1.32466375426531,4.51813275397886
0.220858978068925,-0.0403835749492364,-0.0365407531720053
1.56941402093661,0.384532292371138,1.59376327072787
0.840263972146086,-0.811663923455704,-2.13403979699215
0.408823305220302,-0.199980206866201,-0.518289414291431
0.988812108172237,0.610474164806345,1.85820730602691
-0.145166524189676,0.475452269967978,0.378750518431683
-1.00933567967599,-0.653149714875742,0.677053763356573
-0.326428900447015,1.62810323456846,0.54048978850069
0.676756077990102,-0.629475741111093,-1.6147529326923
-2.36340415707625,-1.52835616287191,5.68098697925999
1.85765126175899,2.43611233193619,11.3534920730011
-0.447565119735612,0.530219226235194,0.0610455107672281
-0.447376761626173,0.783898824767902,0.0707399574968492
0.920899006004331,-0.649824571942934,-1.72844000148701
1.48640472550552,0.917208781149333,3.71860367457176
-1.01625231682902,-0.56966770625513,0.557286741157756
0.0344731129498641,0.131934890463332,0.0888132259127264
0.637257992941608,-0.246027263662288,-0.53158322115802
-0.27852917657659,0.562072930472224,0.202382588496117
-0.121322630295826,0.153087921757687,0.24778246781186
-1.03795693734626,-2.07724214648288,2.22407106814786
0.86461876519174,0.837725377984049,2.42517644333359
1.24496971363222,0.61248779581173,2.06675373679312
0.879413852398696,0.801806352435221,2.0651637234115
0.225196677248758,-1.37893703971356,-1.99307570889451
-1.34816123809318,1.26969442502322,-2.10768261094535
-0.424595433022312,-0.682123216775186,-0.16649409293474
0.802257967238731,-0.343880999460424,-0.885114855340552
-0.772518207875142,0.195974183137549,-0.105479338625777
0.856091318328986,-0.646555128932414,-1.76178046769616
0.686476468248648,0.0409218535395703,0.191090424311286
-0.521323700416306,-1.16482293126919,0.0983789891257974
-1.35303206591482,-1.63699270538336,2.67260640277547
-0.163153799052488,-0.382180723281263,-0.257212912222966
-0.849645584303994,0.946671648108819,-0.902468391489832
1.39294752563804,0.753944463396791,2.74874893597811
0.304829556350394,-0.391891359007494,-0.532693628111246
-0.0139444387124307,-0.362401421239994,-0.608238146005912
-0.268084402853314,0.720105790264464,0.585959320756545
0.482040235808646,-0.82325395555296,-1.65732406836701
1.0732684059392,-0.641580718542394,-2.17499612895193
-0.653480680326653,-0.274296793877217,0.0572474266216981
-0.937733332741879,-0.22300013780181,0.0458937518866297
-0.749545303233464,0.322579293353158,-0.122481757735891
0.271851865110344,-0.389925275429361,-0.577040000452012
0.673238783905687,0.258923560823126,0.746607468557657
0.337237244960651,-1.96587737812265,-3.30197235490943
-0.411706374156482,-0.381739114139532,0.0645889199608036
0.0370145604722079,0.957944138391545,1.14396272834211
0.0683372639368128,0.86723869986688,0.960416481595778
0.905841581771067,0.265677466064113,0.757127246485967
-0.404681303815992,-0.452159145015605,0.0274133411616056
-0.363072434474876,-0.0259233826113117,0.217033098121995
0.0805427041081545,-0.209156117499755,-0.266690318109638
0.624279028922295,0.857893687401022,1.93334466154373
-0.595631956412992,-2.1459151701664,0.224872935722175
0.0728848125537803,0.650084486386267,0.746553917884977
-1.81422019591762,0.69938455568669,-1.74121332320782
-1.11726580116834,1.01765637108014,-1.199600341629
-1.83510565831404,-0.0249252673980233,-0.0868204728438531
-0.29966701774643,-1.02251368508231,-0.532522729108205
0.527506269963818,0.827185735369276,1.66453376053491
-0.244739172979135,-0.282663851554152,-0.159693632029623
-2.49615077385219,0.281889038175208,-1.11214175109119
-1.56351571911145,0.117640334360745,-0.339068247037973
0.436172740840832,0.608491741449438,1.08730732399044
0.498019826589295,-0.693623145353126,-1.47164437269182
0.334692891169203,-0.289449622557734,-0.495532260817899
-0.678780688570141,-2.15087856943167,0.782064859414157
0.356251180659972,0.967916504388989,1.66779884035125
-0.331230221463695,-0.0621797287702524,0.137310408400718
0.78650955676034,1.61215981933111,3.99925325574983
1.43007862393306,-0.775626439534845,-2.88749932864079
-1.1832499745099,-0.547838411975797,0.80106141942852
-1.30367676574482,0.962707613867449,-1.50350755955111
-0.383096879647275,-0.350272886146621,-0.162992501643711
0.70619909337018,0.235770331790652,0.578866083811695
-0.874844325140862,-0.385859846107271,0.314821081652258
-0.355986310267386,1.93598501337819,0.533503912572204
-0.728040704198391,0.716211808656128,-0.493469982325852
-0.969380740201299,-0.171451929594045,-0.0140591024715951
2.52527319881616,0.562441810813302,3.46552247850413
0.676797625950972,0.159421876394511,0.230152577343189
-0.852846061691083,-1.7527743634172,1.38400319941696
-0.246091254524635,1.73112641242308,0.906362296701322
0.183996143100036,1.42850098775058,1.9199033869348
2.89627649554445,-0.441275500707993,-2.91427017169516
0.372976449145328,-0.256540827128339,-0.62720607814396
-1.41543240483306,-0.142977528847605,0.231026583224259
0.442769279581535,0.460773307746087,0.877708216092189
-0.793384610300604,-0.961928230535673,0.61579209455582
0.800558186386638,-0.922329577389566,-2.40093012859223
-0.161015782633336,-0.465288392930797,-0.12656863094291
-0.198398066608321,-1.47793940789132,-1.06770267611279
1.33844676123474,-0.47596700970596,-1.79328249945218
-0.624533604942802,-0.589545720979639,0.062474147752605
-1.51328249104675,0.0494096687272157,-0.288000678710829
-0.671858888783185,-1.05823452746404,0.415071743237821
1.02096651258049,1.08818474118175,3.37478936948052
-0.101358652337297,-0.0494753176428679,-0.258933400969491
0.0661173664338046,-1.16407037774449,-1.30086725686559
-0.10316396040215,0.501355303518687,0.213949411452538
1.09297834803247,-0.382267888310735,-1.22824528830952
-0.538348618729105,-1.11338347955151,0.286107952517885
0.40255027094881,0.736705317866942,1.20685223852421
-0.227774402518398,0.133712625677225,0.168299020911785
1.95260871863287,0.038599524175308,0.420412829422519
-1.82575755432276,0.615592614465794,-1.78489481724
1.00036274831508,1.50531038788209,4.27973554446683
-0.850421270183473,1.49765708962161,-1.01652822793368
-0.689565980284761,0.164831223037669,-0.10544036102286
-0.0714048663050972,1.75136526303469,1.62949395831108
0.0348177135231157,0.0297362331939182,0.225776007115947
0.0671350047186543,0.898296217425468,1.10679540324589
0.774242692468536,-0.759307122802526,-1.92001874526141
