0.00000000,0.00000000,2.00000000,1.00000000,59.00000000,9086.23466243,7935.95379298,163.31666667
0.00000000,0.00000000,2.00000000,1.00000000,59.00000000,18952.81092783,7935.95379298,200.86000000
0.00000000,0.00000000,2.00000000,1.00000000,59.00000000,664.69525934,7935.95379298,154.88888889
0.00000000,0.00000000,2.00000000,1.00000000,59.00000000,1862.73889802,7935.95379298,108.64000000
0.00000000,0.00000000,2.00000000,1.00000000,60.00000000,9086.23466243,7935.95379298,85.46666667
0.00000000,0.00000000,2.00000000,1.00000000,60.00000000,9086.23466243,5583.09470814,82.00000000
0.00000000,0.00000000,2.00000000,1.00000000,60.00000000,9086.23466243,4604.85339131,154.25000000
0.00000000,0.00000000,2.00000000,1.00000000,60.00000000,18952.81092783,7935.95379298,80.95000000
0.00000000,0.00000000,2.00000000,1.00000000,60.00000000,18952.81092783,5583.09470814,78.00000000
0.00000000,0.00000000,2.00000000,1.00000000,60.00000000,18952.81092783,4604.85339131,197.01000000
0.00000000,0.00000000,2.00000000,1.00000000,60.00000000,664.69525934,7935.95379298,80.25000000
0.00000000,0.00000000,2.00000000,1.00000000,60.00000000,664.69525934,5583.09470814,77.91666667
0.00000000,0.00000000,2.00000000,1.00000000,60.00000000,664.69525934,4604.85339131,144.69444444
0.00000000,0.00000000,2.00000000,1.00000000,60.00000000,1862.73889802,7935.95379298,88.12000000
0.00000000,0.00000000,2.00000000,1.00000000,60.00000000,1862.73889802,5583.09470814,78.84000000
0.00000000,0.00000000,2.00000000,1.00000000,60.00000000,1862.73889802,4604.85339131,78.15000000
0.00000000,0.00000000,2.00000000,1.00000000,69.00000000,721.71647525,7935.95379298,112.05000000
0.00000000,0.00000000,2.00000000,1.00000000,69.00000000,4888.31940462,7935.95379298,322.05555556
0.00000000,0.00000000,2.00000000,1.00000000,70.00000000,721.71647525,7935.95379298,87.10000000
0.00000000,0.00000000,2.00000000,1.00000000,70.00000000,721.71647525,5583.09470814,97.11000000
0.00000000,0.00000000,2.00000000,1.00000000,70.00000000,721.71647525,4604.85339131,80.86000000
0.00000000,0.00000000,2.00000000,1.00000000,70.00000000,4888.31940462,7935.95379298,194.43888889
0.00000000,0.00000000,2.00000000,1.00000000,70.00000000,4888.31940462,5583.09470814,378.82222222
0.00000000,0.00000000,2.00000000,1.00000000,70.00000000,4888.31940462,4604.85339131,207.77222222
0.00000000,1.00000000,1.00000000,1.00000000,59.00000000,9086.23466243,7935.95379298,646.67500000
0.00000000,1.00000000,1.00000000,1.00000000,59.00000000,664.69525934,7935.95379298,564.63461538
0.00000000,1.00000000,1.00000000,1.00000000,59.00000000,1862.73889802,7935.95379298,248.21666667
0.00000000,1.00000000,1.00000000,1.00000000,60.00000000,9086.23466243,7935.95379298,578.62500000
0.00000000,1.00000000,1.00000000,1.00000000,60.00000000,664.69525934,7935.95379298,523.96153846
0.00000000,1.00000000,1.00000000,1.00000000,60.00000000,1862.73889802,7935.95379298,90.00000000
0.00000000,1.00000000,1.00000000,1.00000000,60.00000000,1862.73889802,4396.44904107,94.58333333
0.00000000,1.00000000,1.00000000,1.00000000,60.00000000,1862.73889802,5583.09470814,243.51666667
0.00000000,1.00000000,1.00000000,1.00000000,60.00000000,1862.73889802,4604.85339131,225.05000000
0.00000000,1.00000000,1.00000000,1.00000000,61.00000000,9086.23466243,7935.95379298,608.20000000
0.00000000,1.00000000,1.00000000,1.00000000,61.00000000,664.69525934,7935.95379298,546.34615385
0.00000000,1.00000000,1.00000000,1.00000000,62.00000000,9086.23466243,7935.95379298,596.47500000
0.00000000,1.00000000,1.00000000,1.00000000,62.00000000,664.69525934,7935.95379298,554.11538462
0.00000000,1.00000000,1.00000000,1.00000000,63.00000000,9086.23466243,7935.95379298,603.65000000
0.00000000,1.00000000,1.00000000,1.00000000,63.00000000,664.69525934,7935.95379298,553.76923077
0.00000000,1.00000000,1.00000000,1.00000000,64.00000000,9086.23466243,7935.95379298,532.80000000
0.00000000,1.00000000,1.00000000,1.00000000,64.00000000,664.69525934,7935.95379298,483.46153846
0.00000000,1.00000000,1.00000000,1.00000000,65.00000000,9086.23466243,7935.95379298,567.97500000
0.00000000,1.00000000,1.00000000,1.00000000,65.00000000,664.69525934,7935.95379298,505.96153846
0.00000000,1.00000000,1.00000000,1.00000000,66.00000000,9086.23466243,7935.95379298,564.30000000
0.00000000,1.00000000,1.00000000,1.00000000,66.00000000,664.69525934,7935.95379298,496.17307692
0.00000000,1.00000000,1.00000000,1.00000000,67.00000000,9086.23466243,7935.95379298,588.90000000
0.00000000,1.00000000,1.00000000,1.00000000,67.00000000,664.69525934,7935.95379298,522.63461538
0.00000000,1.00000000,1.00000000,1.00000000,68.00000000,9086.23466243,7935.95379298,537.07500000
0.00000000,1.00000000,1.00000000,1.00000000,68.00000000,664.69525934,7935.95379298,481.65384615
0.00000000,1.00000000,1.00000000,1.00000000,69.00000000,9086.23466243,7935.95379298,544.05000000
0.00000000,1.00000000,1.00000000,1.00000000,69.00000000,721.71647525,7935.95379298,178.40000000
0.00000000,1.00000000,1.00000000,1.00000000,69.00000000,664.69525934,7935.95379298,512.34615385
0.00000000,1.00000000,1.00000000,1.00000000,69.00000000,4888.31940462,7935.95379298,751.18750000
0.00000000,1.00000000,1.00000000,1.00000000,70.00000000,9086.23466243,7935.95379298,518.20000000
0.00000000,1.00000000,1.00000000,1.00000000,70.00000000,9086.23466243,4396.44904107,547.72500000
0.00000000,1.00000000,1.00000000,1.00000000,70.00000000,9086.23466243,5583.09470814,602.12500000
0.00000000,1.00000000,1.00000000,1.00000000,70.00000000,9086.23466243,4604.85339131,588.20000000
0.00000000,1.00000000,1.00000000,1.00000000,70.00000000,721.71647525,7935.95379298,153.51666667
0.00000000,1.00000000,1.00000000,1.00000000,70.00000000,721.71647525,4396.44904107,151.13333333
0.00000000,1.00000000,1.00000000,1.00000000,70.00000000,721.71647525,5583.09470814,165.41666667
0.00000000,1.00000000,1.00000000,1.00000000,70.00000000,721.71647525,4604.85339131,176.71666667
0.00000000,1.00000000,1.00000000,1.00000000,70.00000000,664.69525934,7935.95379298,418.05769231
0.00000000,1.00000000,1.00000000,1.00000000,70.00000000,664.69525934,4396.44904107,451.15384615
0.00000000,1.00000000,1.00000000,1.00000000,70.00000000,664.69525934,5583.09470814,529.07692308
0.00000000,1.00000000,1.00000000,1.00000000,70.00000000,664.69525934,4604.85339131,518.36538462
0.00000000,1.00000000,1.00000000,1.00000000,70.00000000,4888.31940462,7935.95379298,739.47500000
0.00000000,1.00000000,1.00000000,1.00000000,71.00000000,4888.31940462,7935.95379298,751.98750000
0.00000000,1.00000000,1.00000000,1.00000000,72.00000000,4888.31940462,7935.95379298,740.41250000
0.00000000,1.00000000,1.00000000,1.00000000,73.00000000,4888.31940462,7935.95379298,719.45000000
0.00000000,1.00000000,1.00000000,1.00000000,74.00000000,4888.31940462,7935.95379298,745.53750000
0.00000000,1.00000000,1.00000000,1.00000000,75.00000000,4888.31940462,7935.95379298,734.56250000
0.00000000,1.00000000,1.00000000,1.00000000,76.00000000,4888.31940462,7935.95379298,752.30000000
0.00000000,1.00000000,1.00000000,1.00000000,77.00000000,4888.31940462,7935.95379298,725.55000000
0.00000000,1.00000000,1.00000000,1.00000000,78.00000000,4888.31940462,7935.95379298,742.82500000
0.00000000,1.00000000,1.00000000,1.00000000,79.00000000,4888.31940462,7935.95379298,723.81250000
0.00000000,1.00000000,1.00000000,1.00000000,80.00000000,4888.31940462,7935.95379298,101.73750000
0.00000000,1.00000000,1.00000000,1.00000000,80.00000000,4888.31940462,4396.44904107,770.23750000
0.00000000,1.00000000,1.00000000,1.00000000,80.00000000,4888.31940462,5583.09470814,770.75000000
0.00000000,1.00000000,1.00000000,1.00000000,80.00000000,4888.31940462,4604.85339131,106.33750000
0.00000000,1.00000000,2.00000000,0.00000000,59.00000000,9086.23466243,7935.95379298,513.23333333
0.00000000,1.00000000,2.00000000,0.00000000,59.00000000,18952.81092783,7935.95379298,1527.53000000
0.00000000,1.00000000,2.00000000,0.00000000,59.00000000,664.69525934,7935.95379298,476.32222222
0.00000000,1.00000000,2.00000000,0.00000000,59.00000000,1862.73889802,7935.95379298,145.40000000
0.00000000,1.00000000,2.00000000,0.00000000,60.00000000,9086.23466243,7935.95379298,443.01666667
0.00000000,1.00000000,2.00000000,0.00000000,60.00000000,18952.81092783,7935.95379298,1137.46500000
0.00000000,1.00000000,2.00000000,0.00000000,60.00000000,664.69525934,7935.95379298,419.85555556
0.00000000,1.00000000,2.00000000,0.00000000,60.00000000,1862.73889802,7935.95379298,91.80500000
0.00000000,1.00000000,2.00000000,0.00000000,60.00000000,1862.73889802,4396.44904107,85.25000000
0.00000000,1.00000000,2.00000000,0.00000000,60.00000000,1862.73889802,5583.09470814,134.32500000
0.00000000,1.00000000,2.00000000,0.00000000,61.00000000,9086.23466243,7935.95379298,462.05833333
0.00000000,1.00000000,2.00000000,0.00000000,61.00000000,18952.81092783,7935.95379298,1293.66500000
0.00000000,1.00000000,2.00000000,0.00000000,61.00000000,664.69525934,7935.95379298,441.83888889
0.00000000,1.00000000,2.00000000,0.00000000,62.00000000,9086.23466243,7935.95379298,463.70833333
0.00000000,1.00000000,2.00000000,0.00000000,62.00000000,18952.81092783,7935.95379298,1245.21500000
0.00000000,1.00000000,2.00000000,0.00000000,62.00000000,664.69525934,7935.95379298,434.75000000
0.00000000,1.00000000,2.00000000,0.00000000,63.00000000,9086.23466243,7935.95379298,463.07500000
0.00000000,1.00000000,2.00000000,0.00000000,63.00000000,18952.81092783,7935.95379298,1290.88000000
0.00000000,1.00000000,2.00000000,0.00000000,63.00000000,664.69525934,7935.95379298,455.26666667
0.00000000,1.00000000,2.00000000,0.00000000,64.00000000,9086.23466243,7935.95379298,389.30000000
0.00000000,1.00000000,2.00000000,0.00000000,64.00000000,18952.81092783,7935.95379298,991.07000000
0.00000000,1.00000000,2.00000000,0.00000000,64.00000000,664.69525934,7935.95379298,362.81111111
0.00000000,1.00000000,2.00000000,0.00000000,65.00000000,9086.23466243,7935.95379298,411.82500000
0.00000000,1.00000000,2.00000000,0.00000000,65.00000000,18952.81092783,7935.95379298,1106.45500000
0.00000000,1.00000000,2.00000000,0.00000000,65.00000000,664.69525934,7935.95379298,384.33888889
0.00000000,1.00000000,2.00000000,0.00000000,66.00000000,9086.23466243,7935.95379298,398.48333333
0.00000000,1.00000000,2.00000000,0.00000000,66.00000000,18952.81092783,7935.95379298,1098.25500000
0.00000000,1.00000000,2.00000000,0.00000000,66.00000000,664.69525934,7935.95379298,377.39444444
0.00000000,1.00000000,2.00000000,0.00000000,67.00000000,9086.23466243,7935.95379298,428.83333333
0.00000000,1.00000000,2.00000000,0.00000000,67.00000000,18952.81092783,7935.95379298,1236.05000000
0.00000000,1.00000000,2.00000000,0.00000000,67.00000000,664.69525934,7935.95379298,417.13888889
0.00000000,1.00000000,2.00000000,0.00000000,68.00000000,9086.23466243,7935.95379298,395.45833333
0.00000000,1.00000000,2.00000000,0.00000000,68.00000000,18952.81092783,7935.95379298,917.33500000
0.00000000,1.00000000,2.00000000,0.00000000,68.00000000,664.69525934,7935.95379298,363.25555556
0.00000000,1.00000000,2.00000000,0.00000000,69.00000000,9086.23466243,7935.95379298,412.66666667
0.00000000,1.00000000,2.00000000,0.00000000,69.00000000,18952.81092783,7935.95379298,1020.25000000
0.00000000,1.00000000,2.00000000,0.00000000,69.00000000,721.71647525,7935.95379298,109.71000000
0.00000000,1.00000000,2.00000000,0.00000000,69.00000000,664.69525934,7935.95379298,399.27777778
0.00000000,1.00000000,2.00000000,0.00000000,70.00000000,9086.23466243,7935.95379298,383.19166667
0.00000000,1.00000000,2.00000000,0.00000000,70.00000000,9086.23466243,4396.44904107,412.52500000
0.00000000,1.00000000,2.00000000,0.00000000,70.00000000,9086.23466243,5583.09470814,455.61666667
0.00000000,1.00000000,2.00000000,0.00000000,70.00000000,18952.81092783,7935.95379298,1013.48500000
0.00000000,1.00000000,2.00000000,0.00000000,70.00000000,721.71647525,7935.95379298,101.76500000
0.00000000,1.00000000,2.00000000,0.00000000,70.00000000,721.71647525,4396.44904107,94.63500000
0.00000000,1.00000000,2.00000000,0.00000000,70.00000000,721.71647525,5583.09470814,99.94500000
0.00000000,1.00000000,2.00000000,0.00000000,70.00000000,664.69525934,7935.95379298,348.15555556
0.00000000,1.00000000,2.00000000,0.00000000,70.00000000,664.69525934,4396.44904107,375.73333333
0.00000000,1.00000000,2.00000000,0.00000000,70.00000000,664.69525934,5583.09470814,429.93888889
0.00000000,1.00000000,2.00000000,0.00000000,71.00000000,18952.81092783,7935.95379298,1123.56000000
0.00000000,1.00000000,2.00000000,0.00000000,72.00000000,18952.81092783,7935.95379298,1087.23000000
0.00000000,1.00000000,2.00000000,0.00000000,73.00000000,18952.81092783,7935.95379298,1260.77500000
0.00000000,1.00000000,2.00000000,0.00000000,74.00000000,18952.81092783,7935.95379298,1203.43000000
0.00000000,1.00000000,2.00000000,0.00000000,75.00000000,18952.81092783,7935.95379298,1345.56000000
0.00000000,1.00000000,2.00000000,0.00000000,76.00000000,18952.81092783,7935.95379298,979.39500000
0.00000000,1.00000000,2.00000000,0.00000000,77.00000000,18952.81092783,7935.95379298,1127.49500000
0.00000000,1.00000000,2.00000000,0.00000000,78.00000000,18952.81092783,7935.95379298,1113.07500000
0.00000000,1.00000000,2.00000000,0.00000000,79.00000000,18952.81092783,7935.95379298,1276.79500000
0.00000000,1.00000000,2.00000000,0.00000000,80.00000000,18952.81092783,7935.95379298,119.28000000
0.00000000,1.00000000,2.00000000,0.00000000,80.00000000,18952.81092783,4396.44904107,312.64500000
0.00000000,1.00000000,2.00000000,0.00000000,80.00000000,18952.81092783,5583.09470814,120.82000000
0.00000000,1.00000000,2.00000000,1.00000000,59.00000000,9086.23466243,7935.95379298,665.22619048
0.00000000,1.00000000,2.00000000,1.00000000,59.00000000,18952.81092783,7935.95379298,1716.80714286
0.00000000,1.00000000,2.00000000,1.00000000,59.00000000,664.69525934,7935.95379298,585.78703704
0.00000000,1.00000000,2.00000000,1.00000000,59.00000000,1862.73889802,7935.95379298,256.54285714
0.00000000,1.00000000,2.00000000,1.00000000,60.00000000,9086.23466243,7935.95379298,616.91666667
0.00000000,1.00000000,2.00000000,1.00000000,60.00000000,18952.81092783,7935.95379298,1300.96428571
0.00000000,1.00000000,2.00000000,1.00000000,60.00000000,664.69525934,7935.95379298,552.86111111
0.00000000,1.00000000,2.00000000,1.00000000,60.00000000,1862.73889802,7935.95379298,92.24285714
0.00000000,1.00000000,2.00000000,1.00000000,60.00000000,1862.73889802,4396.44904107,94.55714286
0.00000000,1.00000000,2.00000000,1.00000000,60.00000000,1862.73889802,5583.09470814,249.07857143
0.00000000,1.00000000,2.00000000,1.00000000,60.00000000,1862.73889802,4604.85339131,228.84285714
0.00000000,1.00000000,2.00000000,1.00000000,61.00000000,9086.23466243,7935.95379298,640.51190476
0.00000000,1.00000000,2.00000000,1.00000000,61.00000000,18952.81092783,7935.95379298,1411.16428571
0.00000000,1.00000000,2.00000000,1.00000000,61.00000000,664.69525934,7935.95379298,565.70370370
0.00000000,1.00000000,2.00000000,1.00000000,62.00000000,9086.23466243,7935.95379298,628.72619048
0.00000000,1.00000000,2.00000000,1.00000000,62.00000000,18952.81092783,7935.95379298,1390.74285714
0.00000000,1.00000000,2.00000000,1.00000000,62.00000000,664.69525934,7935.95379298,572.43518519
0.00000000,1.00000000,2.00000000,1.00000000,63.00000000,9086.23466243,7935.95379298,628.70238095
0.00000000,1.00000000,2.00000000,1.00000000,63.00000000,18952.81092783,7935.95379298,1417.62857143
0.00000000,1.00000000,2.00000000,1.00000000,63.00000000,664.69525934,7935.95379298,571.80555556
0.00000000,1.00000000,2.00000000,1.00000000,64.00000000,9086.23466243,7935.95379298,560.14285714
0.00000000,1.00000000,2.00000000,1.00000000,64.00000000,18952.81092783,7935.95379298,1187.63571429
0.00000000,1.00000000,2.00000000,1.00000000,64.00000000,664.69525934,7935.95379298,497.40740741
0.00000000,1.00000000,2.00000000,1.00000000,65.00000000,9086.23466243,7935.95379298,586.33333333
0.00000000,1.00000000,2.00000000,1.00000000,65.00000000,18952.81092783,7935.95379298,1317.15000000
0.00000000,1.00000000,2.00000000,1.00000000,65.00000000,664.69525934,7935.95379298,519.20370370
0.00000000,1.00000000,2.00000000,1.00000000,66.00000000,9086.23466243,7935.95379298,576.39285714
0.00000000,1.00000000,2.00000000,1.00000000,66.00000000,18952.81092783,7935.95379298,1299.52857143
0.00000000,1.00000000,2.00000000,1.00000000,66.00000000,664.69525934,7935.95379298,516.67592593
0.00000000,1.00000000,2.00000000,1.00000000,67.00000000,9086.23466243,7935.95379298,598.53571429
0.00000000,1.00000000,2.00000000,1.00000000,67.00000000,18952.81092783,7935.95379298,1455.37857143
0.00000000,1.00000000,2.00000000,1.00000000,67.00000000,664.69525934,7935.95379298,542.07407407
0.00000000,1.00000000,2.00000000,1.00000000,68.00000000,9086.23466243,7935.95379298,557.42857143
0.00000000,1.00000000,2.00000000,1.00000000,68.00000000,18952.81092783,7935.95379298,1113.72142857
0.00000000,1.00000000,2.00000000,1.00000000,68.00000000,664.69525934,7935.95379298,492.25000000
0.00000000,1.00000000,2.00000000,1.00000000,69.00000000,9086.23466243,7935.95379298,573.96428571
0.00000000,1.00000000,2.00000000,1.00000000,69.00000000,18952.81092783,7935.95379298,1208.77857143
0.00000000,1.00000000,2.00000000,1.00000000,69.00000000,721.71647525,7935.95379298,184.72142857
0.00000000,1.00000000,2.00000000,1.00000000,69.00000000,664.69525934,7935.95379298,522.99074074
0.00000000,1.00000000,2.00000000,1.00000000,69.00000000,4888.31940462,7935.95379298,763.09444444
0.00000000,1.00000000,2.00000000,1.00000000,70.00000000,9086.23466243,7935.95379298,528.53571429
0.00000000,1.00000000,2.00000000,1.00000000,70.00000000,9086.23466243,4396.44904107,577.55952381
0.00000000,1.00000000,2.00000000,1.00000000,70.00000000,9086.23466243,5583.09470814,630.35714286
0.00000000,1.00000000,2.00000000,1.00000000,70.00000000,9086.23466243,4604.85339131,607.78571429
0.00000000,1.00000000,2.00000000,1.00000000,70.00000000,18952.81092783,7935.95379298,1209.72142857
0.00000000,1.00000000,2.00000000,1.00000000,70.00000000,721.71647525,7935.95379298,159.65000000
0.00000000,1.00000000,2.00000000,1.00000000,70.00000000,721.71647525,4396.44904107,154.20000000
0.00000000,1.00000000,2.00000000,1.00000000,70.00000000,721.71647525,5583.09470814,178.55000000
0.00000000,1.00000000,2.00000000,1.00000000,70.00000000,721.71647525,4604.85339131,184.57857143
0.00000000,1.00000000,2.00000000,1.00000000,70.00000000,664.69525934,7935.95379298,435.49074074
0.00000000,1.00000000,2.00000000,1.00000000,70.00000000,664.69525934,4396.44904107,468.87037037
0.00000000,1.00000000,2.00000000,1.00000000,70.00000000,664.69525934,5583.09470814,561.68518519
0.00000000,1.00000000,2.00000000,1.00000000,70.00000000,664.69525934,4604.85339131,543.65740741
0.00000000,1.00000000,2.00000000,1.00000000,70.00000000,4888.31940462,7935.95379298,758.11666667
0.00000000,1.00000000,2.00000000,1.00000000,71.00000000,18952.81092783,7935.95379298,1341.26428571
0.00000000,1.00000000,2.00000000,1.00000000,71.00000000,4888.31940462,7935.95379298,762.52222222
0.00000000,1.00000000,2.00000000,1.00000000,72.00000000,18952.81092783,7935.95379298,1276.27857143
0.00000000,1.00000000,2.00000000,1.00000000,72.00000000,4888.31940462,7935.95379298,744.56111111
0.00000000,1.00000000,2.00000000,1.00000000,73.00000000,18952.81092783,7935.95379298,1459.33571429
0.00000000,1.00000000,2.00000000,1.00000000,73.00000000,4888.31940462,7935.95379298,727.56666667
0.00000000,1.00000000,2.00000000,1.00000000,74.00000000,18952.81092783,7935.95379298,1393.12142857
0.00000000,1.00000000,2.00000000,1.00000000,74.00000000,4888.31940462,7935.95379298,748.57222222
0.00000000,1.00000000,2.00000000,1.00000000,75.00000000,18952.81092783,7935.95379298,1550.77857143
0.00000000,1.00000000,2.00000000,1.00000000,75.00000000,4888.31940462,7935.95379298,735.54444444
0.00000000,1.00000000,2.00000000,1.00000000,76.00000000,18952.81092783,7935.95379298,1171.97142857
0.00000000,1.00000000,2.00000000,1.00000000,76.00000000,4888.31940462,7935.95379298,740.77777778
0.00000000,1.00000000,2.00000000,1.00000000,77.00000000,18952.81092783,7935.95379298,1309.61428571
0.00000000,1.00000000,2.00000000,1.00000000,77.00000000,4888.31940462,7935.95379298,734.84444444
0.00000000,1.00000000,2.00000000,1.00000000,78.00000000,18952.81092783,7935.95379298,1316.18571429
0.00000000,1.00000000,2.00000000,1.00000000,78.00000000,4888.31940462,7935.95379298,736.18333333
0.00000000,1.00000000,2.00000000,1.00000000,79.00000000,18952.81092783,7935.95379298,1480.92142857
0.00000000,1.00000000,2.00000000,1.00000000,79.00000000,4888.31940462,7935.95379298,742.34444444
0.00000000,1.00000000,2.00000000,1.00000000,80.00000000,18952.81092783,7935.95379298,126.50714286
0.00000000,1.00000000,2.00000000,1.00000000,80.00000000,18952.81092783,4396.44904107,369.97857143
0.00000000,1.00000000,2.00000000,1.00000000,80.00000000,18952.81092783,5583.09470814,130.66428571
0.00000000,1.00000000,2.00000000,1.00000000,80.00000000,18952.81092783,4604.85339131,1386.15714286
0.00000000,1.00000000,2.00000000,1.00000000,80.00000000,4888.31940462,7935.95379298,102.61666667
0.00000000,1.00000000,2.00000000,1.00000000,80.00000000,4888.31940462,4396.44904107,783.37222222
0.00000000,1.00000000,2.00000000,1.00000000,80.00000000,4888.31940462,5583.09470814,782.68888889
0.00000000,1.00000000,2.00000000,1.00000000,80.00000000,4888.31940462,4604.85339131,105.60000000
0.00000000,2.00000000,1.00000000,0.00000000,59.00000000,9086.23466243,7935.95379298,522.52500000
0.00000000,2.00000000,1.00000000,0.00000000,59.00000000,664.69525934,7935.95379298,466.46250000
0.00000000,2.00000000,1.00000000,0.00000000,59.00000000,1862.73889802,7935.95379298,144.52500000
0.00000000,2.00000000,1.00000000,0.00000000,60.00000000,9086.23466243,7935.95379298,447.90000000
0.00000000,2.00000000,1.00000000,0.00000000,60.00000000,664.69525934,7935.95379298,412.41250000
0.00000000,2.00000000,1.00000000,0.00000000,60.00000000,1862.73889802,7935.95379298,93.57500000
0.00000000,2.00000000,1.00000000,0.00000000,60.00000000,1862.73889802,4396.44904107,87.55000000
0.00000000,2.00000000,1.00000000,0.00000000,60.00000000,1862.73889802,5583.09470814,132.32500000
0.00000000,2.00000000,1.00000000,0.00000000,61.00000000,9086.23466243,7935.95379298,468.80000000
0.00000000,2.00000000,1.00000000,0.00000000,61.00000000,664.69525934,7935.95379298,429.31250000
0.00000000,2.00000000,1.00000000,0.00000000,62.00000000,9086.23466243,7935.95379298,476.30000000
0.00000000,2.00000000,1.00000000,0.00000000,62.00000000,664.69525934,7935.95379298,431.56250000
0.00000000,2.00000000,1.00000000,0.00000000,63.00000000,9086.23466243,7935.95379298,471.67500000
0.00000000,2.00000000,1.00000000,0.00000000,63.00000000,664.69525934,7935.95379298,447.01250000
0.00000000,2.00000000,1.00000000,0.00000000,64.00000000,9086.23466243,7935.95379298,394.27500000
0.00000000,2.00000000,1.00000000,0.00000000,64.00000000,664.69525934,7935.95379298,351.36250000
0.00000000,2.00000000,1.00000000,0.00000000,65.00000000,9086.23466243,7935.95379298,410.15000000
0.00000000,2.00000000,1.00000000,0.00000000,65.00000000,664.69525934,7935.95379298,379.23750000
0.00000000,2.00000000,1.00000000,0.00000000,66.00000000,9086.23466243,7935.95379298,399.35000000
0.00000000,2.00000000,1.00000000,0.00000000,66.00000000,664.69525934,7935.95379298,375.92500000
0.00000000,2.00000000,1.00000000,0.00000000,67.00000000,9086.23466243,7935.95379298,434.02500000
0.00000000,2.00000000,1.00000000,0.00000000,67.00000000,664.69525934,7935.95379298,406.80000000
0.00000000,2.00000000,1.00000000,0.00000000,68.00000000,9086.23466243,7935.95379298,391.62500000
0.00000000,2.00000000,1.00000000,0.00000000,68.00000000,664.69525934,7935.95379298,357.72500000
0.00000000,2.00000000,1.00000000,0.00000000,69.00000000,9086.23466243,7935.95379298,411.95000000
0.00000000,2.00000000,1.00000000,0.00000000,69.00000000,721.71647525,7935.95379298,105.42500000
0.00000000,2.00000000,1.00000000,0.00000000,69.00000000,664.69525934,7935.95379298,395.38750000
0.00000000,2.00000000,1.00000000,0.00000000,70.00000000,9086.23466243,7935.95379298,377.32500000
0.00000000,2.00000000,1.00000000,0.00000000,70.00000000,9086.23466243,4396.44904107,418.60000000
0.00000000,2.00000000,1.00000000,0.00000000,70.00000000,9086.23466243,5583.09470814,446.12500000
0.00000000,2.00000000,1.00000000,0.00000000,70.00000000,721.71647525,7935.95379298,98.97500000
0.00000000,2.00000000,1.00000000,0.00000000,70.00000000,721.71647525,4396.44904107,94.27500000
0.00000000,2.00000000,1.00000000,0.00000000,70.00000000,721.71647525,5583.09470814,100.60000000
0.00000000,2.00000000,1.00000000,0.00000000,70.00000000,664.69525934,7935.95379298,345.00000000
0.00000000,2.00000000,1.00000000,0.00000000,70.00000000,664.69525934,4396.44904107,367.00000000
0.00000000,2.00000000,1.00000000,0.00000000,70.00000000,664.69525934,5583.09470814,420.62500000
0.00000000,2.00000000,1.00000000,1.00000000,59.00000000,9086.23466243,7935.95379298,654.78125000
0.00000000,2.00000000,1.00000000,1.00000000,59.00000000,664.69525934,7935.95379298,570.27083333
0.00000000,2.00000000,1.00000000,1.00000000,59.00000000,1862.73889802,7935.95379298,257.16666667
0.00000000,2.00000000,1.00000000,1.00000000,60.00000000,9086.23466243,7935.95379298,607.62500000
0.00000000,2.00000000,1.00000000,1.00000000,60.00000000,664.69525934,7935.95379298,544.77083333
0.00000000,2.00000000,1.00000000,1.00000000,60.00000000,1862.73889802,7935.95379298,92.75000000
0.00000000,2.00000000,1.00000000,1.00000000,60.00000000,1862.73889802,4396.44904107,95.97222222
0.00000000,2.00000000,1.00000000,1.00000000,60.00000000,1862.73889802,5583.09470814,245.36111111
0.00000000,2.00000000,1.00000000,1.00000000,60.00000000,1862.73889802,4604.85339131,230.75000000
0.00000000,2.00000000,1.00000000,1.00000000,61.00000000,9086.23466243,7935.95379298,623.00000000
0.00000000,2.00000000,1.00000000,1.00000000,61.00000000,664.69525934,7935.95379298,550.02083333
0.00000000,2.00000000,1.00000000,1.00000000,62.00000000,9086.23466243,7935.95379298,620.37500000
0.00000000,2.00000000,1.00000000,1.00000000,62.00000000,664.69525934,7935.95379298,551.43750000
0.00000000,2.00000000,1.00000000,1.00000000,63.00000000,9086.23466243,7935.95379298,624.25000000
0.00000000,2.00000000,1.00000000,1.00000000,63.00000000,664.69525934,7935.95379298,550.06250000
0.00000000,2.00000000,1.00000000,1.00000000,64.00000000,9086.23466243,7935.95379298,559.21875000
0.00000000,2.00000000,1.00000000,1.00000000,64.00000000,664.69525934,7935.95379298,488.89583333
0.00000000,2.00000000,1.00000000,1.00000000,65.00000000,9086.23466243,7935.95379298,578.25000000
0.00000000,2.00000000,1.00000000,1.00000000,65.00000000,664.69525934,7935.95379298,489.43750000
0.00000000,2.00000000,1.00000000,1.00000000,66.00000000,9086.23466243,7935.95379298,568.43750000
0.00000000,2.00000000,1.00000000,1.00000000,66.00000000,664.69525934,7935.95379298,486.64583333
0.00000000,2.00000000,1.00000000,1.00000000,67.00000000,9086.23466243,7935.95379298,608.31250000
0.00000000,2.00000000,1.00000000,1.00000000,67.00000000,664.69525934,7935.95379298,526.58333333
0.00000000,2.00000000,1.00000000,1.00000000,68.00000000,9086.23466243,7935.95379298,560.65625000
0.00000000,2.00000000,1.00000000,1.00000000,68.00000000,664.69525934,7935.95379298,485.83333333
0.00000000,2.00000000,1.00000000,1.00000000,69.00000000,9086.23466243,7935.95379298,581.90625000
0.00000000,2.00000000,1.00000000,1.00000000,69.00000000,721.71647525,7935.95379298,177.75000000
0.00000000,2.00000000,1.00000000,1.00000000,69.00000000,664.69525934,7935.95379298,512.52083333
0.00000000,2.00000000,1.00000000,1.00000000,69.00000000,4888.31940462,7935.95379298,745.52500000
0.00000000,2.00000000,1.00000000,1.00000000,70.00000000,9086.23466243,7935.95379298,523.40625000
0.00000000,2.00000000,1.00000000,1.00000000,70.00000000,9086.23466243,4396.44904107,574.21875000
0.00000000,2.00000000,1.00000000,1.00000000,70.00000000,9086.23466243,5583.09470814,609.34375000
0.00000000,2.00000000,1.00000000,1.00000000,70.00000000,9086.23466243,4604.85339131,597.87500000
0.00000000,2.00000000,1.00000000,1.00000000,70.00000000,721.71647525,7935.95379298,156.94444444
0.00000000,2.00000000,1.00000000,1.00000000,70.00000000,721.71647525,4396.44904107,148.97222222
0.00000000,2.00000000,1.00000000,1.00000000,70.00000000,721.71647525,5583.09470814,172.16666667
0.00000000,2.00000000,1.00000000,1.00000000,70.00000000,721.71647525,4604.85339131,180.72222222
0.00000000,2.00000000,1.00000000,1.00000000,70.00000000,664.69525934,7935.95379298,429.12500000
0.00000000,2.00000000,1.00000000,1.00000000,70.00000000,664.69525934,4396.44904107,457.39583333
0.00000000,2.00000000,1.00000000,1.00000000,70.00000000,664.69525934,5583.09470814,563.06250000
0.00000000,2.00000000,1.00000000,1.00000000,70.00000000,664.69525934,4604.85339131,541.45833333
0.00000000,2.00000000,1.00000000,1.00000000,70.00000000,4888.31940462,7935.95379298,756.35000000
0.00000000,2.00000000,1.00000000,1.00000000,71.00000000,4888.31940462,7935.95379298,750.65000000
0.00000000,2.00000000,1.00000000,1.00000000,72.00000000,4888.31940462,7935.95379298,739.60000000
0.00000000,2.00000000,1.00000000,1.00000000,73.00000000,4888.31940462,7935.95379298,727.05000000
0.00000000,2.00000000,1.00000000,1.00000000,74.00000000,4888.31940462,7935.95379298,758.27500000
0.00000000,2.00000000,1.00000000,1.00000000,75.00000000,4888.31940462,7935.95379298,724.40000000
0.00000000,2.00000000,1.00000000,1.00000000,76.00000000,4888.31940462,7935.95379298,736.95000000
0.00000000,2.00000000,1.00000000,1.00000000,77.00000000,4888.31940462,7935.95379298,741.67500000
0.00000000,2.00000000,1.00000000,1.00000000,78.00000000,4888.31940462,7935.95379298,781.25000000
0.00000000,2.00000000,1.00000000,1.00000000,79.00000000,4888.31940462,7935.95379298,736.22500000
0.00000000,2.00000000,1.00000000,1.00000000,80.00000000,4888.31940462,7935.95379298,103.97500000
0.00000000,2.00000000,1.00000000,1.00000000,80.00000000,4888.31940462,4396.44904107,779.02500000
0.00000000,2.00000000,1.00000000,1.00000000,80.00000000,4888.31940462,5583.09470814,771.80000000
0.00000000,2.00000000,1.00000000,1.00000000,80.00000000,4888.31940462,4604.85339131,104.50000000
0.00000000,2.00000000,2.00000000,0.00000000,59.00000000,9086.23466243,7935.95379298,511.47916667
0.00000000,2.00000000,2.00000000,0.00000000,59.00000000,18952.81092783,7935.95379298,1525.91071429
0.00000000,2.00000000,2.00000000,0.00000000,59.00000000,664.69525934,7935.95379298,478.04166667
0.00000000,2.00000000,2.00000000,0.00000000,59.00000000,1862.73889802,7935.95379298,144.30357143
0.00000000,2.00000000,2.00000000,0.00000000,60.00000000,9086.23466243,7935.95379298,442.25000000
0.00000000,2.00000000,2.00000000,0.00000000,60.00000000,18952.81092783,7935.95379298,1135.27678571
0.00000000,2.00000000,2.00000000,0.00000000,60.00000000,664.69525934,7935.95379298,413.93750000
0.00000000,2.00000000,2.00000000,0.00000000,60.00000000,1862.73889802,7935.95379298,90.44642857
0.00000000,2.00000000,2.00000000,0.00000000,60.00000000,1862.73889802,4396.44904107,85.58035714
0.00000000,2.00000000,2.00000000,0.00000000,60.00000000,1862.73889802,5583.09470814,134.78571429
0.00000000,2.00000000,2.00000000,0.00000000,61.00000000,9086.23466243,7935.95379298,459.82291667
0.00000000,2.00000000,2.00000000,0.00000000,61.00000000,18952.81092783,7935.95379298,1283.66964286
0.00000000,2.00000000,2.00000000,0.00000000,61.00000000,664.69525934,7935.95379298,438.31944444
0.00000000,2.00000000,2.00000000,0.00000000,62.00000000,9086.23466243,7935.95379298,456.28125000
0.00000000,2.00000000,2.00000000,0.00000000,62.00000000,18952.81092783,7935.95379298,1246.28571429
0.00000000,2.00000000,2.00000000,0.00000000,62.00000000,664.69525934,7935.95379298,437.18750000
0.00000000,2.00000000,2.00000000,0.00000000,63.00000000,9086.23466243,7935.95379298,462.78125000
0.00000000,2.00000000,2.00000000,0.00000000,63.00000000,18952.81092783,7935.95379298,1302.47321429
0.00000000,2.00000000,2.00000000,0.00000000,63.00000000,664.69525934,7935.95379298,454.06944444
0.00000000,2.00000000,2.00000000,0.00000000,64.00000000,9086.23466243,7935.95379298,387.13541667
0.00000000,2.00000000,2.00000000,0.00000000,64.00000000,18952.81092783,7935.95379298,1001.14285714
0.00000000,2.00000000,2.00000000,0.00000000,64.00000000,664.69525934,7935.95379298,358.86111111
0.00000000,2.00000000,2.00000000,0.00000000,65.00000000,9086.23466243,7935.95379298,412.07291667
0.00000000,2.00000000,2.00000000,0.00000000,65.00000000,18952.81092783,7935.95379298,1101.66071429
0.00000000,2.00000000,2.00000000,0.00000000,65.00000000,664.69525934,7935.95379298,384.40277778
0.00000000,2.00000000,2.00000000,0.00000000,66.00000000,9086.23466243,7935.95379298,389.62500000
0.00000000,2.00000000,2.00000000,0.00000000,66.00000000,18952.81092783,7935.95379298,1109.48214286
0.00000000,2.00000000,2.00000000,0.00000000,66.00000000,664.69525934,7935.95379298,384.27777778
0.00000000,2.00000000,2.00000000,0.00000000,67.00000000,9086.23466243,7935.95379298,420.52083333
0.00000000,2.00000000,2.00000000,0.00000000,67.00000000,18952.81092783,7935.95379298,1233.27678571
0.00000000,2.00000000,2.00000000,0.00000000,67.00000000,664.69525934,7935.95379298,420.56250000
0.00000000,2.00000000,2.00000000,0.00000000,68.00000000,9086.23466243,7935.95379298,383.67708333
0.00000000,2.00000000,2.00000000,0.00000000,68.00000000,18952.81092783,7935.95379298,910.69642857
0.00000000,2.00000000,2.00000000,0.00000000,68.00000000,664.69525934,7935.95379298,364.56944444
0.00000000,2.00000000,2.00000000,0.00000000,69.00000000,9086.23466243,7935.95379298,408.93750000
0.00000000,2.00000000,2.00000000,0.00000000,69.00000000,18952.81092783,7935.95379298,1011.96428571
0.00000000,2.00000000,2.00000000,0.00000000,69.00000000,721.71647525,7935.95379298,111.11607143
0.00000000,2.00000000,2.00000000,0.00000000,69.00000000,664.69525934,7935.95379298,394.07638889
0.00000000,2.00000000,2.00000000,0.00000000,70.00000000,9086.23466243,7935.95379298,376.82291667
0.00000000,2.00000000,2.00000000,0.00000000,70.00000000,9086.23466243,4396.44904107,417.82291667
0.00000000,2.00000000,2.00000000,0.00000000,70.00000000,9086.23466243,5583.09470814,448.36458333
0.00000000,2.00000000,2.00000000,0.00000000,70.00000000,18952.81092783,7935.95379298,1018.71428571
0.00000000,2.00000000,2.00000000,0.00000000,70.00000000,721.71647525,7935.95379298,103.47321429
0.00000000,2.00000000,2.00000000,0.00000000,70.00000000,721.71647525,4396.44904107,96.51785714
0.00000000,2.00000000,2.00000000,0.00000000,70.00000000,721.71647525,5583.09470814,103.84821429
0.00000000,2.00000000,2.00000000,0.00000000,70.00000000,664.69525934,7935.95379298,344.64583333
0.00000000,2.00000000,2.00000000,0.00000000,70.00000000,664.69525934,4396.44904107,369.91666667
0.00000000,2.00000000,2.00000000,0.00000000,70.00000000,664.69525934,5583.09470814,431.40277778
0.00000000,2.00000000,2.00000000,0.00000000,71.00000000,18952.81092783,7935.95379298,1120.41071429
0.00000000,2.00000000,2.00000000,0.00000000,72.00000000,18952.81092783,7935.95379298,1082.26785714
0.00000000,2.00000000,2.00000000,0.00000000,73.00000000,18952.81092783,7935.95379298,1238.52678571
0.00000000,2.00000000,2.00000000,0.00000000,74.00000000,18952.81092783,7935.95379298,1198.07142857
0.00000000,2.00000000,2.00000000,0.00000000,75.00000000,18952.81092783,7935.95379298,1337.20535714
0.00000000,2.00000000,2.00000000,0.00000000,76.00000000,18952.81092783,7935.95379298,981.24107143
0.00000000,2.00000000,2.00000000,0.00000000,77.00000000,18952.81092783,7935.95379298,1129.60714286
0.00000000,2.00000000,2.00000000,0.00000000,78.00000000,18952.81092783,7935.95379298,1101.48214286
0.00000000,2.00000000,2.00000000,0.00000000,79.00000000,18952.81092783,7935.95379298,1285.41071429
0.00000000,2.00000000,2.00000000,0.00000000,80.00000000,18952.81092783,7935.95379298,116.82142857
0.00000000,2.00000000,2.00000000,0.00000000,80.00000000,18952.81092783,4396.44904107,311.97321429
0.00000000,2.00000000,2.00000000,0.00000000,80.00000000,18952.81092783,5583.09470814,123.60714286
0.00000000,2.00000000,2.00000000,1.00000000,59.00000000,9086.23466243,7935.95379298,678.70370370
0.00000000,2.00000000,2.00000000,1.00000000,59.00000000,18952.81092783,7935.95379298,1706.03787879
0.00000000,2.00000000,2.00000000,1.00000000,59.00000000,664.69525934,7935.95379298,583.07638889
0.00000000,2.00000000,2.00000000,1.00000000,59.00000000,1862.73889802,7935.95379298,254.76515152
0.00000000,2.00000000,2.00000000,1.00000000,60.00000000,9086.23466243,7935.95379298,620.50000000
0.00000000,2.00000000,2.00000000,1.00000000,60.00000000,18952.81092783,7935.95379298,1310.68181818
0.00000000,2.00000000,2.00000000,1.00000000,60.00000000,664.69525934,7935.95379298,555.90972222
0.00000000,2.00000000,2.00000000,1.00000000,60.00000000,1862.73889802,7935.95379298,91.25757576
0.00000000,2.00000000,2.00000000,1.00000000,60.00000000,1862.73889802,4396.44904107,93.21212121
0.00000000,2.00000000,2.00000000,1.00000000,60.00000000,1862.73889802,5583.09470814,245.25000000
0.00000000,2.00000000,2.00000000,1.00000000,60.00000000,1862.73889802,4604.85339131,227.28030303
0.00000000,2.00000000,2.00000000,1.00000000,61.00000000,9086.23466243,7935.95379298,641.87037037
0.00000000,2.00000000,2.00000000,1.00000000,61.00000000,18952.81092783,7935.95379298,1420.04545455
0.00000000,2.00000000,2.00000000,1.00000000,61.00000000,664.69525934,7935.95379298,570.34027778
0.00000000,2.00000000,2.00000000,1.00000000,62.00000000,9086.23466243,7935.95379298,638.21296296
0.00000000,2.00000000,2.00000000,1.00000000,62.00000000,18952.81092783,7935.95379298,1396.84848485
0.00000000,2.00000000,2.00000000,1.00000000,62.00000000,664.69525934,7935.95379298,574.09027778
0.00000000,2.00000000,2.00000000,1.00000000,63.00000000,9086.23466243,7935.95379298,644.00925926
0.00000000,2.00000000,2.00000000,1.00000000,63.00000000,18952.81092783,7935.95379298,1436.79545455
0.00000000,2.00000000,2.00000000,1.00000000,63.00000000,664.69525934,7935.95379298,584.30555556
0.00000000,2.00000000,2.00000000,1.00000000,64.00000000,9086.23466243,7935.95379298,569.86111111
0.00000000,2.00000000,2.00000000,1.00000000,64.00000000,18952.81092783,7935.95379298,1201.81818182
0.00000000,2.00000000,2.00000000,1.00000000,64.00000000,664.69525934,7935.95379298,499.55555556
0.00000000,2.00000000,2.00000000,1.00000000,65.00000000,9086.23466243,7935.95379298,596.62037037
0.00000000,2.00000000,2.00000000,1.00000000,65.00000000,18952.81092783,7935.95379298,1301.30303030
0.00000000,2.00000000,2.00000000,1.00000000,65.00000000,664.69525934,7935.95379298,524.80555556
0.00000000,2.00000000,2.00000000,1.00000000,66.00000000,9086.23466243,7935.95379298,581.61111111
0.00000000,2.00000000,2.00000000,1.00000000,66.00000000,18952.81092783,7935.95379298,1301.05303030
0.00000000,2.00000000,2.00000000,1.00000000,66.00000000,664.69525934,7935.95379298,506.97222222
0.00000000,2.00000000,2.00000000,1.00000000,67.00000000,9086.23466243,7935.95379298,619.65740741
0.00000000,2.00000000,2.00000000,1.00000000,67.00000000,18952.81092783,7935.95379298,1454.28030303
0.00000000,2.00000000,2.00000000,1.00000000,67.00000000,664.69525934,7935.95379298,544.10416667
0.00000000,2.00000000,2.00000000,1.00000000,68.00000000,9086.23466243,7935.95379298,574.70370370
0.00000000,2.00000000,2.00000000,1.00000000,68.00000000,18952.81092783,7935.95379298,1110.78030303
0.00000000,2.00000000,2.00000000,1.00000000,68.00000000,664.69525934,7935.95379298,504.14583333
0.00000000,2.00000000,2.00000000,1.00000000,69.00000000,9086.23466243,7935.95379298,590.57407407
0.00000000,2.00000000,2.00000000,1.00000000,69.00000000,18952.81092783,7935.95379298,1224.41666667
0.00000000,2.00000000,2.00000000,1.00000000,69.00000000,721.71647525,7935.95379298,186.20454545
0.00000000,2.00000000,2.00000000,1.00000000,69.00000000,664.69525934,7935.95379298,531.34027778
0.00000000,2.00000000,2.00000000,1.00000000,69.00000000,4888.31940462,7935.95379298,756.58333333
0.00000000,2.00000000,2.00000000,1.00000000,70.00000000,9086.23466243,7935.95379298,548.71296296
0.00000000,2.00000000,2.00000000,1.00000000,70.00000000,9086.23466243,4396.44904107,596.28703704
0.00000000,2.00000000,2.00000000,1.00000000,70.00000000,9086.23466243,5583.09470814,636.11111111
0.00000000,2.00000000,2.00000000,1.00000000,70.00000000,9086.23466243,4604.85339131,629.20370370
0.00000000,2.00000000,2.00000000,1.00000000,70.00000000,18952.81092783,7935.95379298,1214.32575758
0.00000000,2.00000000,2.00000000,1.00000000,70.00000000,721.71647525,7935.95379298,160.17424242
0.00000000,2.00000000,2.00000000,1.00000000,70.00000000,721.71647525,4396.44904107,154.41666667
0.00000000,2.00000000,2.00000000,1.00000000,70.00000000,721.71647525,5583.09470814,176.54545455
0.00000000,2.00000000,2.00000000,1.00000000,70.00000000,721.71647525,4604.85339131,186.85606061
0.00000000,2.00000000,2.00000000,1.00000000,70.00000000,664.69525934,7935.95379298,443.48611111
0.00000000,2.00000000,2.00000000,1.00000000,70.00000000,664.69525934,4396.44904107,478.52083333
0.00000000,2.00000000,2.00000000,1.00000000,70.00000000,664.69525934,5583.09470814,567.46527778
0.00000000,2.00000000,2.00000000,1.00000000,70.00000000,664.69525934,4604.85339131,552.03472222
0.00000000,2.00000000,2.00000000,1.00000000,70.00000000,4888.31940462,7935.95379298,762.63888889
0.00000000,2.00000000,2.00000000,1.00000000,71.00000000,18952.81092783,7935.95379298,1325.93181818
0.00000000,2.00000000,2.00000000,1.00000000,71.00000000,4888.31940462,7935.95379298,760.20138889
0.00000000,2.00000000,2.00000000,1.00000000,72.00000000,18952.81092783,7935.95379298,1279.17424242
0.00000000,2.00000000,2.00000000,1.00000000,72.00000000,4888.31940462,7935.95379298,746.96527778
0.00000000,2.00000000,2.00000000,1.00000000,73.00000000,18952.81092783,7935.95379298,1451.65909091
0.00000000,2.00000000,2.00000000,1.00000000,73.00000000,4888.31940462,7935.95379298,729.59027778
0.00000000,2.00000000,2.00000000,1.00000000,74.00000000,18952.81092783,7935.95379298,1407.87121212
0.00000000,2.00000000,2.00000000,1.00000000,74.00000000,4888.31940462,7935.95379298,758.28472222
0.00000000,2.00000000,2.00000000,1.00000000,75.00000000,18952.81092783,7935.95379298,1557.20454545
0.00000000,2.00000000,2.00000000,1.00000000,75.00000000,4888.31940462,7935.95379298,751.15277778
0.00000000,2.00000000,2.00000000,1.00000000,76.00000000,18952.81092783,7935.95379298,1185.15151515
0.00000000,2.00000000,2.00000000,1.00000000,76.00000000,4888.31940462,7935.95379298,748.17361111
0.00000000,2.00000000,2.00000000,1.00000000,77.00000000,18952.81092783,7935.95379298,1322.49242424
0.00000000,2.00000000,2.00000000,1.00000000,77.00000000,4888.31940462,7935.95379298,755.97916667
0.00000000,2.00000000,2.00000000,1.00000000,78.00000000,18952.81092783,7935.95379298,1335.54545455
0.00000000,2.00000000,2.00000000,1.00000000,78.00000000,4888.31940462,7935.95379298,752.47222222
0.00000000,2.00000000,2.00000000,1.00000000,79.00000000,18952.81092783,7935.95379298,1494.63636364
0.00000000,2.00000000,2.00000000,1.00000000,79.00000000,4888.31940462,7935.95379298,742.23611111
0.00000000,2.00000000,2.00000000,1.00000000,80.00000000,18952.81092783,7935.95379298,129.50000000
0.00000000,2.00000000,2.00000000,1.00000000,80.00000000,18952.81092783,4396.44904107,379.89393939
0.00000000,2.00000000,2.00000000,1.00000000,80.00000000,18952.81092783,5583.09470814,133.05303030
0.00000000,2.00000000,2.00000000,1.00000000,80.00000000,18952.81092783,4604.85339131,1396.31060606
0.00000000,2.00000000,2.00000000,1.00000000,80.00000000,4888.31940462,7935.95379298,103.15972222
0.00000000,2.00000000,2.00000000,1.00000000,80.00000000,4888.31940462,4396.44904107,786.06944444
0.00000000,2.00000000,2.00000000,1.00000000,80.00000000,4888.31940462,5583.09470814,793.32638889
0.00000000,2.00000000,2.00000000,1.00000000,80.00000000,4888.31940462,4604.85339131,104.94444444
0.00000000,3.00000000,1.00000000,0.00000000,59.00000000,9086.23466243,7935.95379298,537.87500000
0.00000000,3.00000000,1.00000000,0.00000000,59.00000000,664.69525934,7935.95379298,472.20833333
0.00000000,3.00000000,1.00000000,0.00000000,59.00000000,1862.73889802,7935.95379298,137.87500000
0.00000000,3.00000000,1.00000000,0.00000000,60.00000000,9086.23466243,7935.95379298,478.12500000
0.00000000,3.00000000,1.00000000,0.00000000,60.00000000,664.69525934,7935.95379298,417.37500000
0.00000000,3.00000000,1.00000000,0.00000000,60.00000000,1862.73889802,7935.95379298,93.25000000
0.00000000,3.00000000,1.00000000,0.00000000,60.00000000,1862.73889802,4396.44904107,92.50000000
0.00000000,3.00000000,1.00000000,0.00000000,60.00000000,1862.73889802,5583.09470814,139.12500000
0.00000000,3.00000000,1.00000000,0.00000000,61.00000000,9086.23466243,7935.95379298,456.87500000
0.00000000,3.00000000,1.00000000,0.00000000,61.00000000,664.69525934,7935.95379298,441.29166667
0.00000000,3.00000000,1.00000000,0.00000000,62.00000000,9086.23466243,7935.95379298,473.37500000
0.00000000,3.00000000,1.00000000,0.00000000,62.00000000,664.69525934,7935.95379298,432.25000000
0.00000000,3.00000000,1.00000000,0.00000000,63.00000000,9086.23466243,7935.95379298,461.50000000
0.00000000,3.00000000,1.00000000,0.00000000,63.00000000,664.69525934,7935.95379298,457.29166667
0.00000000,3.00000000,1.00000000,0.00000000,64.00000000,9086.23466243,7935.95379298,387.00000000
0.00000000,3.00000000,1.00000000,0.00000000,64.00000000,664.69525934,7935.95379298,353.29166667
0.00000000,3.00000000,1.00000000,0.00000000,65.00000000,9086.23466243,7935.95379298,412.12500000
0.00000000,3.00000000,1.00000000,0.00000000,65.00000000,664.69525934,7935.95379298,378.12500000
0.00000000,3.00000000,1.00000000,0.00000000,66.00000000,9086.23466243,7935.95379298,397.00000000
0.00000000,3.00000000,1.00000000,0.00000000,66.00000000,664.69525934,7935.95379298,374.66666667
0.00000000,3.00000000,1.00000000,0.00000000,67.00000000,9086.23466243,7935.95379298,439.37500000
0.00000000,3.00000000,1.00000000,0.00000000,67.00000000,664.69525934,7935.95379298,415.45833333
0.00000000,3.00000000,1.00000000,0.00000000,68.00000000,9086.23466243,7935.95379298,400.00000000
0.00000000,3.00000000,1.00000000,0.00000000,68.00000000,664.69525934,7935.95379298,366.87500000
0.00000000,3.00000000,1.00000000,0.00000000,69.00000000,9086.23466243,7935.95379298,416.25000000
0.00000000,3.00000000,1.00000000,0.00000000,69.00000000,721.71647525,7935.95379298,113.87500000
0.00000000,3.00000000,1.00000000,0.00000000,69.00000000,664.69525934,7935.95379298,393.83333333
0.00000000,3.00000000,1.00000000,0.00000000,70.00000000,9086.23466243,7935.95379298,374.62500000
0.00000000,3.00000000,1.00000000,0.00000000,70.00000000,9086.23466243,4396.44904107,403.00000000
0.00000000,3.00000000,1.00000000,0.00000000,70.00000000,9086.23466243,5583.09470814,457.50000000
0.00000000,3.00000000,1.00000000,0.00000000,70.00000000,721.71647525,7935.95379298,106.25000000
0.00000000,3.00000000,1.00000000,0.00000000,70.00000000,721.71647525,4396.44904107,94.00000000
0.00000000,3.00000000,1.00000000,0.00000000,70.00000000,721.71647525,5583.09470814,97.00000000
0.00000000,3.00000000,1.00000000,0.00000000,70.00000000,664.69525934,7935.95379298,333.00000000
0.00000000,3.00000000,1.00000000,0.00000000,70.00000000,664.69525934,4396.44904107,361.04166667
0.00000000,3.00000000,1.00000000,0.00000000,70.00000000,664.69525934,5583.09470814,421.12500000
0.00000000,3.00000000,1.00000000,1.00000000,59.00000000,9086.23466243,7935.95379298,706.41666667
0.00000000,3.00000000,1.00000000,1.00000000,59.00000000,664.69525934,7935.95379298,595.91666667
0.00000000,3.00000000,1.00000000,1.00000000,59.00000000,1862.73889802,7935.95379298,248.08333333
0.00000000,3.00000000,1.00000000,1.00000000,60.00000000,9086.23466243,7935.95379298,626.08333333
0.00000000,3.00000000,1.00000000,1.00000000,60.00000000,664.69525934,7935.95379298,554.62500000
0.00000000,3.00000000,1.00000000,1.00000000,60.00000000,1862.73889802,7935.95379298,92.58333333
0.00000000,3.00000000,1.00000000,1.00000000,60.00000000,1862.73889802,4396.44904107,95.66666667
0.00000000,3.00000000,1.00000000,1.00000000,60.00000000,1862.73889802,5583.09470814,256.83333333
0.00000000,3.00000000,1.00000000,1.00000000,60.00000000,1862.73889802,4604.85339131,225.25000000
0.00000000,3.00000000,1.00000000,1.00000000,61.00000000,9086.23466243,7935.95379298,672.75000000
0.00000000,3.00000000,1.00000000,1.00000000,61.00000000,664.69525934,7935.95379298,551.70833333
0.00000000,3.00000000,1.00000000,1.00000000,62.00000000,9086.23466243,7935.95379298,621.83333333
0.00000000,3.00000000,1.00000000,1.00000000,62.00000000,664.69525934,7935.95379298,551.37500000
0.00000000,3.00000000,1.00000000,1.00000000,63.00000000,9086.23466243,7935.95379298,643.41666667
0.00000000,3.00000000,1.00000000,1.00000000,63.00000000,664.69525934,7935.95379298,581.29166667
0.00000000,3.00000000,1.00000000,1.00000000,64.00000000,9086.23466243,7935.95379298,574.66666667
0.00000000,3.00000000,1.00000000,1.00000000,64.00000000,664.69525934,7935.95379298,495.25000000
0.00000000,3.00000000,1.00000000,1.00000000,65.00000000,9086.23466243,7935.95379298,591.08333333
0.00000000,3.00000000,1.00000000,1.00000000,65.00000000,664.69525934,7935.95379298,502.87500000
0.00000000,3.00000000,1.00000000,1.00000000,66.00000000,9086.23466243,7935.95379298,580.50000000
0.00000000,3.00000000,1.00000000,1.00000000,66.00000000,664.69525934,7935.95379298,512.95833333
0.00000000,3.00000000,1.00000000,1.00000000,67.00000000,9086.23466243,7935.95379298,635.33333333
0.00000000,3.00000000,1.00000000,1.00000000,67.00000000,664.69525934,7935.95379298,531.87500000
0.00000000,3.00000000,1.00000000,1.00000000,68.00000000,9086.23466243,7935.95379298,576.83333333
0.00000000,3.00000000,1.00000000,1.00000000,68.00000000,664.69525934,7935.95379298,491.58333333
0.00000000,3.00000000,1.00000000,1.00000000,69.00000000,9086.23466243,7935.95379298,580.83333333
0.00000000,3.00000000,1.00000000,1.00000000,69.00000000,721.71647525,7935.95379298,185.91666667
0.00000000,3.00000000,1.00000000,1.00000000,69.00000000,664.69525934,7935.95379298,511.08333333
0.00000000,3.00000000,1.00000000,1.00000000,69.00000000,4888.31940462,7935.95379298,748.16666667
0.00000000,3.00000000,1.00000000,1.00000000,70.00000000,9086.23466243,7935.95379298,537.08333333
0.00000000,3.00000000,1.00000000,1.00000000,70.00000000,9086.23466243,4396.44904107,592.83333333
0.00000000,3.00000000,1.00000000,1.00000000,70.00000000,9086.23466243,5583.09470814,644.91666667
0.00000000,3.00000000,1.00000000,1.00000000,70.00000000,9086.23466243,4604.85339131,599.16666667
0.00000000,3.00000000,1.00000000,1.00000000,70.00000000,721.71647525,7935.95379298,156.83333333
0.00000000,3.00000000,1.00000000,1.00000000,70.00000000,721.71647525,4396.44904107,145.75000000
0.00000000,3.00000000,1.00000000,1.00000000,70.00000000,721.71647525,5583.09470814,178.00000000
0.00000000,3.00000000,1.00000000,1.00000000,70.00000000,721.71647525,4604.85339131,186.08333333
0.00000000,3.00000000,1.00000000,1.00000000,70.00000000,664.69525934,7935.95379298,431.33333333
0.00000000,3.00000000,1.00000000,1.00000000,70.00000000,664.69525934,4396.44904107,456.25000000
0.00000000,3.00000000,1.00000000,1.00000000,70.00000000,664.69525934,5583.09470814,533.58333333
0.00000000,3.00000000,1.00000000,1.00000000,70.00000000,664.69525934,4604.85339131,547.29166667
0.00000000,3.00000000,1.00000000,1.00000000,70.00000000,4888.31940462,7935.95379298,757.91666667
0.00000000,3.00000000,1.00000000,1.00000000,71.00000000,4888.31940462,7935.95379298,755.25000000
0.00000000,3.00000000,1.00000000,1.00000000,72.00000000,4888.31940462,7935.95379298,730.83333333
0.00000000,3.00000000,1.00000000,1.00000000,73.00000000,4888.31940462,7935.95379298,714.91666667
0.00000000,3.00000000,1.00000000,1.00000000,74.00000000,4888.31940462,7935.95379298,741.00000000
0.00000000,3.00000000,1.00000000,1.00000000,75.00000000,4888.31940462,7935.95379298,722.33333333
0.00000000,3.00000000,1.00000000,1.00000000,76.00000000,4888.31940462,7935.95379298,704.41666667
0.00000000,3.00000000,1.00000000,1.00000000,77.00000000,4888.31940462,7935.95379298,717.50000000
0.00000000,3.00000000,1.00000000,1.00000000,78.00000000,4888.31940462,7935.95379298,741.83333333
0.00000000,3.00000000,1.00000000,1.00000000,79.00000000,4888.31940462,7935.95379298,713.33333333
0.00000000,3.00000000,1.00000000,1.00000000,80.00000000,4888.31940462,7935.95379298,102.41666667
0.00000000,3.00000000,1.00000000,1.00000000,80.00000000,4888.31940462,4396.44904107,755.66666667
0.00000000,3.00000000,1.00000000,1.00000000,80.00000000,4888.31940462,5583.09470814,777.33333333
0.00000000,3.00000000,1.00000000,1.00000000,80.00000000,4888.31940462,4604.85339131,103.83333333
0.00000000,3.00000000,2.00000000,0.00000000,59.00000000,9086.23466243,7935.95379298,521.69444444
0.00000000,3.00000000,2.00000000,0.00000000,59.00000000,18952.81092783,7935.95379298,1517.08333333
0.00000000,3.00000000,2.00000000,0.00000000,59.00000000,664.69525934,7935.95379298,474.63888889
0.00000000,3.00000000,2.00000000,0.00000000,59.00000000,1862.73889802,7935.95379298,142.50000000
0.00000000,3.00000000,2.00000000,0.00000000,60.00000000,9086.23466243,7935.95379298,441.00000000
0.00000000,3.00000000,2.00000000,0.00000000,60.00000000,18952.81092783,7935.95379298,1159.63888889
0.00000000,3.00000000,2.00000000,0.00000000,60.00000000,664.69525934,7935.95379298,411.61111111
0.00000000,3.00000000,2.00000000,0.00000000,60.00000000,1862.73889802,7935.95379298,88.69444444
0.00000000,3.00000000,2.00000000,0.00000000,60.00000000,1862.73889802,4396.44904107,83.94444444
0.00000000,3.00000000,2.00000000,0.00000000,60.00000000,1862.73889802,5583.09470814,133.19444444
0.00000000,3.00000000,2.00000000,0.00000000,61.00000000,9086.23466243,7935.95379298,459.66666667
0.00000000,3.00000000,2.00000000,0.00000000,61.00000000,18952.81092783,7935.95379298,1291.16666667
0.00000000,3.00000000,2.00000000,0.00000000,61.00000000,664.69525934,7935.95379298,442.20833333
0.00000000,3.00000000,2.00000000,0.00000000,62.00000000,9086.23466243,7935.95379298,473.41666667
0.00000000,3.00000000,2.00000000,0.00000000,62.00000000,18952.81092783,7935.95379298,1236.08333333
0.00000000,3.00000000,2.00000000,0.00000000,62.00000000,664.69525934,7935.95379298,438.48611111
0.00000000,3.00000000,2.00000000,0.00000000,63.00000000,9086.23466243,7935.95379298,475.30555556
0.00000000,3.00000000,2.00000000,0.00000000,63.00000000,18952.81092783,7935.95379298,1318.36111111
0.00000000,3.00000000,2.00000000,0.00000000,63.00000000,664.69525934,7935.95379298,459.72222222
0.00000000,3.00000000,2.00000000,0.00000000,64.00000000,9086.23466243,7935.95379298,390.52777778
0.00000000,3.00000000,2.00000000,0.00000000,64.00000000,18952.81092783,7935.95379298,1024.02777778
0.00000000,3.00000000,2.00000000,0.00000000,64.00000000,664.69525934,7935.95379298,354.16666667
0.00000000,3.00000000,2.00000000,0.00000000,65.00000000,9086.23466243,7935.95379298,413.16666667
0.00000000,3.00000000,2.00000000,0.00000000,65.00000000,18952.81092783,7935.95379298,1109.27777778
0.00000000,3.00000000,2.00000000,0.00000000,65.00000000,664.69525934,7935.95379298,389.30555556
0.00000000,3.00000000,2.00000000,0.00000000,66.00000000,9086.23466243,7935.95379298,396.30555556
0.00000000,3.00000000,2.00000000,0.00000000,66.00000000,18952.81092783,7935.95379298,1117.13888889
0.00000000,3.00000000,2.00000000,0.00000000,66.00000000,664.69525934,7935.95379298,382.73611111
0.00000000,3.00000000,2.00000000,0.00000000,67.00000000,9086.23466243,7935.95379298,422.00000000
0.00000000,3.00000000,2.00000000,0.00000000,67.00000000,18952.81092783,7935.95379298,1228.47222222
0.00000000,3.00000000,2.00000000,0.00000000,67.00000000,664.69525934,7935.95379298,420.09722222
0.00000000,3.00000000,2.00000000,0.00000000,68.00000000,9086.23466243,7935.95379298,386.25000000
0.00000000,3.00000000,2.00000000,0.00000000,68.00000000,18952.81092783,7935.95379298,901.36111111
0.00000000,3.00000000,2.00000000,0.00000000,68.00000000,664.69525934,7935.95379298,365.97222222
0.00000000,3.00000000,2.00000000,0.00000000,69.00000000,9086.23466243,7935.95379298,419.33333333
0.00000000,3.00000000,2.00000000,0.00000000,69.00000000,18952.81092783,7935.95379298,1015.27777778
0.00000000,3.00000000,2.00000000,0.00000000,69.00000000,721.71647525,7935.95379298,107.02777778
0.00000000,3.00000000,2.00000000,0.00000000,69.00000000,664.69525934,7935.95379298,401.83333333
0.00000000,3.00000000,2.00000000,0.00000000,70.00000000,9086.23466243,7935.95379298,376.41666667
0.00000000,3.00000000,2.00000000,0.00000000,70.00000000,9086.23466243,4396.44904107,415.13888889
0.00000000,3.00000000,2.00000000,0.00000000,70.00000000,9086.23466243,5583.09470814,442.75000000
0.00000000,3.00000000,2.00000000,0.00000000,70.00000000,18952.81092783,7935.95379298,1009.91666667
0.00000000,3.00000000,2.00000000,0.00000000,70.00000000,721.71647525,7935.95379298,99.41666667
0.00000000,3.00000000,2.00000000,0.00000000,70.00000000,721.71647525,4396.44904107,96.27777778
0.00000000,3.00000000,2.00000000,0.00000000,70.00000000,721.71647525,5583.09470814,99.80555556
0.00000000,3.00000000,2.00000000,0.00000000,70.00000000,664.69525934,7935.95379298,345.86111111
0.00000000,3.00000000,2.00000000,0.00000000,70.00000000,664.69525934,4396.44904107,371.87500000
0.00000000,3.00000000,2.00000000,0.00000000,70.00000000,664.69525934,5583.09470814,433.13888889
0.00000000,3.00000000,2.00000000,0.00000000,71.00000000,18952.81092783,7935.95379298,1123.69444444
0.00000000,3.00000000,2.00000000,0.00000000,72.00000000,18952.81092783,7935.95379298,1067.61111111
0.00000000,3.00000000,2.00000000,0.00000000,73.00000000,18952.81092783,7935.95379298,1249.52777778
0.00000000,3.00000000,2.00000000,0.00000000,74.00000000,18952.81092783,7935.95379298,1189.44444444
0.00000000,3.00000000,2.00000000,0.00000000,75.00000000,18952.81092783,7935.95379298,1342.25000000
0.00000000,3.00000000,2.00000000,0.00000000,76.00000000,18952.81092783,7935.95379298,1001.94444444
0.00000000,3.00000000,2.00000000,0.00000000,77.00000000,18952.81092783,7935.95379298,1128.83333333
0.00000000,3.00000000,2.00000000,0.00000000,78.00000000,18952.81092783,7935.95379298,1107.88888889
0.00000000,3.00000000,2.00000000,0.00000000,79.00000000,18952.81092783,7935.95379298,1272.69444444
0.00000000,3.00000000,2.00000000,0.00000000,80.00000000,18952.81092783,7935.95379298,119.83333333
0.00000000,3.00000000,2.00000000,0.00000000,80.00000000,18952.81092783,4396.44904107,316.58333333
0.00000000,3.00000000,2.00000000,0.00000000,80.00000000,18952.81092783,5583.09470814,127.83333333
0.00000000,3.00000000,2.00000000,1.00000000,59.00000000,9086.23466243,7935.95379298,688.62500000
0.00000000,3.00000000,2.00000000,1.00000000,59.00000000,18952.81092783,7935.95379298,1721.23611111
0.00000000,3.00000000,2.00000000,1.00000000,59.00000000,664.69525934,7935.95379298,588.49166667
0.00000000,3.00000000,2.00000000,1.00000000,59.00000000,1862.73889802,7935.95379298,259.52777778
0.00000000,3.00000000,2.00000000,1.00000000,60.00000000,9086.23466243,7935.95379298,630.91666667
0.00000000,3.00000000,2.00000000,1.00000000,60.00000000,18952.81092783,7935.95379298,1308.68055556
0.00000000,3.00000000,2.00000000,1.00000000,60.00000000,664.69525934,7935.95379298,550.22500000
0.00000000,3.00000000,2.00000000,1.00000000,60.00000000,1862.73889802,7935.95379298,90.66666667
0.00000000,3.00000000,2.00000000,1.00000000,60.00000000,1862.73889802,4396.44904107,91.62500000
0.00000000,3.00000000,2.00000000,1.00000000,60.00000000,1862.73889802,5583.09470814,241.76388889
0.00000000,3.00000000,2.00000000,1.00000000,60.00000000,1862.73889802,4604.85339131,226.08333333
0.00000000,3.00000000,2.00000000,1.00000000,61.00000000,9086.23466243,7935.95379298,645.97222222
0.00000000,3.00000000,2.00000000,1.00000000,61.00000000,18952.81092783,7935.95379298,1430.56944444
0.00000000,3.00000000,2.00000000,1.00000000,61.00000000,664.69525934,7935.95379298,566.81666667
0.00000000,3.00000000,2.00000000,1.00000000,62.00000000,9086.23466243,7935.95379298,657.12500000
0.00000000,3.00000000,2.00000000,1.00000000,62.00000000,18952.81092783,7935.95379298,1390.65277778
0.00000000,3.00000000,2.00000000,1.00000000,62.00000000,664.69525934,7935.95379298,574.39166667
0.00000000,3.00000000,2.00000000,1.00000000,63.00000000,9086.23466243,7935.95379298,667.48611111
0.00000000,3.00000000,2.00000000,1.00000000,63.00000000,18952.81092783,7935.95379298,1448.62500000
0.00000000,3.00000000,2.00000000,1.00000000,63.00000000,664.69525934,7935.95379298,585.76666667
0.00000000,3.00000000,2.00000000,1.00000000,64.00000000,9086.23466243,7935.95379298,575.98611111
0.00000000,3.00000000,2.00000000,1.00000000,64.00000000,18952.81092783,7935.95379298,1195.41666667
0.00000000,3.00000000,2.00000000,1.00000000,64.00000000,664.69525934,7935.95379298,494.67500000
0.00000000,3.00000000,2.00000000,1.00000000,65.00000000,9086.23466243,7935.95379298,611.13888889
0.00000000,3.00000000,2.00000000,1.00000000,65.00000000,18952.81092783,7935.95379298,1303.47222222
0.00000000,3.00000000,2.00000000,1.00000000,65.00000000,664.69525934,7935.95379298,515.97500000
0.00000000,3.00000000,2.00000000,1.00000000,66.00000000,9086.23466243,7935.95379298,608.97222222
0.00000000,3.00000000,2.00000000,1.00000000,66.00000000,18952.81092783,7935.95379298,1314.31944444
0.00000000,3.00000000,2.00000000,1.00000000,66.00000000,664.69525934,7935.95379298,510.90833333
0.00000000,3.00000000,2.00000000,1.00000000,67.00000000,9086.23466243,7935.95379298,645.72222222
0.00000000,3.00000000,2.00000000,1.00000000,67.00000000,18952.81092783,7935.95379298,1459.66666667
0.00000000,3.00000000,2.00000000,1.00000000,67.00000000,664.69525934,7935.95379298,548.01666667
0.00000000,3.00000000,2.00000000,1.00000000,68.00000000,9086.23466243,7935.95379298,590.84722222
0.00000000,3.00000000,2.00000000,1.00000000,68.00000000,18952.81092783,7935.95379298,1112.23611111
0.00000000,3.00000000,2.00000000,1.00000000,68.00000000,664.69525934,7935.95379298,503.98333333
0.00000000,3.00000000,2.00000000,1.00000000,69.00000000,9086.23466243,7935.95379298,614.98611111
0.00000000,3.00000000,2.00000000,1.00000000,69.00000000,18952.81092783,7935.95379298,1226.51388889
0.00000000,3.00000000,2.00000000,1.00000000,69.00000000,721.71647525,7935.95379298,189.88888889
0.00000000,3.00000000,2.00000000,1.00000000,69.00000000,664.69525934,7935.95379298,530.22500000
0.00000000,3.00000000,2.00000000,1.00000000,69.00000000,4888.31940462,7935.95379298,757.91666667
0.00000000,3.00000000,2.00000000,1.00000000,70.00000000,9086.23466243,7935.95379298,554.04166667
0.00000000,3.00000000,2.00000000,1.00000000,70.00000000,9086.23466243,4396.44904107,609.09722222
0.00000000,3.00000000,2.00000000,1.00000000,70.00000000,9086.23466243,5583.09470814,642.65277778
0.00000000,3.00000000,2.00000000,1.00000000,70.00000000,9086.23466243,4604.85339131,640.75000000
0.00000000,3.00000000,2.00000000,1.00000000,70.00000000,18952.81092783,7935.95379298,1231.48611111
0.00000000,3.00000000,2.00000000,1.00000000,70.00000000,721.71647525,7935.95379298,160.40277778
0.00000000,3.00000000,2.00000000,1.00000000,70.00000000,721.71647525,4396.44904107,152.61111111
0.00000000,3.00000000,2.00000000,1.00000000,70.00000000,721.71647525,5583.09470814,176.68055556
0.00000000,3.00000000,2.00000000,1.00000000,70.00000000,721.71647525,4604.85339131,190.08333333
0.00000000,3.00000000,2.00000000,1.00000000,70.00000000,664.69525934,7935.95379298,444.47500000
0.00000000,3.00000000,2.00000000,1.00000000,70.00000000,664.69525934,4396.44904107,474.96666667
0.00000000,3.00000000,2.00000000,1.00000000,70.00000000,664.69525934,5583.09470814,571.83333333
0.00000000,3.00000000,2.00000000,1.00000000,70.00000000,664.69525934,4604.85339131,557.33333333
0.00000000,3.00000000,2.00000000,1.00000000,70.00000000,4888.31940462,7935.95379298,760.36111111
0.00000000,3.00000000,2.00000000,1.00000000,71.00000000,18952.81092783,7935.95379298,1345.88888889
0.00000000,3.00000000,2.00000000,1.00000000,71.00000000,4888.31940462,7935.95379298,761.23611111
0.00000000,3.00000000,2.00000000,1.00000000,72.00000000,18952.81092783,7935.95379298,1291.12500000
0.00000000,3.00000000,2.00000000,1.00000000,72.00000000,4888.31940462,7935.95379298,757.09722222
0.00000000,3.00000000,2.00000000,1.00000000,73.00000000,18952.81092783,7935.95379298,1480.02777778
0.00000000,3.00000000,2.00000000,1.00000000,73.00000000,4888.31940462,7935.95379298,729.43055556
0.00000000,3.00000000,2.00000000,1.00000000,74.00000000,18952.81092783,7935.95379298,1425.48611111
0.00000000,3.00000000,2.00000000,1.00000000,74.00000000,4888.31940462,7935.95379298,747.45833333
0.00000000,3.00000000,2.00000000,1.00000000,75.00000000,18952.81092783,7935.95379298,1560.80555556
0.00000000,3.00000000,2.00000000,1.00000000,75.00000000,4888.31940462,7935.95379298,756.75000000
0.00000000,3.00000000,2.00000000,1.00000000,76.00000000,18952.81092783,7935.95379298,1181.19444444
0.00000000,3.00000000,2.00000000,1.00000000,76.00000000,4888.31940462,7935.95379298,743.76388889
0.00000000,3.00000000,2.00000000,1.00000000,77.00000000,18952.81092783,7935.95379298,1324.95833333
0.00000000,3.00000000,2.00000000,1.00000000,77.00000000,4888.31940462,7935.95379298,747.30555556
0.00000000,3.00000000,2.00000000,1.00000000,78.00000000,18952.81092783,7935.95379298,1316.54166667
0.00000000,3.00000000,2.00000000,1.00000000,78.00000000,4888.31940462,7935.95379298,740.72222222
0.00000000,3.00000000,2.00000000,1.00000000,79.00000000,18952.81092783,7935.95379298,1484.55555556
0.00000000,3.00000000,2.00000000,1.00000000,79.00000000,4888.31940462,7935.95379298,746.15277778
0.00000000,3.00000000,2.00000000,1.00000000,80.00000000,18952.81092783,7935.95379298,127.43055556
0.00000000,3.00000000,2.00000000,1.00000000,80.00000000,18952.81092783,4396.44904107,387.38888889
0.00000000,3.00000000,2.00000000,1.00000000,80.00000000,18952.81092783,5583.09470814,134.61111111
0.00000000,3.00000000,2.00000000,1.00000000,80.00000000,18952.81092783,4604.85339131,1394.84722222
0.00000000,3.00000000,2.00000000,1.00000000,80.00000000,4888.31940462,7935.95379298,101.33333333
0.00000000,3.00000000,2.00000000,1.00000000,80.00000000,4888.31940462,4396.44904107,798.62500000
0.00000000,3.00000000,2.00000000,1.00000000,80.00000000,4888.31940462,5583.09470814,782.88888889
0.00000000,3.00000000,2.00000000,1.00000000,80.00000000,4888.31940462,4604.85339131,101.68055556
1.00000000,1.00000000,2.00000000,0.00000000,59.00000000,18952.81092783,7935.95379298,35478.31250000
1.00000000,1.00000000,2.00000000,0.00000000,59.00000000,1862.73889802,7935.95379298,1719.22916667
1.00000000,1.00000000,2.00000000,0.00000000,60.00000000,18952.81092783,7935.95379298,24690.50000000
1.00000000,1.00000000,2.00000000,0.00000000,60.00000000,1862.73889802,7935.95379298,1196.56250000
1.00000000,1.00000000,2.00000000,0.00000000,61.00000000,18952.81092783,7935.95379298,28678.22916667
1.00000000,1.00000000,2.00000000,0.00000000,61.00000000,1862.73889802,7935.95379298,1255.95833333
1.00000000,1.00000000,2.00000000,0.00000000,62.00000000,18952.81092783,7935.95379298,27198.83333333
1.00000000,1.00000000,2.00000000,0.00000000,62.00000000,1862.73889802,7935.95379298,1202.75000000
1.00000000,1.00000000,2.00000000,0.00000000,63.00000000,18952.81092783,7935.95379298,29408.06250000
1.00000000,1.00000000,2.00000000,0.00000000,63.00000000,1862.73889802,7935.95379298,1260.43750000
1.00000000,1.00000000,2.00000000,0.00000000,64.00000000,18952.81092783,7935.95379298,21949.35416667
1.00000000,1.00000000,2.00000000,0.00000000,64.00000000,1862.73889802,7935.95379298,1168.31250000
1.00000000,1.00000000,2.00000000,0.00000000,65.00000000,18952.81092783,7935.95379298,26256.45833333
1.00000000,1.00000000,2.00000000,0.00000000,65.00000000,1862.73889802,7935.95379298,1236.50000000
1.00000000,1.00000000,2.00000000,0.00000000,66.00000000,18952.81092783,7935.95379298,25369.68750000
1.00000000,1.00000000,2.00000000,0.00000000,66.00000000,1862.73889802,7935.95379298,1279.89583333
1.00000000,1.00000000,2.00000000,0.00000000,67.00000000,18952.81092783,7935.95379298,29925.04166667
1.00000000,1.00000000,2.00000000,0.00000000,67.00000000,1862.73889802,7935.95379298,1483.79166667
1.00000000,1.00000000,2.00000000,0.00000000,68.00000000,18952.81092783,7935.95379298,19271.29166667
1.00000000,1.00000000,2.00000000,0.00000000,68.00000000,1862.73889802,7935.95379298,1078.77083333
1.00000000,1.00000000,2.00000000,0.00000000,69.00000000,18952.81092783,7935.95379298,22848.75000000
1.00000000,1.00000000,2.00000000,0.00000000,69.00000000,721.71647525,7935.95379298,465.85416667
1.00000000,1.00000000,2.00000000,0.00000000,69.00000000,1862.73889802,7935.95379298,1105.93750000
1.00000000,1.00000000,2.00000000,0.00000000,70.00000000,18952.81092783,7935.95379298,21991.93750000
1.00000000,1.00000000,2.00000000,0.00000000,70.00000000,721.71647525,7935.95379298,476.77083333
1.00000000,1.00000000,2.00000000,0.00000000,70.00000000,1862.73889802,7935.95379298,1165.18750000
1.00000000,1.00000000,2.00000000,0.00000000,71.00000000,18952.81092783,7935.95379298,25994.00000000
1.00000000,1.00000000,2.00000000,0.00000000,71.00000000,721.71647525,7935.95379298,444.12500000
1.00000000,1.00000000,2.00000000,0.00000000,71.00000000,1862.73889802,7935.95379298,1328.12500000
1.00000000,1.00000000,2.00000000,0.00000000,72.00000000,18952.81092783,7935.95379298,24081.77083333
1.00000000,1.00000000,2.00000000,0.00000000,72.00000000,721.71647525,7935.95379298,462.27083333
1.00000000,1.00000000,2.00000000,0.00000000,72.00000000,1862.73889802,7935.95379298,1268.47916667
1.00000000,1.00000000,2.00000000,0.00000000,73.00000000,18952.81092783,7935.95379298,29144.60416667
1.00000000,1.00000000,2.00000000,0.00000000,73.00000000,721.71647525,7935.95379298,431.18750000
1.00000000,1.00000000,2.00000000,0.00000000,73.00000000,1862.73889802,7935.95379298,1409.39583333
1.00000000,1.00000000,2.00000000,0.00000000,74.00000000,18952.81092783,7935.95379298,27501.93750000
1.00000000,1.00000000,2.00000000,0.00000000,74.00000000,721.71647525,7935.95379298,467.56250000
1.00000000,1.00000000,2.00000000,0.00000000,74.00000000,1862.73889802,7935.95379298,1352.95833333
1.00000000,1.00000000,2.00000000,0.00000000,75.00000000,18952.81092783,7935.95379298,31956.75000000
1.00000000,1.00000000,2.00000000,0.00000000,75.00000000,721.71647525,7935.95379298,442.37500000
1.00000000,1.00000000,2.00000000,0.00000000,75.00000000,1862.73889802,7935.95379298,1573.56250000
1.00000000,1.00000000,2.00000000,0.00000000,76.00000000,18952.81092783,7935.95379298,20463.43750000
1.00000000,1.00000000,2.00000000,0.00000000,76.00000000,721.71647525,7935.95379298,480.79166667
1.00000000,1.00000000,2.00000000,0.00000000,76.00000000,1862.73889802,7935.95379298,1128.02083333
1.00000000,1.00000000,2.00000000,0.00000000,77.00000000,18952.81092783,7935.95379298,25185.47916667
1.00000000,1.00000000,2.00000000,0.00000000,77.00000000,721.71647525,7935.95379298,437.83333333
1.00000000,1.00000000,2.00000000,0.00000000,77.00000000,1862.73889802,7935.95379298,1250.60416667
1.00000000,1.00000000,2.00000000,0.00000000,78.00000000,18952.81092783,7935.95379298,23841.14583333
1.00000000,1.00000000,2.00000000,0.00000000,78.00000000,721.71647525,7935.95379298,478.08333333
1.00000000,1.00000000,2.00000000,0.00000000,78.00000000,1862.73889802,7935.95379298,1217.31250000
1.00000000,1.00000000,2.00000000,0.00000000,79.00000000,18952.81092783,7935.95379298,28590.20833333
1.00000000,1.00000000,2.00000000,0.00000000,79.00000000,721.71647525,7935.95379298,443.04166667
1.00000000,1.00000000,2.00000000,0.00000000,79.00000000,1862.73889802,7935.95379298,1407.33333333
1.00000000,1.00000000,2.00000000,0.00000000,80.00000000,18952.81092783,7935.95379298,5465.27083333
1.00000000,1.00000000,2.00000000,0.00000000,80.00000000,18952.81092783,2860.21968498,5927.43750000
1.00000000,1.00000000,2.00000000,0.00000000,80.00000000,18952.81092783,4396.44904107,27858.77083333
1.00000000,1.00000000,2.00000000,0.00000000,80.00000000,18952.81092783,5583.09470814,29312.47916667
1.00000000,1.00000000,2.00000000,0.00000000,80.00000000,721.71647525,7935.95379298,92.33333333
1.00000000,1.00000000,2.00000000,0.00000000,80.00000000,721.71647525,2860.21968498,91.35416667
1.00000000,1.00000000,2.00000000,0.00000000,80.00000000,721.71647525,4396.44904107,477.70833333
1.00000000,1.00000000,2.00000000,0.00000000,80.00000000,721.71647525,5583.09470814,470.41666667
1.00000000,1.00000000,2.00000000,0.00000000,80.00000000,1862.73889802,7935.95379298,333.02083333
1.00000000,1.00000000,2.00000000,0.00000000,80.00000000,1862.73889802,2860.21968498,335.93750000
1.00000000,1.00000000,2.00000000,0.00000000,80.00000000,1862.73889802,4396.44904107,1394.58333333
1.00000000,1.00000000,2.00000000,0.00000000,80.00000000,1862.73889802,5583.09470814,1434.62500000
1.00000000,1.00000000,2.00000000,1.00000000,59.00000000,18952.81092783,7935.95379298,40353.88888889
1.00000000,1.00000000,2.00000000,1.00000000,59.00000000,1862.73889802,7935.95379298,4476.41666667
1.00000000,1.00000000,2.00000000,1.00000000,60.00000000,18952.81092783,7935.95379298,28170.11111111
1.00000000,1.00000000,2.00000000,1.00000000,60.00000000,1862.73889802,7935.95379298,3407.33333333
1.00000000,1.00000000,2.00000000,1.00000000,61.00000000,18952.81092783,7935.95379298,31292.38888889
1.00000000,1.00000000,2.00000000,1.00000000,61.00000000,1862.73889802,7935.95379298,3331.22222222
1.00000000,1.00000000,2.00000000,1.00000000,62.00000000,18952.81092783,7935.95379298,30704.22222222
1.00000000,1.00000000,2.00000000,1.00000000,62.00000000,1862.73889802,7935.95379298,3418.72222222
1.00000000,1.00000000,2.00000000,1.00000000,63.00000000,18952.81092783,7935.95379298,32320.66666667
1.00000000,1.00000000,2.00000000,1.00000000,63.00000000,1862.73889802,7935.95379298,3304.41666667
1.00000000,1.00000000,2.00000000,1.00000000,64.00000000,18952.81092783,7935.95379298,27020.27777778
1.00000000,1.00000000,2.00000000,1.00000000,64.00000000,1862.73889802,7935.95379298,3243.83333333
1.00000000,1.00000000,2.00000000,1.00000000,65.00000000,18952.81092783,7935.95379298,31143.47222222
1.00000000,1.00000000,2.00000000,1.00000000,65.00000000,1862.73889802,7935.95379298,3505.77777778
1.00000000,1.00000000,2.00000000,1.00000000,66.00000000,18952.81092783,7935.95379298,30776.72222222
1.00000000,1.00000000,2.00000000,1.00000000,66.00000000,1862.73889802,7935.95379298,3630.58333333
1.00000000,1.00000000,2.00000000,1.00000000,67.00000000,18952.81092783,7935.95379298,35298.80555556
1.00000000,1.00000000,2.00000000,1.00000000,67.00000000,1862.73889802,7935.95379298,3996.94444444
1.00000000,1.00000000,2.00000000,1.00000000,68.00000000,18952.81092783,7935.95379298,24020.19444444
1.00000000,1.00000000,2.00000000,1.00000000,68.00000000,1862.73889802,7935.95379298,3008.13888889
1.00000000,1.00000000,2.00000000,1.00000000,69.00000000,18952.81092783,7935.95379298,27255.55555556
1.00000000,1.00000000,2.00000000,1.00000000,69.00000000,721.71647525,7935.95379298,1560.30555556
1.00000000,1.00000000,2.00000000,1.00000000,69.00000000,4888.31940462,7935.95379298,8812.22222222
1.00000000,1.00000000,2.00000000,1.00000000,69.00000000,1862.73889802,7935.95379298,3094.97222222
1.00000000,1.00000000,2.00000000,1.00000000,70.00000000,18952.81092783,7935.95379298,26999.63888889
1.00000000,1.00000000,2.00000000,1.00000000,70.00000000,721.71647525,7935.95379298,1557.05555556
1.00000000,1.00000000,2.00000000,1.00000000,70.00000000,4888.31940462,7935.95379298,8872.25000000
1.00000000,1.00000000,2.00000000,1.00000000,70.00000000,1862.73889802,7935.95379298,3136.41666667
1.00000000,1.00000000,2.00000000,1.00000000,71.00000000,18952.81092783,7935.95379298,31141.61111111
1.00000000,1.00000000,2.00000000,1.00000000,71.00000000,721.71647525,7935.95379298,1522.94444444
1.00000000,1.00000000,2.00000000,1.00000000,71.00000000,4888.31940462,7935.95379298,8882.13888889
1.00000000,1.00000000,2.00000000,1.00000000,71.00000000,1862.73889802,7935.95379298,3598.55555556
1.00000000,1.00000000,2.00000000,1.00000000,72.00000000,18952.81092783,7935.95379298,29333.25000000
1.00000000,1.00000000,2.00000000,1.00000000,72.00000000,721.71647525,7935.95379298,1521.55555556
1.00000000,1.00000000,2.00000000,1.00000000,72.00000000,4888.31940462,7935.95379298,8841.11111111
1.00000000,1.00000000,2.00000000,1.00000000,72.00000000,1862.73889802,7935.95379298,3397.22222222
1.00000000,1.00000000,2.00000000,1.00000000,73.00000000,18952.81092783,7935.95379298,34668.22222222
1.00000000,1.00000000,2.00000000,1.00000000,73.00000000,721.71647525,7935.95379298,1317.83333333
1.00000000,1.00000000,2.00000000,1.00000000,73.00000000,4888.31940462,7935.95379298,8684.02777778
1.00000000,1.00000000,2.00000000,1.00000000,73.00000000,1862.73889802,7935.95379298,3898.38888889
1.00000000,1.00000000,2.00000000,1.00000000,74.00000000,18952.81092783,7935.95379298,32808.08333333
1.00000000,1.00000000,2.00000000,1.00000000,74.00000000,721.71647525,7935.95379298,1506.94444444
1.00000000,1.00000000,2.00000000,1.00000000,74.00000000,4888.31940462,7935.95379298,8988.38888889
1.00000000,1.00000000,2.00000000,1.00000000,74.00000000,1862.73889802,7935.95379298,3705.80555556
1.00000000,1.00000000,2.00000000,1.00000000,75.00000000,18952.81092783,7935.95379298,37421.16666667
1.00000000,1.00000000,2.00000000,1.00000000,75.00000000,721.71647525,7935.95379298,1392.25000000
1.00000000,1.00000000,2.00000000,1.00000000,75.00000000,4888.31940462,7935.95379298,8798.72222222
1.00000000,1.00000000,2.00000000,1.00000000,75.00000000,1862.73889802,7935.95379298,4176.80555556
1.00000000,1.00000000,2.00000000,1.00000000,76.00000000,18952.81092783,7935.95379298,25194.55555556
1.00000000,1.00000000,2.00000000,1.00000000,76.00000000,721.71647525,7935.95379298,1537.05555556
1.00000000,1.00000000,2.00000000,1.00000000,76.00000000,4888.31940462,7935.95379298,8792.97222222
1.00000000,1.00000000,2.00000000,1.00000000,76.00000000,1862.73889802,7935.95379298,3098.50000000
1.00000000,1.00000000,2.00000000,1.00000000,77.00000000,18952.81092783,7935.95379298,29798.02777778
1.00000000,1.00000000,2.00000000,1.00000000,77.00000000,721.71647525,7935.95379298,1323.61111111
1.00000000,1.00000000,2.00000000,1.00000000,77.00000000,4888.31940462,7935.95379298,8758.44444444
1.00000000,1.00000000,2.00000000,1.00000000,77.00000000,1862.73889802,7935.95379298,3379.25000000
1.00000000,1.00000000,2.00000000,1.00000000,78.00000000,18952.81092783,7935.95379298,28727.22222222
1.00000000,1.00000000,2.00000000,1.00000000,78.00000000,721.71647525,7935.95379298,1529.77777778
1.00000000,1.00000000,2.00000000,1.00000000,78.00000000,4888.31940462,7935.95379298,8900.58333333
1.00000000,1.00000000,2.00000000,1.00000000,78.00000000,1862.73889802,7935.95379298,3321.63888889
1.00000000,1.00000000,2.00000000,1.00000000,79.00000000,18952.81092783,7935.95379298,33975.33333333
1.00000000,1.00000000,2.00000000,1.00000000,79.00000000,721.71647525,7935.95379298,1461.91666667
1.00000000,1.00000000,2.00000000,1.00000000,79.00000000,4888.31940462,7935.95379298,8895.41666667
1.00000000,1.00000000,2.00000000,1.00000000,79.00000000,1862.73889802,7935.95379298,3782.83333333
1.00000000,1.00000000,2.00000000,1.00000000,80.00000000,18952.81092783,7935.95379298,6619.13888889
1.00000000,1.00000000,2.00000000,1.00000000,80.00000000,18952.81092783,2860.21968498,6903.83333333
1.00000000,1.00000000,2.00000000,1.00000000,80.00000000,18952.81092783,4396.44904107,33476.13888889
1.00000000,1.00000000,2.00000000,1.00000000,80.00000000,18952.81092783,5583.09470814,35103.25000000
1.00000000,1.00000000,2.00000000,1.00000000,80.00000000,18952.81092783,4604.85339131,31005.86111111
1.00000000,1.00000000,2.00000000,1.00000000,80.00000000,721.71647525,7935.95379298,115.94444444
1.00000000,1.00000000,2.00000000,1.00000000,80.00000000,721.71647525,2860.21968498,115.66666667
1.00000000,1.00000000,2.00000000,1.00000000,80.00000000,721.71647525,4396.44904107,1461.94444444
1.00000000,1.00000000,2.00000000,1.00000000,80.00000000,721.71647525,5583.09470814,1380.36111111
1.00000000,1.00000000,2.00000000,1.00000000,80.00000000,721.71647525,4604.85339131,1556.55555556
1.00000000,1.00000000,2.00000000,1.00000000,80.00000000,4888.31940462,7935.95379298,8744.08333333
1.00000000,1.00000000,2.00000000,1.00000000,80.00000000,1862.73889802,7935.95379298,843.19444444
1.00000000,1.00000000,2.00000000,1.00000000,80.00000000,1862.73889802,2860.21968498,882.88888889
1.00000000,1.00000000,2.00000000,1.00000000,80.00000000,1862.73889802,4396.44904107,3754.13888889
1.00000000,1.00000000,2.00000000,1.00000000,80.00000000,1862.73889802,5583.09470814,3872.19444444
1.00000000,1.00000000,2.00000000,1.00000000,80.00000000,1862.73889802,4604.85339131,3535.50000000
1.00000000,1.00000000,2.00000000,1.00000000,81.00000000,4888.31940462,7935.95379298,8469.61111111
1.00000000,1.00000000,2.00000000,1.00000000,82.00000000,4888.31940462,7935.95379298,8772.41666667
1.00000000,1.00000000,2.00000000,1.00000000,83.00000000,4888.31940462,7935.95379298,8603.52777778
1.00000000,1.00000000,2.00000000,1.00000000,84.00000000,4888.31940462,7935.95379298,8788.91666667
1.00000000,1.00000000,2.00000000,1.00000000,85.00000000,4888.31940462,7935.95379298,8452.83333333
1.00000000,1.00000000,2.00000000,1.00000000,86.00000000,4888.31940462,7935.95379298,8802.61111111
1.00000000,1.00000000,2.00000000,1.00000000,87.00000000,4888.31940462,7935.95379298,8622.66666667
1.00000000,1.00000000,2.00000000,1.00000000,88.00000000,4888.31940462,7935.95379298,8761.16666667
1.00000000,1.00000000,2.00000000,1.00000000,89.00000000,4888.31940462,7935.95379298,8645.38888889
1.00000000,1.00000000,2.00000000,1.00000000,90.00000000,4888.31940462,7935.95379298,81.88888889
1.00000000,1.00000000,2.00000000,1.00000000,90.00000000,4888.31940462,2860.21968498,1433.02777778
1.00000000,1.00000000,2.00000000,1.00000000,90.00000000,4888.31940462,4396.44904107,10424.47222222
1.00000000,1.00000000,2.00000000,1.00000000,90.00000000,4888.31940462,5583.09470814,9327.91666667
1.00000000,1.00000000,2.00000000,1.00000000,90.00000000,4888.31940462,4604.85339131,84.72222222
1.00000000,2.00000000,2.00000000,0.00000000,59.00000000,9086.23466243,7935.95379298,15105.91666667
1.00000000,2.00000000,2.00000000,0.00000000,59.00000000,18952.81092783,7935.95379298,35231.43333333
1.00000000,2.00000000,2.00000000,0.00000000,59.00000000,664.69525934,7935.95379298,951.83333333
1.00000000,2.00000000,2.00000000,0.00000000,59.00000000,1862.73889802,7935.95379298,1703.10000000
1.00000000,2.00000000,2.00000000,0.00000000,60.00000000,9086.23466243,7935.95379298,10599.27777778
1.00000000,2.00000000,2.00000000,0.00000000,60.00000000,18952.81092783,7935.95379298,24628.88333333
1.00000000,2.00000000,2.00000000,0.00000000,60.00000000,664.69525934,7935.95379298,882.33333333
1.00000000,2.00000000,2.00000000,0.00000000,60.00000000,1862.73889802,7935.95379298,1168.71666667
1.00000000,2.00000000,2.00000000,0.00000000,61.00000000,9086.23466243,7935.95379298,12062.36111111
1.00000000,2.00000000,2.00000000,0.00000000,61.00000000,18952.81092783,7935.95379298,28386.73333333
1.00000000,2.00000000,2.00000000,0.00000000,61.00000000,664.69525934,7935.95379298,927.19444444
1.00000000,2.00000000,2.00000000,0.00000000,61.00000000,1862.73889802,7935.95379298,1241.90000000
1.00000000,2.00000000,2.00000000,0.00000000,62.00000000,9086.23466243,7935.95379298,11614.97222222
1.00000000,2.00000000,2.00000000,0.00000000,62.00000000,18952.81092783,7935.95379298,27104.53333333
1.00000000,2.00000000,2.00000000,0.00000000,62.00000000,664.69525934,7935.95379298,921.47222222
1.00000000,2.00000000,2.00000000,0.00000000,62.00000000,1862.73889802,7935.95379298,1217.88333333
1.00000000,2.00000000,2.00000000,0.00000000,63.00000000,9086.23466243,7935.95379298,12824.38888889
1.00000000,2.00000000,2.00000000,0.00000000,63.00000000,18952.81092783,7935.95379298,29260.85000000
1.00000000,2.00000000,2.00000000,0.00000000,63.00000000,664.69525934,7935.95379298,952.13888889
1.00000000,2.00000000,2.00000000,0.00000000,63.00000000,1862.73889802,7935.95379298,1215.60000000
1.00000000,2.00000000,2.00000000,0.00000000,64.00000000,9086.23466243,7935.95379298,9324.94444444
1.00000000,2.00000000,2.00000000,0.00000000,64.00000000,18952.81092783,7935.95379298,21867.43333333
1.00000000,2.00000000,2.00000000,0.00000000,64.00000000,664.69525934,7935.95379298,737.05555556
1.00000000,2.00000000,2.00000000,0.00000000,64.00000000,1862.73889802,7935.95379298,1151.70000000
1.00000000,2.00000000,2.00000000,0.00000000,65.00000000,9086.23466243,7935.95379298,11079.16666667
1.00000000,2.00000000,2.00000000,0.00000000,65.00000000,18952.81092783,7935.95379298,26133.13333333
1.00000000,2.00000000,2.00000000,0.00000000,65.00000000,664.69525934,7935.95379298,795.41666667
1.00000000,2.00000000,2.00000000,0.00000000,65.00000000,1862.73889802,7935.95379298,1243.21666667
1.00000000,2.00000000,2.00000000,0.00000000,66.00000000,9086.23466243,7935.95379298,10866.77777778
1.00000000,2.00000000,2.00000000,0.00000000,66.00000000,18952.81092783,7935.95379298,25322.60000000
1.00000000,2.00000000,2.00000000,0.00000000,66.00000000,664.69525934,7935.95379298,790.69444444
1.00000000,2.00000000,2.00000000,0.00000000,66.00000000,1862.73889802,7935.95379298,1267.63333333
1.00000000,2.00000000,2.00000000,0.00000000,67.00000000,9086.23466243,7935.95379298,12906.52777778
1.00000000,2.00000000,2.00000000,0.00000000,67.00000000,18952.81092783,7935.95379298,29747.25000000
1.00000000,2.00000000,2.00000000,0.00000000,67.00000000,664.69525934,7935.95379298,834.61111111
1.00000000,2.00000000,2.00000000,0.00000000,67.00000000,1862.73889802,7935.95379298,1472.26666667
1.00000000,2.00000000,2.00000000,0.00000000,68.00000000,9086.23466243,7935.95379298,8803.19444444
1.00000000,2.00000000,2.00000000,0.00000000,68.00000000,18952.81092783,7935.95379298,19010.85000000
1.00000000,2.00000000,2.00000000,0.00000000,68.00000000,664.69525934,7935.95379298,738.88888889
1.00000000,2.00000000,2.00000000,0.00000000,68.00000000,1862.73889802,7935.95379298,1065.38333333
1.00000000,2.00000000,2.00000000,0.00000000,69.00000000,9086.23466243,7935.95379298,10437.83333333
1.00000000,2.00000000,2.00000000,0.00000000,69.00000000,18952.81092783,7935.95379298,22603.08333333
1.00000000,2.00000000,2.00000000,0.00000000,69.00000000,721.71647525,7935.95379298,455.28333333
1.00000000,2.00000000,2.00000000,0.00000000,69.00000000,664.69525934,7935.95379298,824.22222222
1.00000000,2.00000000,2.00000000,0.00000000,69.00000000,1862.73889802,7935.95379298,1102.46666667
1.00000000,2.00000000,2.00000000,0.00000000,70.00000000,9086.23466243,7935.95379298,10025.77777778
1.00000000,2.00000000,2.00000000,0.00000000,70.00000000,18952.81092783,7935.95379298,21829.18333333
1.00000000,2.00000000,2.00000000,0.00000000,70.00000000,721.71647525,7935.95379298,473.51666667
1.00000000,2.00000000,2.00000000,0.00000000,70.00000000,664.69525934,7935.95379298,403.94444444
1.00000000,2.00000000,2.00000000,0.00000000,70.00000000,664.69525934,2860.21968498,908.25000000
1.00000000,2.00000000,2.00000000,0.00000000,70.00000000,664.69525934,4396.44904107,462.44444444
1.00000000,2.00000000,2.00000000,0.00000000,70.00000000,664.69525934,5583.09470814,937.66666667
1.00000000,2.00000000,2.00000000,0.00000000,70.00000000,1862.73889802,7935.95379298,1166.95000000
1.00000000,2.00000000,2.00000000,0.00000000,71.00000000,9086.23466243,7935.95379298,11753.94444444
1.00000000,2.00000000,2.00000000,0.00000000,71.00000000,18952.81092783,7935.95379298,25648.31666667
1.00000000,2.00000000,2.00000000,0.00000000,71.00000000,721.71647525,7935.95379298,434.83333333
1.00000000,2.00000000,2.00000000,0.00000000,71.00000000,1862.73889802,7935.95379298,1305.00000000
1.00000000,2.00000000,2.00000000,0.00000000,72.00000000,9086.23466243,7935.95379298,10487.50000000
1.00000000,2.00000000,2.00000000,0.00000000,72.00000000,18952.81092783,7935.95379298,23891.51666667
1.00000000,2.00000000,2.00000000,0.00000000,72.00000000,721.71647525,7935.95379298,456.68333333
1.00000000,2.00000000,2.00000000,0.00000000,72.00000000,1862.73889802,7935.95379298,1227.06666667
1.00000000,2.00000000,2.00000000,0.00000000,73.00000000,9086.23466243,7935.95379298,12919.16666667
1.00000000,2.00000000,2.00000000,0.00000000,73.00000000,18952.81092783,7935.95379298,28885.40000000
1.00000000,2.00000000,2.00000000,0.00000000,73.00000000,721.71647525,7935.95379298,414.85000000
1.00000000,2.00000000,2.00000000,0.00000000,73.00000000,1862.73889802,7935.95379298,1391.70000000
1.00000000,2.00000000,2.00000000,0.00000000,74.00000000,9086.23466243,7935.95379298,12246.88888889
1.00000000,2.00000000,2.00000000,0.00000000,74.00000000,18952.81092783,7935.95379298,27252.78333333
1.00000000,2.00000000,2.00000000,0.00000000,74.00000000,721.71647525,7935.95379298,455.90000000
1.00000000,2.00000000,2.00000000,0.00000000,74.00000000,1862.73889802,7935.95379298,1324.88333333
1.00000000,2.00000000,2.00000000,0.00000000,75.00000000,9086.23466243,7935.95379298,14634.22222222
1.00000000,2.00000000,2.00000000,0.00000000,75.00000000,18952.81092783,7935.95379298,31755.55000000
1.00000000,2.00000000,2.00000000,0.00000000,75.00000000,721.71647525,7935.95379298,427.35000000
1.00000000,2.00000000,2.00000000,0.00000000,75.00000000,1862.73889802,7935.95379298,1568.15000000
1.00000000,2.00000000,2.00000000,0.00000000,76.00000000,9086.23466243,7935.95379298,9649.30555556
1.00000000,2.00000000,2.00000000,0.00000000,76.00000000,18952.81092783,7935.95379298,20316.65000000
1.00000000,2.00000000,2.00000000,0.00000000,76.00000000,721.71647525,7935.95379298,460.05000000
1.00000000,2.00000000,2.00000000,0.00000000,76.00000000,1862.73889802,7935.95379298,1124.80000000
1.00000000,2.00000000,2.00000000,0.00000000,77.00000000,9086.23466243,7935.95379298,11680.27777778
1.00000000,2.00000000,2.00000000,0.00000000,77.00000000,18952.81092783,7935.95379298,24790.21666667
1.00000000,2.00000000,2.00000000,0.00000000,77.00000000,721.71647525,7935.95379298,422.28333333
1.00000000,2.00000000,2.00000000,0.00000000,77.00000000,1862.73889802,7935.95379298,1224.90000000
1.00000000,2.00000000,2.00000000,0.00000000,78.00000000,9086.23466243,7935.95379298,11226.25000000
1.00000000,2.00000000,2.00000000,0.00000000,78.00000000,18952.81092783,7935.95379298,23479.00000000
1.00000000,2.00000000,2.00000000,0.00000000,78.00000000,721.71647525,7935.95379298,471.98333333
1.00000000,2.00000000,2.00000000,0.00000000,78.00000000,1862.73889802,7935.95379298,1191.58333333
1.00000000,2.00000000,2.00000000,0.00000000,79.00000000,9086.23466243,7935.95379298,13372.08333333
1.00000000,2.00000000,2.00000000,0.00000000,79.00000000,18952.81092783,7935.95379298,28241.26666667
1.00000000,2.00000000,2.00000000,0.00000000,79.00000000,721.71647525,7935.95379298,434.45000000
1.00000000,2.00000000,2.00000000,0.00000000,79.00000000,1862.73889802,7935.95379298,1377.25000000
1.00000000,2.00000000,2.00000000,0.00000000,80.00000000,9086.23466243,7935.95379298,10009.22222222
1.00000000,2.00000000,2.00000000,0.00000000,80.00000000,18952.81092783,7935.95379298,5507.50000000
1.00000000,2.00000000,2.00000000,0.00000000,80.00000000,18952.81092783,2860.21968498,5922.53333333
1.00000000,2.00000000,2.00000000,0.00000000,80.00000000,18952.81092783,4396.44904107,27633.43333333
1.00000000,2.00000000,2.00000000,0.00000000,80.00000000,18952.81092783,5583.09470814,29100.45000000
1.00000000,2.00000000,2.00000000,0.00000000,80.00000000,721.71647525,7935.95379298,91.10000000
1.00000000,2.00000000,2.00000000,0.00000000,80.00000000,721.71647525,2860.21968498,86.88333333
1.00000000,2.00000000,2.00000000,0.00000000,80.00000000,721.71647525,4396.44904107,472.35000000
1.00000000,2.00000000,2.00000000,0.00000000,80.00000000,721.71647525,5583.09470814,465.83333333
1.00000000,2.00000000,2.00000000,0.00000000,80.00000000,1862.73889802,7935.95379298,324.35000000
1.00000000,2.00000000,2.00000000,0.00000000,80.00000000,1862.73889802,2860.21968498,334.10000000
1.00000000,2.00000000,2.00000000,0.00000000,80.00000000,1862.73889802,4396.44904107,1372.45000000
1.00000000,2.00000000,2.00000000,0.00000000,80.00000000,1862.73889802,5583.09470814,1422.13333333
1.00000000,2.00000000,2.00000000,0.00000000,81.00000000,9086.23466243,7935.95379298,12243.33333333
1.00000000,2.00000000,2.00000000,0.00000000,82.00000000,9086.23466243,7935.95379298,12013.69444444
1.00000000,2.00000000,2.00000000,0.00000000,83.00000000,9086.23466243,7935.95379298,13958.72222222
1.00000000,2.00000000,2.00000000,0.00000000,84.00000000,9086.23466243,7935.95379298,9265.69444444
1.00000000,2.00000000,2.00000000,0.00000000,85.00000000,9086.23466243,7935.95379298,11109.94444444
1.00000000,2.00000000,2.00000000,0.00000000,86.00000000,9086.23466243,7935.95379298,10743.11111111
1.00000000,2.00000000,2.00000000,0.00000000,87.00000000,9086.23466243,7935.95379298,12694.27777778
1.00000000,2.00000000,2.00000000,0.00000000,88.00000000,9086.23466243,7935.95379298,10967.30555556
1.00000000,2.00000000,2.00000000,0.00000000,89.00000000,9086.23466243,7935.95379298,12809.38888889
1.00000000,2.00000000,2.00000000,0.00000000,90.00000000,9086.23466243,7935.95379298,229.94444444
1.00000000,2.00000000,2.00000000,0.00000000,90.00000000,9086.23466243,2860.21968498,5484.19444444
1.00000000,2.00000000,2.00000000,0.00000000,90.00000000,9086.23466243,4396.44904107,248.02777778
1.00000000,2.00000000,2.00000000,0.00000000,90.00000000,9086.23466243,5583.09470814,14678.44444444
1.00000000,2.00000000,2.00000000,1.00000000,59.00000000,9086.23466243,7935.95379298,21354.87500000
1.00000000,2.00000000,2.00000000,1.00000000,59.00000000,18952.81092783,7935.95379298,40048.25000000
1.00000000,2.00000000,2.00000000,1.00000000,59.00000000,664.69525934,7935.95379298,1250.37500000
1.00000000,2.00000000,2.00000000,1.00000000,59.00000000,1862.73889802,7935.95379298,4488.30952381
1.00000000,2.00000000,2.00000000,1.00000000,60.00000000,9086.23466243,7935.95379298,16957.66666667
1.00000000,2.00000000,2.00000000,1.00000000,60.00000000,18952.81092783,7935.95379298,28181.65476190
1.00000000,2.00000000,2.00000000,1.00000000,60.00000000,664.69525934,7935.95379298,1205.14583333
1.00000000,2.00000000,2.00000000,1.00000000,60.00000000,1862.73889802,7935.95379298,3310.36904762
1.00000000,2.00000000,2.00000000,1.00000000,61.00000000,9086.23466243,7935.95379298,17870.70833333
1.00000000,2.00000000,2.00000000,1.00000000,61.00000000,18952.81092783,7935.95379298,31158.75000000
1.00000000,2.00000000,2.00000000,1.00000000,61.00000000,664.69525934,7935.95379298,1200.20833333
1.00000000,2.00000000,2.00000000,1.00000000,61.00000000,1862.73889802,7935.95379298,3308.23809524
1.00000000,2.00000000,2.00000000,1.00000000,62.00000000,9086.23466243,7935.95379298,17725.58333333
1.00000000,2.00000000,2.00000000,1.00000000,62.00000000,18952.81092783,7935.95379298,30506.29761905
1.00000000,2.00000000,2.00000000,1.00000000,62.00000000,664.69525934,7935.95379298,1215.79166667
1.00000000,2.00000000,2.00000000,1.00000000,62.00000000,1862.73889802,7935.95379298,3405.11904762
1.00000000,2.00000000,2.00000000,1.00000000,63.00000000,9086.23466243,7935.95379298,18380.00000000
1.00000000,2.00000000,2.00000000,1.00000000,63.00000000,18952.81092783,7935.95379298,31941.02380952
1.00000000,2.00000000,2.00000000,1.00000000,63.00000000,664.69525934,7935.95379298,1202.39583333
1.00000000,2.00000000,2.00000000,1.00000000,63.00000000,1862.73889802,7935.95379298,3289.11904762
1.00000000,2.00000000,2.00000000,1.00000000,64.00000000,9086.23466243,7935.95379298,15591.79166667
1.00000000,2.00000000,2.00000000,1.00000000,64.00000000,18952.81092783,7935.95379298,26735.91666667
1.00000000,2.00000000,2.00000000,1.00000000,64.00000000,664.69525934,7935.95379298,1045.06250000
1.00000000,2.00000000,2.00000000,1.00000000,64.00000000,1862.73889802,7935.95379298,3233.36904762
1.00000000,2.00000000,2.00000000,1.00000000,65.00000000,9086.23466243,7935.95379298,17312.20833333
1.00000000,2.00000000,2.00000000,1.00000000,65.00000000,18952.81092783,7935.95379298,30919.05952381
1.00000000,2.00000000,2.00000000,1.00000000,65.00000000,664.69525934,7935.95379298,1122.10416667
1.00000000,2.00000000,2.00000000,1.00000000,65.00000000,1862.73889802,7935.95379298,3484.25000000
1.00000000,2.00000000,2.00000000,1.00000000,66.00000000,9086.23466243,7935.95379298,17394.37500000
1.00000000,2.00000000,2.00000000,1.00000000,66.00000000,18952.81092783,7935.95379298,30479.69047619
1.00000000,2.00000000,2.00000000,1.00000000,66.00000000,664.69525934,7935.95379298,1085.79166667
1.00000000,2.00000000,2.00000000,1.00000000,66.00000000,1862.73889802,7935.95379298,3533.38095238
1.00000000,2.00000000,2.00000000,1.00000000,67.00000000,9086.23466243,7935.95379298,19236.75000000
1.00000000,2.00000000,2.00000000,1.00000000,67.00000000,18952.81092783,7935.95379298,35290.02380952
1.00000000,2.00000000,2.00000000,1.00000000,67.00000000,664.69525934,7935.95379298,1169.58333333
1.00000000,2.00000000,2.00000000,1.00000000,67.00000000,1862.73889802,7935.95379298,4002.76190476
1.00000000,2.00000000,2.00000000,1.00000000,68.00000000,9086.23466243,7935.95379298,14948.95833333
1.00000000,2.00000000,2.00000000,1.00000000,68.00000000,18952.81092783,7935.95379298,23673.71428571
1.00000000,2.00000000,2.00000000,1.00000000,68.00000000,664.69525934,7935.95379298,1063.45833333
1.00000000,2.00000000,2.00000000,1.00000000,68.00000000,1862.73889802,7935.95379298,2943.96428571
1.00000000,2.00000000,2.00000000,1.00000000,69.00000000,9086.23466243,7935.95379298,16339.39583333
1.00000000,2.00000000,2.00000000,1.00000000,69.00000000,18952.81092783,7935.95379298,27162.22619048
1.00000000,2.00000000,2.00000000,1.00000000,69.00000000,721.71647525,7935.95379298,1518.96428571
1.00000000,2.00000000,2.00000000,1.00000000,69.00000000,664.69525934,7935.95379298,1115.29166667
1.00000000,2.00000000,2.00000000,1.00000000,69.00000000,4888.31940462,7935.95379298,8747.29761905
1.00000000,2.00000000,2.00000000,1.00000000,69.00000000,1862.73889802,7935.95379298,3066.70238095
1.00000000,2.00000000,2.00000000,1.00000000,70.00000000,9086.23466243,7935.95379298,16229.91666667
1.00000000,2.00000000,2.00000000,1.00000000,70.00000000,18952.81092783,7935.95379298,26857.66666667
1.00000000,2.00000000,2.00000000,1.00000000,70.00000000,721.71647525,7935.95379298,1506.70238095
1.00000000,2.00000000,2.00000000,1.00000000,70.00000000,664.69525934,7935.95379298,509.75000000
1.00000000,2.00000000,2.00000000,1.00000000,70.00000000,664.69525934,2860.21968498,1185.95833333
1.00000000,2.00000000,2.00000000,1.00000000,70.00000000,664.69525934,4396.44904107,552.79166667
1.00000000,2.00000000,2.00000000,1.00000000,70.00000000,664.69525934,5583.09470814,1233.22916667
1.00000000,2.00000000,2.00000000,1.00000000,70.00000000,664.69525934,4604.85339131,1187.68750000
1.00000000,2.00000000,2.00000000,1.00000000,70.00000000,4888.31940462,7935.95379298,8981.30952381
1.00000000,2.00000000,2.00000000,1.00000000,70.00000000,1862.73889802,7935.95379298,3139.21428571
1.00000000,2.00000000,2.00000000,1.00000000,71.00000000,9086.23466243,7935.95379298,17921.52083333
1.00000000,2.00000000,2.00000000,1.00000000,71.00000000,18952.81092783,7935.95379298,31048.65476190
1.00000000,2.00000000,2.00000000,1.00000000,71.00000000,721.71647525,7935.95379298,1460.73809524
1.00000000,2.00000000,2.00000000,1.00000000,71.00000000,4888.31940462,7935.95379298,8829.78571429
1.00000000,2.00000000,2.00000000,1.00000000,71.00000000,1862.73889802,7935.95379298,3572.01190476
1.00000000,2.00000000,2.00000000,1.00000000,72.00000000,9086.23466243,7935.95379298,17133.43750000
1.00000000,2.00000000,2.00000000,1.00000000,72.00000000,18952.81092783,7935.95379298,28989.60714286
1.00000000,2.00000000,2.00000000,1.00000000,72.00000000,721.71647525,7935.95379298,1480.27380952
1.00000000,2.00000000,2.00000000,1.00000000,72.00000000,4888.31940462,7935.95379298,8858.63095238
1.00000000,2.00000000,2.00000000,1.00000000,72.00000000,1862.73889802,7935.95379298,3444.39285714
1.00000000,2.00000000,2.00000000,1.00000000,73.00000000,9086.23466243,7935.95379298,19513.37500000
1.00000000,2.00000000,2.00000000,1.00000000,73.00000000,18952.81092783,7935.95379298,34327.72619048
1.00000000,2.00000000,2.00000000,1.00000000,73.00000000,721.71647525,7935.95379298,1297.51190476
1.00000000,2.00000000,2.00000000,1.00000000,73.00000000,4888.31940462,7935.95379298,8621.40476190
1.00000000,2.00000000,2.00000000,1.00000000,73.00000000,1862.73889802,7935.95379298,3830.36904762
1.00000000,2.00000000,2.00000000,1.00000000,74.00000000,9086.23466243,7935.95379298,19059.16666667
1.00000000,2.00000000,2.00000000,1.00000000,74.00000000,18952.81092783,7935.95379298,32804.53571429
1.00000000,2.00000000,2.00000000,1.00000000,74.00000000,721.71647525,7935.95379298,1477.05952381
1.00000000,2.00000000,2.00000000,1.00000000,74.00000000,4888.31940462,7935.95379298,8958.75000000
1.00000000,2.00000000,2.00000000,1.00000000,74.00000000,1862.73889802,7935.95379298,3734.58333333
1.00000000,2.00000000,2.00000000,1.00000000,75.00000000,9086.23466243,7935.95379298,21215.10416667
1.00000000,2.00000000,2.00000000,1.00000000,75.00000000,18952.81092783,7935.95379298,37388.52380952
1.00000000,2.00000000,2.00000000,1.00000000,75.00000000,721.71647525,7935.95379298,1361.72619048
1.00000000,2.00000000,2.00000000,1.00000000,75.00000000,4888.31940462,7935.95379298,8815.28571429
1.00000000,2.00000000,2.00000000,1.00000000,75.00000000,1862.73889802,7935.95379298,4192.30952381
1.00000000,2.00000000,2.00000000,1.00000000,76.00000000,9086.23466243,7935.95379298,15996.91666667
1.00000000,2.00000000,2.00000000,1.00000000,76.00000000,18952.81092783,7935.95379298,25032.92857143
1.00000000,2.00000000,2.00000000,1.00000000,76.00000000,721.71647525,7935.95379298,1499.80952381
1.00000000,2.00000000,2.00000000,1.00000000,76.00000000,4888.31940462,7935.95379298,8864.92857143
1.00000000,2.00000000,2.00000000,1.00000000,76.00000000,1862.73889802,7935.95379298,3090.22619048
1.00000000,2.00000000,2.00000000,1.00000000,77.00000000,9086.23466243,7935.95379298,17889.27083333
1.00000000,2.00000000,2.00000000,1.00000000,77.00000000,18952.81092783,7935.95379298,29347.09523810
1.00000000,2.00000000,2.00000000,1.00000000,77.00000000,721.71647525,7935.95379298,1305.97619048
1.00000000,2.00000000,2.00000000,1.00000000,77.00000000,4888.31940462,7935.95379298,8737.76190476
1.00000000,2.00000000,2.00000000,1.00000000,77.00000000,1862.73889802,7935.95379298,3362.13095238
1.00000000,2.00000000,2.00000000,1.00000000,78.00000000,9086.23466243,7935.95379298,17562.35416667
1.00000000,2.00000000,2.00000000,1.00000000,78.00000000,18952.81092783,7935.95379298,28582.16666667
1.00000000,2.00000000,2.00000000,1.00000000,78.00000000,721.71647525,7935.95379298,1496.65476190
1.00000000,2.00000000,2.00000000,1.00000000,78.00000000,4888.31940462,7935.95379298,8956.54761905
1.00000000,2.00000000,2.00000000,1.00000000,78.00000000,1862.73889802,7935.95379298,3317.33333333
1.00000000,2.00000000,2.00000000,1.00000000,79.00000000,9086.23466243,7935.95379298,19533.47916667
1.00000000,2.00000000,2.00000000,1.00000000,79.00000000,18952.81092783,7935.95379298,33535.94047619
1.00000000,2.00000000,2.00000000,1.00000000,79.00000000,721.71647525,7935.95379298,1428.65476190
1.00000000,2.00000000,2.00000000,1.00000000,79.00000000,4888.31940462,7935.95379298,8872.52380952
1.00000000,2.00000000,2.00000000,1.00000000,79.00000000,1862.73889802,7935.95379298,3786.91666667
1.00000000,2.00000000,2.00000000,1.00000000,80.00000000,9086.23466243,7935.95379298,16578.66666667
1.00000000,2.00000000,2.00000000,1.00000000,80.00000000,18952.81092783,7935.95379298,6498.67857143
1.00000000,2.00000000,2.00000000,1.00000000,80.00000000,18952.81092783,2860.21968498,6873.35714286
1.00000000,2.00000000,2.00000000,1.00000000,80.00000000,18952.81092783,4396.44904107,33036.51190476
1.00000000,2.00000000,2.00000000,1.00000000,80.00000000,18952.81092783,5583.09470814,34739.78571429
1.00000000,2.00000000,2.00000000,1.00000000,80.00000000,18952.81092783,4604.85339131,30918.01190476
1.00000000,2.00000000,2.00000000,1.00000000,80.00000000,721.71647525,7935.95379298,115.52380952
1.00000000,2.00000000,2.00000000,1.00000000,80.00000000,721.71647525,2860.21968498,113.11904762
1.00000000,2.00000000,2.00000000,1.00000000,80.00000000,721.71647525,4396.44904107,1410.69047619
1.00000000,2.00000000,2.00000000,1.00000000,80.00000000,721.71647525,5583.09470814,1344.84523810
1.00000000,2.00000000,2.00000000,1.00000000,80.00000000,721.71647525,4604.85339131,1517.90476190
1.00000000,2.00000000,2.00000000,1.00000000,80.00000000,4888.31940462,7935.95379298,8803.60714286
1.00000000,2.00000000,2.00000000,1.00000000,80.00000000,1862.73889802,7935.95379298,820.82142857
1.00000000,2.00000000,2.00000000,1.00000000,80.00000000,1862.73889802,2860.21968498,869.36904762
1.00000000,2.00000000,2.00000000,1.00000000,80.00000000,1862.73889802,4396.44904107,3766.57142857
1.00000000,2.00000000,2.00000000,1.00000000,80.00000000,1862.73889802,5583.09470814,3902.88095238
1.00000000,2.00000000,2.00000000,1.00000000,80.00000000,1862.73889802,4604.85339131,3522.53571429
1.00000000,2.00000000,2.00000000,1.00000000,81.00000000,9086.23466243,7935.95379298,18419.56250000
1.00000000,2.00000000,2.00000000,1.00000000,81.00000000,4888.31940462,7935.95379298,8581.64285714
1.00000000,2.00000000,2.00000000,1.00000000,82.00000000,9086.23466243,7935.95379298,18776.54166667
1.00000000,2.00000000,2.00000000,1.00000000,82.00000000,4888.31940462,7935.95379298,8835.53571429
1.00000000,2.00000000,2.00000000,1.00000000,83.00000000,9086.23466243,7935.95379298,20564.22916667
1.00000000,2.00000000,2.00000000,1.00000000,83.00000000,4888.31940462,7935.95379298,8636.14285714
1.00000000,2.00000000,2.00000000,1.00000000,84.00000000,9086.23466243,7935.95379298,15453.64583333
1.00000000,2.00000000,2.00000000,1.00000000,84.00000000,4888.31940462,7935.95379298,8829.80952381
1.00000000,2.00000000,2.00000000,1.00000000,85.00000000,9086.23466243,7935.95379298,16927.20833333
1.00000000,2.00000000,2.00000000,1.00000000,85.00000000,4888.31940462,7935.95379298,8580.04761905
1.00000000,2.00000000,2.00000000,1.00000000,86.00000000,9086.23466243,7935.95379298,17082.95833333
1.00000000,2.00000000,2.00000000,1.00000000,86.00000000,4888.31940462,7935.95379298,8876.03571429
1.00000000,2.00000000,2.00000000,1.00000000,87.00000000,9086.23466243,7935.95379298,19013.91666667
1.00000000,2.00000000,2.00000000,1.00000000,87.00000000,4888.31940462,7935.95379298,8657.70238095
1.00000000,2.00000000,2.00000000,1.00000000,88.00000000,9086.23466243,7935.95379298,17723.72916667
1.00000000,2.00000000,2.00000000,1.00000000,88.00000000,4888.31940462,7935.95379298,8813.01190476
1.00000000,2.00000000,2.00000000,1.00000000,89.00000000,9086.23466243,7935.95379298,19083.83333333
1.00000000,2.00000000,2.00000000,1.00000000,89.00000000,4888.31940462,7935.95379298,8585.39285714
1.00000000,2.00000000,2.00000000,1.00000000,90.00000000,9086.23466243,7935.95379298,309.66666667
1.00000000,2.00000000,2.00000000,1.00000000,90.00000000,9086.23466243,2860.21968498,8595.31250000
1.00000000,2.00000000,2.00000000,1.00000000,90.00000000,9086.23466243,4396.44904107,320.97916667
1.00000000,2.00000000,2.00000000,1.00000000,90.00000000,9086.23466243,5583.09470814,22622.47916667
1.00000000,2.00000000,2.00000000,1.00000000,90.00000000,9086.23466243,4604.85339131,20320.81250000
1.00000000,2.00000000,2.00000000,1.00000000,90.00000000,4888.31940462,7935.95379298,85.05952381
1.00000000,2.00000000,2.00000000,1.00000000,90.00000000,4888.31940462,2860.21968498,1434.70238095
1.00000000,2.00000000,2.00000000,1.00000000,90.00000000,4888.31940462,4396.44904107,10322.02380952
1.00000000,2.00000000,2.00000000,1.00000000,90.00000000,4888.31940462,5583.09470814,9352.27380952
1.00000000,2.00000000,2.00000000,1.00000000,90.00000000,4888.31940462,4604.85339131,84.33333333
1.00000000,3.00000000,2.00000000,0.00000000,59.00000000,9086.23466243,7935.95379298,15616.47222222
1.00000000,3.00000000,2.00000000,0.00000000,59.00000000,18952.81092783,7935.95379298,35540.36111111
1.00000000,3.00000000,2.00000000,0.00000000,59.00000000,664.69525934,7935.95379298,955.58333333
1.00000000,3.00000000,2.00000000,0.00000000,59.00000000,1862.73889802,7935.95379298,1669.52777778
1.00000000,3.00000000,2.00000000,0.00000000,60.00000000,9086.23466243,7935.95379298,11175.38888889
1.00000000,3.00000000,2.00000000,0.00000000,60.00000000,18952.81092783,7935.95379298,24691.58333333
1.00000000,3.00000000,2.00000000,0.00000000,60.00000000,664.69525934,7935.95379298,865.41666667
1.00000000,3.00000000,2.00000000,0.00000000,60.00000000,1862.73889802,7935.95379298,1151.44444444
1.00000000,3.00000000,2.00000000,0.00000000,61.00000000,9086.23466243,7935.95379298,12617.86111111
1.00000000,3.00000000,2.00000000,0.00000000,61.00000000,18952.81092783,7935.95379298,28355.41666667
1.00000000,3.00000000,2.00000000,0.00000000,61.00000000,664.69525934,7935.95379298,942.83333333
1.00000000,3.00000000,2.00000000,0.00000000,61.00000000,1862.73889802,7935.95379298,1202.30555556
1.00000000,3.00000000,2.00000000,0.00000000,62.00000000,9086.23466243,7935.95379298,12199.22222222
1.00000000,3.00000000,2.00000000,0.00000000,62.00000000,18952.81092783,7935.95379298,27208.77777778
1.00000000,3.00000000,2.00000000,0.00000000,62.00000000,664.69525934,7935.95379298,895.35416667
1.00000000,3.00000000,2.00000000,0.00000000,62.00000000,1862.73889802,7935.95379298,1187.00000000
1.00000000,3.00000000,2.00000000,0.00000000,63.00000000,9086.23466243,7935.95379298,13551.11111111
1.00000000,3.00000000,2.00000000,0.00000000,63.00000000,18952.81092783,7935.95379298,29315.25000000
1.00000000,3.00000000,2.00000000,0.00000000,63.00000000,664.69525934,7935.95379298,937.20833333
1.00000000,3.00000000,2.00000000,0.00000000,63.00000000,1862.73889802,7935.95379298,1189.97222222
1.00000000,3.00000000,2.00000000,0.00000000,64.00000000,9086.23466243,7935.95379298,9836.80555556
1.00000000,3.00000000,2.00000000,0.00000000,64.00000000,18952.81092783,7935.95379298,22089.00000000
1.00000000,3.00000000,2.00000000,0.00000000,64.00000000,664.69525934,7935.95379298,732.27083333
1.00000000,3.00000000,2.00000000,0.00000000,64.00000000,1862.73889802,7935.95379298,1128.83333333
1.00000000,3.00000000,2.00000000,0.00000000,65.00000000,9086.23466243,7935.95379298,11583.44444444
1.00000000,3.00000000,2.00000000,0.00000000,65.00000000,18952.81092783,7935.95379298,26265.80555556
1.00000000,3.00000000,2.00000000,0.00000000,65.00000000,664.69525934,7935.95379298,782.14583333
1.00000000,3.00000000,2.00000000,0.00000000,65.00000000,1862.73889802,7935.95379298,1176.36111111
1.00000000,3.00000000,2.00000000,0.00000000,66.00000000,9086.23466243,7935.95379298,11422.27777778
1.00000000,3.00000000,2.00000000,0.00000000,66.00000000,18952.81092783,7935.95379298,25321.30555556
1.00000000,3.00000000,2.00000000,0.00000000,66.00000000,664.69525934,7935.95379298,783.18750000
1.00000000,3.00000000,2.00000000,0.00000000,66.00000000,1862.73889802,7935.95379298,1220.30555556
1.00000000,3.00000000,2.00000000,0.00000000,67.00000000,9086.23466243,7935.95379298,13531.25000000
1.00000000,3.00000000,2.00000000,0.00000000,67.00000000,18952.81092783,7935.95379298,29873.52777778
1.00000000,3.00000000,2.00000000,0.00000000,67.00000000,664.69525934,7935.95379298,833.95833333
1.00000000,3.00000000,2.00000000,0.00000000,67.00000000,1862.73889802,7935.95379298,1416.88888889
1.00000000,3.00000000,2.00000000,0.00000000,68.00000000,9086.23466243,7935.95379298,9286.66666667
1.00000000,3.00000000,2.00000000,0.00000000,68.00000000,18952.81092783,7935.95379298,19076.69444444
1.00000000,3.00000000,2.00000000,0.00000000,68.00000000,664.69525934,7935.95379298,728.18750000
1.00000000,3.00000000,2.00000000,0.00000000,68.00000000,1862.73889802,7935.95379298,1046.19444444
1.00000000,3.00000000,2.00000000,0.00000000,69.00000000,9086.23466243,7935.95379298,11055.88888889
1.00000000,3.00000000,2.00000000,0.00000000,69.00000000,18952.81092783,7935.95379298,22697.61111111
1.00000000,3.00000000,2.00000000,0.00000000,69.00000000,721.71647525,7935.95379298,443.25000000
1.00000000,3.00000000,2.00000000,0.00000000,69.00000000,664.69525934,7935.95379298,802.33333333
1.00000000,3.00000000,2.00000000,0.00000000,69.00000000,1862.73889802,7935.95379298,1052.61111111
1.00000000,3.00000000,2.00000000,0.00000000,70.00000000,9086.23466243,7935.95379298,10450.52777778
1.00000000,3.00000000,2.00000000,0.00000000,70.00000000,18952.81092783,7935.95379298,21929.41666667
1.00000000,3.00000000,2.00000000,0.00000000,70.00000000,721.71647525,7935.95379298,465.97222222
1.00000000,3.00000000,2.00000000,0.00000000,70.00000000,664.69525934,7935.95379298,395.91666667
1.00000000,3.00000000,2.00000000,0.00000000,70.00000000,664.69525934,2860.21968498,880.02083333
1.00000000,3.00000000,2.00000000,0.00000000,70.00000000,664.69525934,4396.44904107,441.62500000
1.00000000,3.00000000,2.00000000,0.00000000,70.00000000,664.69525934,5583.09470814,878.12500000
1.00000000,3.00000000,2.00000000,0.00000000,70.00000000,1862.73889802,7935.95379298,1110.58333333
1.00000000,3.00000000,2.00000000,0.00000000,71.00000000,9086.23466243,7935.95379298,12458.00000000
1.00000000,3.00000000,2.00000000,0.00000000,71.00000000,18952.81092783,7935.95379298,25939.36111111
1.00000000,3.00000000,2.00000000,0.00000000,71.00000000,721.71647525,7935.95379298,428.27777778
1.00000000,3.00000000,2.00000000,0.00000000,71.00000000,1862.73889802,7935.95379298,1260.63888889
1.00000000,3.00000000,2.00000000,0.00000000,72.00000000,9086.23466243,7935.95379298,11022.75000000
1.00000000,3.00000000,2.00000000,0.00000000,72.00000000,18952.81092783,7935.95379298,24071.83333333
1.00000000,3.00000000,2.00000000,0.00000000,72.00000000,721.71647525,7935.95379298,469.25000000
1.00000000,3.00000000,2.00000000,0.00000000,72.00000000,1862.73889802,7935.95379298,1221.05555556
1.00000000,3.00000000,2.00000000,0.00000000,73.00000000,9086.23466243,7935.95379298,13506.58333333
1.00000000,3.00000000,2.00000000,0.00000000,73.00000000,18952.81092783,7935.95379298,28894.08333333
1.00000000,3.00000000,2.00000000,0.00000000,73.00000000,721.71647525,7935.95379298,426.38888889
1.00000000,3.00000000,2.00000000,0.00000000,73.00000000,1862.73889802,7935.95379298,1336.75000000
1.00000000,3.00000000,2.00000000,0.00000000,74.00000000,9086.23466243,7935.95379298,12918.13888889
1.00000000,3.00000000,2.00000000,0.00000000,74.00000000,18952.81092783,7935.95379298,27155.75000000
1.00000000,3.00000000,2.00000000,0.00000000,74.00000000,721.71647525,7935.95379298,459.41666667
1.00000000,3.00000000,2.00000000,0.00000000,74.00000000,1862.73889802,7935.95379298,1288.13888889
1.00000000,3.00000000,2.00000000,0.00000000,75.00000000,9086.23466243,7935.95379298,15422.69444444
1.00000000,3.00000000,2.00000000,0.00000000,75.00000000,18952.81092783,7935.95379298,31665.02777778
1.00000000,3.00000000,2.00000000,0.00000000,75.00000000,721.71647525,7935.95379298,430.63888889
1.00000000,3.00000000,2.00000000,0.00000000,75.00000000,1862.73889802,7935.95379298,1523.63888889
1.00000000,3.00000000,2.00000000,0.00000000,76.00000000,9086.23466243,7935.95379298,10253.80555556
1.00000000,3.00000000,2.00000000,0.00000000,76.00000000,18952.81092783,7935.95379298,20351.91666667
1.00000000,3.00000000,2.00000000,0.00000000,76.00000000,721.71647525,7935.95379298,453.66666667
1.00000000,3.00000000,2.00000000,0.00000000,76.00000000,1862.73889802,7935.95379298,1087.58333333
1.00000000,3.00000000,2.00000000,0.00000000,77.00000000,9086.23466243,7935.95379298,12401.02777778
1.00000000,3.00000000,2.00000000,0.00000000,77.00000000,18952.81092783,7935.95379298,24788.55555556
1.00000000,3.00000000,2.00000000,0.00000000,77.00000000,721.71647525,7935.95379298,430.83333333
1.00000000,3.00000000,2.00000000,0.00000000,77.00000000,1862.73889802,7935.95379298,1179.33333333
1.00000000,3.00000000,2.00000000,0.00000000,78.00000000,9086.23466243,7935.95379298,11979.58333333
1.00000000,3.00000000,2.00000000,0.00000000,78.00000000,18952.81092783,7935.95379298,23830.25000000
1.00000000,3.00000000,2.00000000,0.00000000,78.00000000,721.71647525,7935.95379298,472.00000000
1.00000000,3.00000000,2.00000000,0.00000000,78.00000000,1862.73889802,7935.95379298,1148.38888889
1.00000000,3.00000000,2.00000000,0.00000000,79.00000000,9086.23466243,7935.95379298,14080.80555556
1.00000000,3.00000000,2.00000000,0.00000000,79.00000000,18952.81092783,7935.95379298,28434.25000000
1.00000000,3.00000000,2.00000000,0.00000000,79.00000000,721.71647525,7935.95379298,429.11111111
1.00000000,3.00000000,2.00000000,0.00000000,79.00000000,1862.73889802,7935.95379298,1353.36111111
1.00000000,3.00000000,2.00000000,0.00000000,80.00000000,9086.23466243,7935.95379298,10660.16666667
1.00000000,3.00000000,2.00000000,0.00000000,80.00000000,18952.81092783,7935.95379298,5495.16666667
1.00000000,3.00000000,2.00000000,0.00000000,80.00000000,18952.81092783,2860.21968498,5947.33333333
1.00000000,3.00000000,2.00000000,0.00000000,80.00000000,18952.81092783,4396.44904107,27606.88888889
1.00000000,3.00000000,2.00000000,0.00000000,80.00000000,18952.81092783,5583.09470814,29080.36111111
1.00000000,3.00000000,2.00000000,0.00000000,80.00000000,721.71647525,7935.95379298,95.83333333
1.00000000,3.00000000,2.00000000,0.00000000,80.00000000,721.71647525,2860.21968498,88.30555556
1.00000000,3.00000000,2.00000000,0.00000000,80.00000000,721.71647525,4396.44904107,477.00000000
1.00000000,3.00000000,2.00000000,0.00000000,80.00000000,721.71647525,5583.09470814,458.52777778
1.00000000,3.00000000,2.00000000,0.00000000,80.00000000,1862.73889802,7935.95379298,318.22222222
1.00000000,3.00000000,2.00000000,0.00000000,80.00000000,1862.73889802,2860.21968498,330.08333333
1.00000000,3.00000000,2.00000000,0.00000000,80.00000000,1862.73889802,4396.44904107,1344.44444444
1.00000000,3.00000000,2.00000000,0.00000000,80.00000000,1862.73889802,5583.09470814,1410.41666667
1.00000000,3.00000000,2.00000000,0.00000000,81.00000000,9086.23466243,7935.95379298,13030.05555556
1.00000000,3.00000000,2.00000000,0.00000000,82.00000000,9086.23466243,7935.95379298,12591.72222222
1.00000000,3.00000000,2.00000000,0.00000000,83.00000000,9086.23466243,7935.95379298,14871.66666667
1.00000000,3.00000000,2.00000000,0.00000000,84.00000000,9086.23466243,7935.95379298,9822.13888889
1.00000000,3.00000000,2.00000000,0.00000000,85.00000000,9086.23466243,7935.95379298,11790.11111111
1.00000000,3.00000000,2.00000000,0.00000000,86.00000000,9086.23466243,7935.95379298,11445.41666667
1.00000000,3.00000000,2.00000000,0.00000000,87.00000000,9086.23466243,7935.95379298,13361.44444444
1.00000000,3.00000000,2.00000000,0.00000000,88.00000000,9086.23466243,7935.95379298,11642.36111111
1.00000000,3.00000000,2.00000000,0.00000000,89.00000000,9086.23466243,7935.95379298,13410.50000000
1.00000000,3.00000000,2.00000000,0.00000000,90.00000000,9086.23466243,7935.95379298,249.41666667
1.00000000,3.00000000,2.00000000,0.00000000,90.00000000,9086.23466243,2860.21968498,5746.38888889
1.00000000,3.00000000,2.00000000,0.00000000,90.00000000,9086.23466243,4396.44904107,262.41666667
1.00000000,3.00000000,2.00000000,0.00000000,90.00000000,9086.23466243,5583.09470814,15422.55555556
1.00000000,3.00000000,2.00000000,1.00000000,59.00000000,9086.23466243,7935.95379298,22241.48958333
1.00000000,3.00000000,2.00000000,1.00000000,59.00000000,18952.81092783,7935.95379298,43504.25000000
1.00000000,3.00000000,2.00000000,1.00000000,59.00000000,664.69525934,7935.95379298,1271.92500000
1.00000000,3.00000000,2.00000000,1.00000000,59.00000000,1862.73889802,7935.95379298,3848.63541667
1.00000000,3.00000000,2.00000000,1.00000000,60.00000000,9086.23466243,7935.95379298,17555.98958333
1.00000000,3.00000000,2.00000000,1.00000000,60.00000000,18952.81092783,7935.95379298,30808.26041667
1.00000000,3.00000000,2.00000000,1.00000000,60.00000000,664.69525934,7935.95379298,1229.13333333
1.00000000,3.00000000,2.00000000,1.00000000,60.00000000,1862.73889802,7935.95379298,2850.37500000
1.00000000,3.00000000,2.00000000,1.00000000,61.00000000,9086.23466243,7935.95379298,18410.92708333
1.00000000,3.00000000,2.00000000,1.00000000,61.00000000,18952.81092783,7935.95379298,34018.71875000
1.00000000,3.00000000,2.00000000,1.00000000,61.00000000,664.69525934,7935.95379298,1251.65000000
1.00000000,3.00000000,2.00000000,1.00000000,61.00000000,1862.73889802,7935.95379298,2844.26041667
1.00000000,3.00000000,2.00000000,1.00000000,62.00000000,9086.23466243,7935.95379298,18422.45833333
1.00000000,3.00000000,2.00000000,1.00000000,62.00000000,18952.81092783,7935.95379298,33321.93750000
1.00000000,3.00000000,2.00000000,1.00000000,62.00000000,664.69525934,7935.95379298,1250.88333333
1.00000000,3.00000000,2.00000000,1.00000000,62.00000000,1862.73889802,7935.95379298,2946.09375000
1.00000000,3.00000000,2.00000000,1.00000000,63.00000000,9086.23466243,7935.95379298,19091.48958333
1.00000000,3.00000000,2.00000000,1.00000000,63.00000000,18952.81092783,7935.95379298,34839.08333333
1.00000000,3.00000000,2.00000000,1.00000000,63.00000000,664.69525934,7935.95379298,1261.80833333
1.00000000,3.00000000,2.00000000,1.00000000,63.00000000,1862.73889802,7935.95379298,2846.80208333
1.00000000,3.00000000,2.00000000,1.00000000,64.00000000,9086.23466243,7935.95379298,15925.64583333
1.00000000,3.00000000,2.00000000,1.00000000,64.00000000,18952.81092783,7935.95379298,29289.05208333
1.00000000,3.00000000,2.00000000,1.00000000,64.00000000,664.69525934,7935.95379298,1092.00833333
1.00000000,3.00000000,2.00000000,1.00000000,64.00000000,1862.73889802,7935.95379298,2796.11458333
1.00000000,3.00000000,2.00000000,1.00000000,65.00000000,9086.23466243,7935.95379298,17885.10416667
1.00000000,3.00000000,2.00000000,1.00000000,65.00000000,18952.81092783,7935.95379298,33805.53125000
1.00000000,3.00000000,2.00000000,1.00000000,65.00000000,664.69525934,7935.95379298,1133.71666667
1.00000000,3.00000000,2.00000000,1.00000000,65.00000000,1862.73889802,7935.95379298,2996.38541667
1.00000000,3.00000000,2.00000000,1.00000000,66.00000000,9086.23466243,7935.95379298,17973.48958333
1.00000000,3.00000000,2.00000000,1.00000000,66.00000000,18952.81092783,7935.95379298,33244.06250000
1.00000000,3.00000000,2.00000000,1.00000000,66.00000000,664.69525934,7935.95379298,1127.18333333
1.00000000,3.00000000,2.00000000,1.00000000,66.00000000,1862.73889802,7935.95379298,3051.92708333
1.00000000,3.00000000,2.00000000,1.00000000,67.00000000,9086.23466243,7935.95379298,19897.85416667
1.00000000,3.00000000,2.00000000,1.00000000,67.00000000,18952.81092783,7935.95379298,38404.65625000
1.00000000,3.00000000,2.00000000,1.00000000,67.00000000,664.69525934,7935.95379298,1185.36666667
1.00000000,3.00000000,2.00000000,1.00000000,67.00000000,1862.73889802,7935.95379298,3455.42708333
1.00000000,3.00000000,2.00000000,1.00000000,68.00000000,9086.23466243,7935.95379298,15442.38541667
1.00000000,3.00000000,2.00000000,1.00000000,68.00000000,18952.81092783,7935.95379298,25661.40625000
1.00000000,3.00000000,2.00000000,1.00000000,68.00000000,664.69525934,7935.95379298,1088.00833333
1.00000000,3.00000000,2.00000000,1.00000000,68.00000000,1862.73889802,7935.95379298,2576.04166667
1.00000000,3.00000000,2.00000000,1.00000000,69.00000000,9086.23466243,7935.95379298,16789.88541667
1.00000000,3.00000000,2.00000000,1.00000000,69.00000000,18952.81092783,7935.95379298,29482.25000000
1.00000000,3.00000000,2.00000000,1.00000000,69.00000000,721.71647525,7935.95379298,1637.90625000
1.00000000,3.00000000,2.00000000,1.00000000,69.00000000,664.69525934,7935.95379298,1140.56666667
1.00000000,3.00000000,2.00000000,1.00000000,69.00000000,4888.31940462,7935.95379298,8347.31250000
1.00000000,3.00000000,2.00000000,1.00000000,69.00000000,1862.73889802,7935.95379298,2660.57291667
1.00000000,3.00000000,2.00000000,1.00000000,70.00000000,9086.23466243,7935.95379298,16715.85416667
1.00000000,3.00000000,2.00000000,1.00000000,70.00000000,18952.81092783,7935.95379298,28977.28125000
1.00000000,3.00000000,2.00000000,1.00000000,70.00000000,721.71647525,7935.95379298,1639.66666667
1.00000000,3.00000000,2.00000000,1.00000000,70.00000000,664.69525934,7935.95379298,522.13333333
1.00000000,3.00000000,2.00000000,1.00000000,70.00000000,664.69525934,2860.21968498,1214.09166667
1.00000000,3.00000000,2.00000000,1.00000000,70.00000000,664.69525934,4396.44904107,569.05833333
1.00000000,3.00000000,2.00000000,1.00000000,70.00000000,664.69525934,5583.09470814,1231.84166667
1.00000000,3.00000000,2.00000000,1.00000000,70.00000000,664.69525934,4604.85339131,1222.74166667
1.00000000,3.00000000,2.00000000,1.00000000,70.00000000,4888.31940462,7935.95379298,8528.96875000
1.00000000,3.00000000,2.00000000,1.00000000,70.00000000,1862.73889802,7935.95379298,2689.31250000
1.00000000,3.00000000,2.00000000,1.00000000,71.00000000,9086.23466243,7935.95379298,18425.86458333
1.00000000,3.00000000,2.00000000,1.00000000,71.00000000,18952.81092783,7935.95379298,33755.63541667
1.00000000,3.00000000,2.00000000,1.00000000,71.00000000,721.71647525,7935.95379298,1593.34375000
1.00000000,3.00000000,2.00000000,1.00000000,71.00000000,4888.31940462,7935.95379298,8466.04166667
1.00000000,3.00000000,2.00000000,1.00000000,71.00000000,1862.73889802,7935.95379298,3058.81250000
1.00000000,3.00000000,2.00000000,1.00000000,72.00000000,9086.23466243,7935.95379298,17625.03125000
1.00000000,3.00000000,2.00000000,1.00000000,72.00000000,18952.81092783,7935.95379298,31622.76041667
1.00000000,3.00000000,2.00000000,1.00000000,72.00000000,721.71647525,7935.95379298,1576.14583333
1.00000000,3.00000000,2.00000000,1.00000000,72.00000000,4888.31940462,7935.95379298,8473.48958333
1.00000000,3.00000000,2.00000000,1.00000000,72.00000000,1862.73889802,7935.95379298,2930.70833333
1.00000000,3.00000000,2.00000000,1.00000000,73.00000000,9086.23466243,7935.95379298,20074.77083333
1.00000000,3.00000000,2.00000000,1.00000000,73.00000000,18952.81092783,7935.95379298,37136.01041667
1.00000000,3.00000000,2.00000000,1.00000000,73.00000000,721.71647525,7935.95379298,1386.87500000
1.00000000,3.00000000,2.00000000,1.00000000,73.00000000,4888.31940462,7935.95379298,8337.56250000
1.00000000,3.00000000,2.00000000,1.00000000,73.00000000,1862.73889802,7935.95379298,3309.47916667
1.00000000,3.00000000,2.00000000,1.00000000,74.00000000,9086.23466243,7935.95379298,19798.00000000
1.00000000,3.00000000,2.00000000,1.00000000,74.00000000,18952.81092783,7935.95379298,35315.35416667
1.00000000,3.00000000,2.00000000,1.00000000,74.00000000,721.71647525,7935.95379298,1593.33333333
1.00000000,3.00000000,2.00000000,1.00000000,74.00000000,4888.31940462,7935.95379298,8546.19791667
1.00000000,3.00000000,2.00000000,1.00000000,74.00000000,1862.73889802,7935.95379298,3221.35416667
1.00000000,3.00000000,2.00000000,1.00000000,75.00000000,9086.23466243,7935.95379298,21968.91666667
1.00000000,3.00000000,2.00000000,1.00000000,75.00000000,18952.81092783,7935.95379298,40599.90625000
1.00000000,3.00000000,2.00000000,1.00000000,75.00000000,721.71647525,7935.95379298,1457.72916667
1.00000000,3.00000000,2.00000000,1.00000000,75.00000000,4888.31940462,7935.95379298,8369.58333333
1.00000000,3.00000000,2.00000000,1.00000000,75.00000000,1862.73889802,7935.95379298,3624.72916667
1.00000000,3.00000000,2.00000000,1.00000000,76.00000000,9086.23466243,7935.95379298,16303.52083333
1.00000000,3.00000000,2.00000000,1.00000000,76.00000000,18952.81092783,7935.95379298,27220.16666667
1.00000000,3.00000000,2.00000000,1.00000000,76.00000000,721.71647525,7935.95379298,1642.22916667
1.00000000,3.00000000,2.00000000,1.00000000,76.00000000,4888.31940462,7935.95379298,8486.65625000
1.00000000,3.00000000,2.00000000,1.00000000,76.00000000,1862.73889802,7935.95379298,2641.86458333
1.00000000,3.00000000,2.00000000,1.00000000,77.00000000,9086.23466243,7935.95379298,18302.12500000
1.00000000,3.00000000,2.00000000,1.00000000,77.00000000,18952.81092783,7935.95379298,32210.06250000
1.00000000,3.00000000,2.00000000,1.00000000,77.00000000,721.71647525,7935.95379298,1381.33333333
1.00000000,3.00000000,2.00000000,1.00000000,77.00000000,4888.31940462,7935.95379298,8339.51041667
1.00000000,3.00000000,2.00000000,1.00000000,77.00000000,1862.73889802,7935.95379298,2900.58333333
1.00000000,3.00000000,2.00000000,1.00000000,78.00000000,9086.23466243,7935.95379298,18168.90625000
1.00000000,3.00000000,2.00000000,1.00000000,78.00000000,18952.81092783,7935.95379298,31247.83333333
1.00000000,3.00000000,2.00000000,1.00000000,78.00000000,721.71647525,7935.95379298,1617.19791667
1.00000000,3.00000000,2.00000000,1.00000000,78.00000000,4888.31940462,7935.95379298,8533.53125000
1.00000000,3.00000000,2.00000000,1.00000000,78.00000000,1862.73889802,7935.95379298,2862.46875000
1.00000000,3.00000000,2.00000000,1.00000000,79.00000000,9086.23466243,7935.95379298,20222.64583333
1.00000000,3.00000000,2.00000000,1.00000000,79.00000000,18952.81092783,7935.95379298,36771.88541667
1.00000000,3.00000000,2.00000000,1.00000000,79.00000000,721.71647525,7935.95379298,1547.47916667
1.00000000,3.00000000,2.00000000,1.00000000,79.00000000,4888.31940462,7935.95379298,8481.31250000
1.00000000,3.00000000,2.00000000,1.00000000,79.00000000,1862.73889802,7935.95379298,3270.66666667
1.00000000,3.00000000,2.00000000,1.00000000,80.00000000,9086.23466243,7935.95379298,17158.77083333
1.00000000,3.00000000,2.00000000,1.00000000,80.00000000,18952.81092783,7935.95379298,7088.23958333
1.00000000,3.00000000,2.00000000,1.00000000,80.00000000,18952.81092783,2860.21968498,7486.73958333
1.00000000,3.00000000,2.00000000,1.00000000,80.00000000,18952.81092783,4396.44904107,35904.19791667
1.00000000,3.00000000,2.00000000,1.00000000,80.00000000,18952.81092783,5583.09470814,37800.47916667
1.00000000,3.00000000,2.00000000,1.00000000,80.00000000,18952.81092783,4604.85339131,33720.28125000
1.00000000,3.00000000,2.00000000,1.00000000,80.00000000,721.71647525,7935.95379298,118.29166667
1.00000000,3.00000000,2.00000000,1.00000000,80.00000000,721.71647525,2860.21968498,117.39583333
1.00000000,3.00000000,2.00000000,1.00000000,80.00000000,721.71647525,4396.44904107,1543.18750000
1.00000000,3.00000000,2.00000000,1.00000000,80.00000000,721.71647525,5583.09470814,1483.91666667
1.00000000,3.00000000,2.00000000,1.00000000,80.00000000,721.71647525,4604.85339131,1648.66666667
1.00000000,3.00000000,2.00000000,1.00000000,80.00000000,4888.31940462,7935.95379298,8388.55208333
1.00000000,3.00000000,2.00000000,1.00000000,80.00000000,1862.73889802,7935.95379298,710.63541667
1.00000000,3.00000000,2.00000000,1.00000000,80.00000000,1862.73889802,2860.21968498,746.48958333
1.00000000,3.00000000,2.00000000,1.00000000,80.00000000,1862.73889802,4396.44904107,3254.00000000
1.00000000,3.00000000,2.00000000,1.00000000,80.00000000,1862.73889802,5583.09470814,3327.46875000
1.00000000,3.00000000,2.00000000,1.00000000,80.00000000,1862.73889802,4604.85339131,3026.79166667
1.00000000,3.00000000,2.00000000,1.00000000,81.00000000,9086.23466243,7935.95379298,19181.89583333
1.00000000,3.00000000,2.00000000,1.00000000,81.00000000,4888.31940462,7935.95379298,8155.47916667
1.00000000,3.00000000,2.00000000,1.00000000,82.00000000,9086.23466243,7935.95379298,19397.16666667
1.00000000,3.00000000,2.00000000,1.00000000,82.00000000,4888.31940462,7935.95379298,8396.27083333
1.00000000,3.00000000,2.00000000,1.00000000,83.00000000,9086.23466243,7935.95379298,21139.03125000
1.00000000,3.00000000,2.00000000,1.00000000,83.00000000,4888.31940462,7935.95379298,8272.55208333
1.00000000,3.00000000,2.00000000,1.00000000,84.00000000,9086.23466243,7935.95379298,16014.87500000
1.00000000,3.00000000,2.00000000,1.00000000,84.00000000,4888.31940462,7935.95379298,8400.10416667
1.00000000,3.00000000,2.00000000,1.00000000,85.00000000,9086.23466243,7935.95379298,17491.75000000
1.00000000,3.00000000,2.00000000,1.00000000,85.00000000,4888.31940462,7935.95379298,8175.76041667
1.00000000,3.00000000,2.00000000,1.00000000,86.00000000,9086.23466243,7935.95379298,17693.19791667
1.00000000,3.00000000,2.00000000,1.00000000,86.00000000,4888.31940462,7935.95379298,8440.37500000
1.00000000,3.00000000,2.00000000,1.00000000,87.00000000,9086.23466243,7935.95379298,19670.23958333
1.00000000,3.00000000,2.00000000,1.00000000,87.00000000,4888.31940462,7935.95379298,8238.22916667
1.00000000,3.00000000,2.00000000,1.00000000,88.00000000,9086.23466243,7935.95379298,18298.10416667
1.00000000,3.00000000,2.00000000,1.00000000,88.00000000,4888.31940462,7935.95379298,8391.19791667
1.00000000,3.00000000,2.00000000,1.00000000,89.00000000,9086.23466243,7935.95379298,19702.94791667
1.00000000,3.00000000,2.00000000,1.00000000,89.00000000,4888.31940462,7935.95379298,8222.31250000
1.00000000,3.00000000,2.00000000,1.00000000,90.00000000,9086.23466243,7935.95379298,317.87500000
1.00000000,3.00000000,2.00000000,1.00000000,90.00000000,9086.23466243,2860.21968498,8812.60416667
1.00000000,3.00000000,2.00000000,1.00000000,90.00000000,9086.23466243,4396.44904107,328.52083333
1.00000000,3.00000000,2.00000000,1.00000000,90.00000000,9086.23466243,5583.09470814,23376.26041667
1.00000000,3.00000000,2.00000000,1.00000000,90.00000000,9086.23466243,4604.85339131,20750.82291667
1.00000000,3.00000000,2.00000000,1.00000000,90.00000000,4888.31940462,7935.95379298,87.32291667
1.00000000,3.00000000,2.00000000,1.00000000,90.00000000,4888.31940462,2860.21968498,1393.29166667
1.00000000,3.00000000,2.00000000,1.00000000,90.00000000,4888.31940462,4396.44904107,9928.38541667
1.00000000,3.00000000,2.00000000,1.00000000,90.00000000,4888.31940462,5583.09470814,8954.65625000
1.00000000,3.00000000,2.00000000,1.00000000,90.00000000,4888.31940462,4604.85339131,84.39583333
2.00000000,1.00000000,2.00000000,0.00000000,59.00000000,18952.81092783,7935.95379298,35755.00000000
2.00000000,1.00000000,2.00000000,0.00000000,59.00000000,1862.73889802,7935.95379298,1673.50000000
2.00000000,1.00000000,2.00000000,0.00000000,60.00000000,18952.81092783,7935.95379298,24781.75000000
2.00000000,1.00000000,2.00000000,0.00000000,60.00000000,1862.73889802,7935.95379298,1158.83333333
2.00000000,1.00000000,2.00000000,0.00000000,61.00000000,18952.81092783,7935.95379298,28482.16666667
2.00000000,1.00000000,2.00000000,0.00000000,61.00000000,1862.73889802,7935.95379298,1181.75000000
2.00000000,1.00000000,2.00000000,0.00000000,62.00000000,18952.81092783,7935.95379298,26956.83333333
2.00000000,1.00000000,2.00000000,0.00000000,62.00000000,1862.73889802,7935.95379298,1173.33333333
2.00000000,1.00000000,2.00000000,0.00000000,63.00000000,18952.81092783,7935.95379298,29323.00000000
2.00000000,1.00000000,2.00000000,0.00000000,63.00000000,1862.73889802,7935.95379298,1227.16666667
2.00000000,1.00000000,2.00000000,0.00000000,64.00000000,18952.81092783,7935.95379298,22294.83333333
2.00000000,1.00000000,2.00000000,0.00000000,64.00000000,1862.73889802,7935.95379298,1133.58333333
2.00000000,1.00000000,2.00000000,0.00000000,65.00000000,18952.81092783,7935.95379298,26628.66666667
2.00000000,1.00000000,2.00000000,0.00000000,65.00000000,1862.73889802,7935.95379298,1208.83333333
2.00000000,1.00000000,2.00000000,0.00000000,66.00000000,18952.81092783,7935.95379298,25153.00000000
2.00000000,1.00000000,2.00000000,0.00000000,66.00000000,1862.73889802,7935.95379298,1270.41666667
2.00000000,1.00000000,2.00000000,0.00000000,67.00000000,18952.81092783,7935.95379298,29889.91666667
2.00000000,1.00000000,2.00000000,0.00000000,67.00000000,1862.73889802,7935.95379298,1438.16666667
2.00000000,1.00000000,2.00000000,0.00000000,68.00000000,18952.81092783,7935.95379298,19152.25000000
2.00000000,1.00000000,2.00000000,0.00000000,68.00000000,1862.73889802,7935.95379298,1062.75000000
2.00000000,1.00000000,2.00000000,0.00000000,69.00000000,18952.81092783,7935.95379298,22427.66666667
2.00000000,1.00000000,2.00000000,0.00000000,69.00000000,721.71647525,7935.95379298,486.91666667
2.00000000,1.00000000,2.00000000,0.00000000,69.00000000,1862.73889802,7935.95379298,1097.16666667
2.00000000,1.00000000,2.00000000,0.00000000,70.00000000,18952.81092783,7935.95379298,21676.83333333
2.00000000,1.00000000,2.00000000,0.00000000,70.00000000,721.71647525,7935.95379298,460.58333333
2.00000000,1.00000000,2.00000000,0.00000000,70.00000000,1862.73889802,7935.95379298,1090.50000000
2.00000000,1.00000000,2.00000000,0.00000000,71.00000000,18952.81092783,7935.95379298,25634.41666667
2.00000000,1.00000000,2.00000000,0.00000000,71.00000000,721.71647525,7935.95379298,420.08333333
2.00000000,1.00000000,2.00000000,0.00000000,71.00000000,1862.73889802,7935.95379298,1257.66666667
2.00000000,1.00000000,2.00000000,0.00000000,72.00000000,18952.81092783,7935.95379298,23956.50000000
2.00000000,1.00000000,2.00000000,0.00000000,72.00000000,721.71647525,7935.95379298,459.91666667
2.00000000,1.00000000,2.00000000,0.00000000,72.00000000,1862.73889802,7935.95379298,1200.25000000
2.00000000,1.00000000,2.00000000,0.00000000,73.00000000,18952.81092783,7935.95379298,29160.33333333
2.00000000,1.00000000,2.00000000,0.00000000,73.00000000,721.71647525,7935.95379298,411.08333333
2.00000000,1.00000000,2.00000000,0.00000000,73.00000000,1862.73889802,7935.95379298,1366.75000000
2.00000000,1.00000000,2.00000000,0.00000000,74.00000000,18952.81092783,7935.95379298,27455.91666667
2.00000000,1.00000000,2.00000000,0.00000000,74.00000000,721.71647525,7935.95379298,436.41666667
2.00000000,1.00000000,2.00000000,0.00000000,74.00000000,1862.73889802,7935.95379298,1341.25000000
2.00000000,1.00000000,2.00000000,0.00000000,75.00000000,18952.81092783,7935.95379298,32026.66666667
2.00000000,1.00000000,2.00000000,0.00000000,75.00000000,721.71647525,7935.95379298,414.41666667
2.00000000,1.00000000,2.00000000,0.00000000,75.00000000,1862.73889802,7935.95379298,1554.41666667
2.00000000,1.00000000,2.00000000,0.00000000,76.00000000,18952.81092783,7935.95379298,20526.75000000
2.00000000,1.00000000,2.00000000,0.00000000,76.00000000,721.71647525,7935.95379298,430.25000000
2.00000000,1.00000000,2.00000000,0.00000000,76.00000000,1862.73889802,7935.95379298,1098.25000000
2.00000000,1.00000000,2.00000000,0.00000000,77.00000000,18952.81092783,7935.95379298,25060.83333333
2.00000000,1.00000000,2.00000000,0.00000000,77.00000000,721.71647525,7935.95379298,407.16666667
2.00000000,1.00000000,2.00000000,0.00000000,77.00000000,1862.73889802,7935.95379298,1192.91666667
2.00000000,1.00000000,2.00000000,0.00000000,78.00000000,18952.81092783,7935.95379298,23851.33333333
2.00000000,1.00000000,2.00000000,0.00000000,78.00000000,721.71647525,7935.95379298,448.08333333
2.00000000,1.00000000,2.00000000,0.00000000,78.00000000,1862.73889802,7935.95379298,1167.16666667
2.00000000,1.00000000,2.00000000,0.00000000,79.00000000,18952.81092783,7935.95379298,28519.58333333
2.00000000,1.00000000,2.00000000,0.00000000,79.00000000,721.71647525,7935.95379298,413.00000000
2.00000000,1.00000000,2.00000000,0.00000000,79.00000000,1862.73889802,7935.95379298,1378.58333333
2.00000000,1.00000000,2.00000000,0.00000000,80.00000000,18952.81092783,7935.95379298,5475.00000000
2.00000000,1.00000000,2.00000000,0.00000000,80.00000000,18952.81092783,2860.21968498,5869.50000000
2.00000000,1.00000000,2.00000000,0.00000000,80.00000000,18952.81092783,4396.44904107,27715.25000000
2.00000000,1.00000000,2.00000000,0.00000000,80.00000000,18952.81092783,5583.09470814,29122.75000000
2.00000000,1.00000000,2.00000000,0.00000000,80.00000000,721.71647525,7935.95379298,91.25000000
2.00000000,1.00000000,2.00000000,0.00000000,80.00000000,721.71647525,2860.21968498,82.41666667
2.00000000,1.00000000,2.00000000,0.00000000,80.00000000,721.71647525,4396.44904107,447.91666667
2.00000000,1.00000000,2.00000000,0.00000000,80.00000000,721.71647525,5583.09470814,451.41666667
2.00000000,1.00000000,2.00000000,0.00000000,80.00000000,1862.73889802,7935.95379298,325.75000000
2.00000000,1.00000000,2.00000000,0.00000000,80.00000000,1862.73889802,2860.21968498,331.50000000
2.00000000,1.00000000,2.00000000,0.00000000,80.00000000,1862.73889802,4396.44904107,1340.83333333
2.00000000,1.00000000,2.00000000,0.00000000,80.00000000,1862.73889802,5583.09470814,1409.41666667
2.00000000,1.00000000,2.00000000,1.00000000,59.00000000,18952.81092783,7935.95379298,42828.41666667
2.00000000,1.00000000,2.00000000,1.00000000,59.00000000,1862.73889802,7935.95379298,4314.66666667
2.00000000,1.00000000,2.00000000,1.00000000,60.00000000,18952.81092783,7935.95379298,30182.08333333
2.00000000,1.00000000,2.00000000,1.00000000,60.00000000,1862.73889802,7935.95379298,3177.83333333
2.00000000,1.00000000,2.00000000,1.00000000,61.00000000,18952.81092783,7935.95379298,33404.08333333
2.00000000,1.00000000,2.00000000,1.00000000,61.00000000,1862.73889802,7935.95379298,3254.83333333
2.00000000,1.00000000,2.00000000,1.00000000,62.00000000,18952.81092783,7935.95379298,32211.58333333
2.00000000,1.00000000,2.00000000,1.00000000,62.00000000,1862.73889802,7935.95379298,3325.75000000
2.00000000,1.00000000,2.00000000,1.00000000,63.00000000,18952.81092783,7935.95379298,33379.66666667
2.00000000,1.00000000,2.00000000,1.00000000,63.00000000,1862.73889802,7935.95379298,3197.83333333
2.00000000,1.00000000,2.00000000,1.00000000,64.00000000,18952.81092783,7935.95379298,28715.41666667
2.00000000,1.00000000,2.00000000,1.00000000,64.00000000,1862.73889802,7935.95379298,3165.66666667
2.00000000,1.00000000,2.00000000,1.00000000,65.00000000,18952.81092783,7935.95379298,32717.75000000
2.00000000,1.00000000,2.00000000,1.00000000,65.00000000,1862.73889802,7935.95379298,3429.58333333
2.00000000,1.00000000,2.00000000,1.00000000,66.00000000,18952.81092783,7935.95379298,32885.33333333
2.00000000,1.00000000,2.00000000,1.00000000,66.00000000,1862.73889802,7935.95379298,3583.08333333
2.00000000,1.00000000,2.00000000,1.00000000,67.00000000,18952.81092783,7935.95379298,37601.08333333
2.00000000,1.00000000,2.00000000,1.00000000,67.00000000,1862.73889802,7935.95379298,3890.75000000
2.00000000,1.00000000,2.00000000,1.00000000,68.00000000,18952.81092783,7935.95379298,25074.00000000
2.00000000,1.00000000,2.00000000,1.00000000,68.00000000,1862.73889802,7935.95379298,2857.83333333
2.00000000,1.00000000,2.00000000,1.00000000,69.00000000,18952.81092783,7935.95379298,28568.41666667
2.00000000,1.00000000,2.00000000,1.00000000,69.00000000,721.71647525,7935.95379298,1621.91666667
2.00000000,1.00000000,2.00000000,1.00000000,69.00000000,4888.31940462,7935.95379298,8394.08333333
2.00000000,1.00000000,2.00000000,1.00000000,69.00000000,1862.73889802,7935.95379298,2958.25000000
2.00000000,1.00000000,2.00000000,1.00000000,70.00000000,18952.81092783,7935.95379298,28439.83333333
2.00000000,1.00000000,2.00000000,1.00000000,70.00000000,721.71647525,7935.95379298,1565.91666667
2.00000000,1.00000000,2.00000000,1.00000000,70.00000000,4888.31940462,7935.95379298,8681.33333333
2.00000000,1.00000000,2.00000000,1.00000000,70.00000000,1862.73889802,7935.95379298,3067.08333333
2.00000000,1.00000000,2.00000000,1.00000000,71.00000000,18952.81092783,7935.95379298,33140.58333333
2.00000000,1.00000000,2.00000000,1.00000000,71.00000000,721.71647525,7935.95379298,1531.08333333
2.00000000,1.00000000,2.00000000,1.00000000,71.00000000,4888.31940462,7935.95379298,8412.41666667
2.00000000,1.00000000,2.00000000,1.00000000,71.00000000,1862.73889802,7935.95379298,3482.00000000
2.00000000,1.00000000,2.00000000,1.00000000,72.00000000,18952.81092783,7935.95379298,30985.58333333
2.00000000,1.00000000,2.00000000,1.00000000,72.00000000,721.71647525,7935.95379298,1497.91666667
2.00000000,1.00000000,2.00000000,1.00000000,72.00000000,4888.31940462,7935.95379298,8523.08333333
2.00000000,1.00000000,2.00000000,1.00000000,72.00000000,1862.73889802,7935.95379298,3339.58333333
2.00000000,1.00000000,2.00000000,1.00000000,73.00000000,18952.81092783,7935.95379298,35913.58333333
2.00000000,1.00000000,2.00000000,1.00000000,73.00000000,721.71647525,7935.95379298,1333.91666667
2.00000000,1.00000000,2.00000000,1.00000000,73.00000000,4888.31940462,7935.95379298,8370.75000000
2.00000000,1.00000000,2.00000000,1.00000000,73.00000000,1862.73889802,7935.95379298,3627.16666667
2.00000000,1.00000000,2.00000000,1.00000000,74.00000000,18952.81092783,7935.95379298,34507.41666667
2.00000000,1.00000000,2.00000000,1.00000000,74.00000000,721.71647525,7935.95379298,1544.66666667
2.00000000,1.00000000,2.00000000,1.00000000,74.00000000,4888.31940462,7935.95379298,8782.08333333
2.00000000,1.00000000,2.00000000,1.00000000,74.00000000,1862.73889802,7935.95379298,3690.33333333
2.00000000,1.00000000,2.00000000,1.00000000,75.00000000,18952.81092783,7935.95379298,39183.25000000
2.00000000,1.00000000,2.00000000,1.00000000,75.00000000,721.71647525,7935.95379298,1412.16666667
2.00000000,1.00000000,2.00000000,1.00000000,75.00000000,4888.31940462,7935.95379298,8354.75000000
2.00000000,1.00000000,2.00000000,1.00000000,75.00000000,1862.73889802,7935.95379298,4084.58333333
2.00000000,1.00000000,2.00000000,1.00000000,76.00000000,18952.81092783,7935.95379298,26510.58333333
2.00000000,1.00000000,2.00000000,1.00000000,76.00000000,721.71647525,7935.95379298,1571.50000000
2.00000000,1.00000000,2.00000000,1.00000000,76.00000000,4888.31940462,7935.95379298,8483.75000000
2.00000000,1.00000000,2.00000000,1.00000000,76.00000000,1862.73889802,7935.95379298,2987.50000000
2.00000000,1.00000000,2.00000000,1.00000000,77.00000000,18952.81092783,7935.95379298,31579.16666667
2.00000000,1.00000000,2.00000000,1.00000000,77.00000000,721.71647525,7935.95379298,1305.50000000
2.00000000,1.00000000,2.00000000,1.00000000,77.00000000,4888.31940462,7935.95379298,8498.58333333
2.00000000,1.00000000,2.00000000,1.00000000,77.00000000,1862.73889802,7935.95379298,3395.50000000
2.00000000,1.00000000,2.00000000,1.00000000,78.00000000,18952.81092783,7935.95379298,30459.66666667
2.00000000,1.00000000,2.00000000,1.00000000,78.00000000,721.71647525,7935.95379298,1524.83333333
2.00000000,1.00000000,2.00000000,1.00000000,78.00000000,4888.31940462,7935.95379298,8561.08333333
2.00000000,1.00000000,2.00000000,1.00000000,78.00000000,1862.73889802,7935.95379298,3289.00000000
2.00000000,1.00000000,2.00000000,1.00000000,79.00000000,18952.81092783,7935.95379298,36146.66666667
2.00000000,1.00000000,2.00000000,1.00000000,79.00000000,721.71647525,7935.95379298,1464.50000000
2.00000000,1.00000000,2.00000000,1.00000000,79.00000000,4888.31940462,7935.95379298,8499.16666667
2.00000000,1.00000000,2.00000000,1.00000000,79.00000000,1862.73889802,7935.95379298,3667.66666667
2.00000000,1.00000000,2.00000000,1.00000000,80.00000000,18952.81092783,7935.95379298,7014.58333333
2.00000000,1.00000000,2.00000000,1.00000000,80.00000000,18952.81092783,2860.21968498,7174.25000000
2.00000000,1.00000000,2.00000000,1.00000000,80.00000000,18952.81092783,4396.44904107,34963.33333333
2.00000000,1.00000000,2.00000000,1.00000000,80.00000000,18952.81092783,5583.09470814,36701.41666667
2.00000000,1.00000000,2.00000000,1.00000000,80.00000000,18952.81092783,4604.85339131,33539.25000000
2.00000000,1.00000000,2.00000000,1.00000000,80.00000000,721.71647525,7935.95379298,113.00000000
2.00000000,1.00000000,2.00000000,1.00000000,80.00000000,721.71647525,2860.21968498,117.58333333
2.00000000,1.00000000,2.00000000,1.00000000,80.00000000,721.71647525,4396.44904107,1460.66666667
2.00000000,1.00000000,2.00000000,1.00000000,80.00000000,721.71647525,5583.09470814,1456.16666667
2.00000000,1.00000000,2.00000000,1.00000000,80.00000000,721.71647525,4604.85339131,1558.91666667
2.00000000,1.00000000,2.00000000,1.00000000,80.00000000,4888.31940462,7935.95379298,8380.25000000
2.00000000,1.00000000,2.00000000,1.00000000,80.00000000,1862.73889802,7935.95379298,788.50000000
2.00000000,1.00000000,2.00000000,1.00000000,80.00000000,1862.73889802,2860.21968498,812.58333333
2.00000000,1.00000000,2.00000000,1.00000000,80.00000000,1862.73889802,4396.44904107,3810.08333333
2.00000000,1.00000000,2.00000000,1.00000000,80.00000000,1862.73889802,5583.09470814,3711.58333333
2.00000000,1.00000000,2.00000000,1.00000000,80.00000000,1862.73889802,4604.85339131,3471.08333333
2.00000000,1.00000000,2.00000000,1.00000000,81.00000000,4888.31940462,7935.95379298,8214.25000000
2.00000000,1.00000000,2.00000000,1.00000000,82.00000000,4888.31940462,7935.95379298,8497.66666667
2.00000000,1.00000000,2.00000000,1.00000000,83.00000000,4888.31940462,7935.95379298,8228.91666667
2.00000000,1.00000000,2.00000000,1.00000000,84.00000000,4888.31940462,7935.95379298,8498.66666667
2.00000000,1.00000000,2.00000000,1.00000000,85.00000000,4888.31940462,7935.95379298,8122.41666667
2.00000000,1.00000000,2.00000000,1.00000000,86.00000000,4888.31940462,7935.95379298,8572.58333333
2.00000000,1.00000000,2.00000000,1.00000000,87.00000000,4888.31940462,7935.95379298,8308.00000000
2.00000000,1.00000000,2.00000000,1.00000000,88.00000000,4888.31940462,7935.95379298,8415.58333333
2.00000000,1.00000000,2.00000000,1.00000000,89.00000000,4888.31940462,7935.95379298,8359.08333333
2.00000000,1.00000000,2.00000000,1.00000000,90.00000000,4888.31940462,7935.95379298,80.00000000
2.00000000,1.00000000,2.00000000,1.00000000,90.00000000,4888.31940462,2860.21968498,1391.75000000
2.00000000,1.00000000,2.00000000,1.00000000,90.00000000,4888.31940462,4396.44904107,10032.33333333
2.00000000,1.00000000,2.00000000,1.00000000,90.00000000,4888.31940462,5583.09470814,9084.66666667
2.00000000,1.00000000,2.00000000,1.00000000,90.00000000,4888.31940462,4604.85339131,79.58333333
2.00000000,2.00000000,2.00000000,0.00000000,59.00000000,9086.23466243,7935.95379298,14748.16666667
2.00000000,2.00000000,2.00000000,0.00000000,59.00000000,18952.81092783,7935.95379298,33163.83333333
2.00000000,2.00000000,2.00000000,0.00000000,59.00000000,664.69525934,7935.95379298,922.00000000
2.00000000,2.00000000,2.00000000,0.00000000,59.00000000,1862.73889802,7935.95379298,1540.29166667
2.00000000,2.00000000,2.00000000,0.00000000,60.00000000,9086.23466243,7935.95379298,10433.75000000
2.00000000,2.00000000,2.00000000,0.00000000,60.00000000,18952.81092783,7935.95379298,23042.41666667
2.00000000,2.00000000,2.00000000,0.00000000,60.00000000,664.69525934,7935.95379298,811.08333333
2.00000000,2.00000000,2.00000000,0.00000000,60.00000000,1862.73889802,7935.95379298,1051.91666667
2.00000000,2.00000000,2.00000000,0.00000000,61.00000000,9086.23466243,7935.95379298,11982.00000000
2.00000000,2.00000000,2.00000000,0.00000000,61.00000000,18952.81092783,7935.95379298,26609.29166667
2.00000000,2.00000000,2.00000000,0.00000000,61.00000000,664.69525934,7935.95379298,875.66666667
2.00000000,2.00000000,2.00000000,0.00000000,61.00000000,1862.73889802,7935.95379298,1100.08333333
2.00000000,2.00000000,2.00000000,0.00000000,62.00000000,9086.23466243,7935.95379298,11697.75000000
2.00000000,2.00000000,2.00000000,0.00000000,62.00000000,18952.81092783,7935.95379298,25565.75000000
2.00000000,2.00000000,2.00000000,0.00000000,62.00000000,664.69525934,7935.95379298,836.91666667
2.00000000,2.00000000,2.00000000,0.00000000,62.00000000,1862.73889802,7935.95379298,1090.54166667
2.00000000,2.00000000,2.00000000,0.00000000,63.00000000,9086.23466243,7935.95379298,12834.08333333
2.00000000,2.00000000,2.00000000,0.00000000,63.00000000,18952.81092783,7935.95379298,27743.00000000
2.00000000,2.00000000,2.00000000,0.00000000,63.00000000,664.69525934,7935.95379298,888.91666667
2.00000000,2.00000000,2.00000000,0.00000000,63.00000000,1862.73889802,7935.95379298,1104.95833333
2.00000000,2.00000000,2.00000000,0.00000000,64.00000000,9086.23466243,7935.95379298,9322.08333333
2.00000000,2.00000000,2.00000000,0.00000000,64.00000000,18952.81092783,7935.95379298,20705.66666667
2.00000000,2.00000000,2.00000000,0.00000000,64.00000000,664.69525934,7935.95379298,666.00000000
2.00000000,2.00000000,2.00000000,0.00000000,64.00000000,1862.73889802,7935.95379298,1060.75000000
2.00000000,2.00000000,2.00000000,0.00000000,65.00000000,9086.23466243,7935.95379298,11026.91666667
2.00000000,2.00000000,2.00000000,0.00000000,65.00000000,18952.81092783,7935.95379298,24777.45833333
2.00000000,2.00000000,2.00000000,0.00000000,65.00000000,664.69525934,7935.95379298,757.41666667
2.00000000,2.00000000,2.00000000,0.00000000,65.00000000,1862.73889802,7935.95379298,1110.37500000
2.00000000,2.00000000,2.00000000,0.00000000,66.00000000,9086.23466243,7935.95379298,10886.50000000
2.00000000,2.00000000,2.00000000,0.00000000,66.00000000,18952.81092783,7935.95379298,23904.12500000
2.00000000,2.00000000,2.00000000,0.00000000,66.00000000,664.69525934,7935.95379298,726.58333333
2.00000000,2.00000000,2.00000000,0.00000000,66.00000000,1862.73889802,7935.95379298,1149.83333333
2.00000000,2.00000000,2.00000000,0.00000000,67.00000000,9086.23466243,7935.95379298,12782.75000000
2.00000000,2.00000000,2.00000000,0.00000000,67.00000000,18952.81092783,7935.95379298,28080.00000000
2.00000000,2.00000000,2.00000000,0.00000000,67.00000000,664.69525934,7935.95379298,820.41666667
2.00000000,2.00000000,2.00000000,0.00000000,67.00000000,1862.73889802,7935.95379298,1332.70833333
2.00000000,2.00000000,2.00000000,0.00000000,68.00000000,9086.23466243,7935.95379298,8944.50000000
2.00000000,2.00000000,2.00000000,0.00000000,68.00000000,18952.81092783,7935.95379298,18005.58333333
2.00000000,2.00000000,2.00000000,0.00000000,68.00000000,664.69525934,7935.95379298,681.25000000
2.00000000,2.00000000,2.00000000,0.00000000,68.00000000,1862.73889802,7935.95379298,938.87500000
2.00000000,2.00000000,2.00000000,0.00000000,69.00000000,9086.23466243,7935.95379298,10370.50000000
2.00000000,2.00000000,2.00000000,0.00000000,69.00000000,18952.81092783,7935.95379298,21278.33333333
2.00000000,2.00000000,2.00000000,0.00000000,69.00000000,721.71647525,7935.95379298,405.70833333
2.00000000,2.00000000,2.00000000,0.00000000,69.00000000,664.69525934,7935.95379298,766.08333333
2.00000000,2.00000000,2.00000000,0.00000000,69.00000000,1862.73889802,7935.95379298,981.91666667
2.00000000,2.00000000,2.00000000,0.00000000,70.00000000,9086.23466243,7935.95379298,9982.58333333
2.00000000,2.00000000,2.00000000,0.00000000,70.00000000,18952.81092783,7935.95379298,20737.04166667
2.00000000,2.00000000,2.00000000,0.00000000,70.00000000,721.71647525,7935.95379298,436.12500000
2.00000000,2.00000000,2.00000000,0.00000000,70.00000000,664.69525934,7935.95379298,376.25000000
2.00000000,2.00000000,2.00000000,0.00000000,70.00000000,664.69525934,2860.21968498,809.08333333
2.00000000,2.00000000,2.00000000,0.00000000,70.00000000,664.69525934,4396.44904107,425.33333333
2.00000000,2.00000000,2.00000000,0.00000000,70.00000000,664.69525934,5583.09470814,833.25000000
2.00000000,2.00000000,2.00000000,0.00000000,70.00000000,1862.73889802,7935.95379298,1035.45833333
2.00000000,2.00000000,2.00000000,0.00000000,71.00000000,9086.23466243,7935.95379298,11735.50000000
2.00000000,2.00000000,2.00000000,0.00000000,71.00000000,18952.81092783,7935.95379298,24188.04166667
2.00000000,2.00000000,2.00000000,0.00000000,71.00000000,721.71647525,7935.95379298,415.20833333
2.00000000,2.00000000,2.00000000,0.00000000,71.00000000,1862.73889802,7935.95379298,1168.04166667
2.00000000,2.00000000,2.00000000,0.00000000,72.00000000,9086.23466243,7935.95379298,10504.33333333
2.00000000,2.00000000,2.00000000,0.00000000,72.00000000,18952.81092783,7935.95379298,22835.33333333
2.00000000,2.00000000,2.00000000,0.00000000,72.00000000,721.71647525,7935.95379298,419.37500000
2.00000000,2.00000000,2.00000000,0.00000000,72.00000000,1862.73889802,7935.95379298,1103.75000000
2.00000000,2.00000000,2.00000000,0.00000000,73.00000000,9086.23466243,7935.95379298,12757.41666667
2.00000000,2.00000000,2.00000000,0.00000000,73.00000000,18952.81092783,7935.95379298,27327.04166667
2.00000000,2.00000000,2.00000000,0.00000000,73.00000000,721.71647525,7935.95379298,379.41666667
2.00000000,2.00000000,2.00000000,0.00000000,73.00000000,1862.73889802,7935.95379298,1257.12500000
2.00000000,2.00000000,2.00000000,0.00000000,74.00000000,9086.23466243,7935.95379298,12222.25000000
2.00000000,2.00000000,2.00000000,0.00000000,74.00000000,18952.81092783,7935.95379298,25621.87500000
2.00000000,2.00000000,2.00000000,0.00000000,74.00000000,721.71647525,7935.95379298,427.87500000
2.00000000,2.00000000,2.00000000,0.00000000,74.00000000,1862.73889802,7935.95379298,1195.16666667
2.00000000,2.00000000,2.00000000,0.00000000,75.00000000,9086.23466243,7935.95379298,14429.25000000
2.00000000,2.00000000,2.00000000,0.00000000,75.00000000,18952.81092783,7935.95379298,29918.33333333
2.00000000,2.00000000,2.00000000,0.00000000,75.00000000,721.71647525,7935.95379298,391.29166667
2.00000000,2.00000000,2.00000000,0.00000000,75.00000000,1862.73889802,7935.95379298,1431.37500000
2.00000000,2.00000000,2.00000000,0.00000000,76.00000000,9086.23466243,7935.95379298,9703.75000000
2.00000000,2.00000000,2.00000000,0.00000000,76.00000000,18952.81092783,7935.95379298,19022.83333333
2.00000000,2.00000000,2.00000000,0.00000000,76.00000000,721.71647525,7935.95379298,431.70833333
2.00000000,2.00000000,2.00000000,0.00000000,76.00000000,1862.73889802,7935.95379298,1012.79166667
2.00000000,2.00000000,2.00000000,0.00000000,77.00000000,9086.23466243,7935.95379298,11617.25000000
2.00000000,2.00000000,2.00000000,0.00000000,77.00000000,18952.81092783,7935.95379298,23229.00000000
2.00000000,2.00000000,2.00000000,0.00000000,77.00000000,721.71647525,7935.95379298,391.83333333
2.00000000,2.00000000,2.00000000,0.00000000,77.00000000,1862.73889802,7935.95379298,1109.50000000
2.00000000,2.00000000,2.00000000,0.00000000,78.00000000,9086.23466243,7935.95379298,11085.58333333
2.00000000,2.00000000,2.00000000,0.00000000,78.00000000,18952.81092783,7935.95379298,22187.95833333
2.00000000,2.00000000,2.00000000,0.00000000,78.00000000,721.71647525,7935.95379298,424.87500000
2.00000000,2.00000000,2.00000000,0.00000000,78.00000000,1862.73889802,7935.95379298,1056.20833333
2.00000000,2.00000000,2.00000000,0.00000000,79.00000000,9086.23466243,7935.95379298,13463.08333333
2.00000000,2.00000000,2.00000000,0.00000000,79.00000000,18952.81092783,7935.95379298,26623.91666667
2.00000000,2.00000000,2.00000000,0.00000000,79.00000000,721.71647525,7935.95379298,396.75000000
2.00000000,2.00000000,2.00000000,0.00000000,79.00000000,1862.73889802,7935.95379298,1240.91666667
2.00000000,2.00000000,2.00000000,0.00000000,80.00000000,9086.23466243,7935.95379298,10028.00000000
2.00000000,2.00000000,2.00000000,0.00000000,80.00000000,18952.81092783,7935.95379298,5081.08333333
2.00000000,2.00000000,2.00000000,0.00000000,80.00000000,18952.81092783,2860.21968498,5542.70833333
2.00000000,2.00000000,2.00000000,0.00000000,80.00000000,18952.81092783,4396.44904107,26016.58333333
2.00000000,2.00000000,2.00000000,0.00000000,80.00000000,18952.81092783,5583.09470814,27359.41666667
2.00000000,2.00000000,2.00000000,0.00000000,80.00000000,721.71647525,7935.95379298,87.70833333
2.00000000,2.00000000,2.00000000,0.00000000,80.00000000,721.71647525,2860.21968498,89.66666667
2.00000000,2.00000000,2.00000000,0.00000000,80.00000000,721.71647525,4396.44904107,426.79166667
2.00000000,2.00000000,2.00000000,0.00000000,80.00000000,721.71647525,5583.09470814,423.37500000
2.00000000,2.00000000,2.00000000,0.00000000,80.00000000,1862.73889802,7935.95379298,303.54166667
2.00000000,2.00000000,2.00000000,0.00000000,80.00000000,1862.73889802,2860.21968498,309.79166667
2.00000000,2.00000000,2.00000000,0.00000000,80.00000000,1862.73889802,4396.44904107,1233.70833333
2.00000000,2.00000000,2.00000000,0.00000000,80.00000000,1862.73889802,5583.09470814,1262.25000000
2.00000000,2.00000000,2.00000000,0.00000000,81.00000000,9086.23466243,7935.95379298,12340.75000000
2.00000000,2.00000000,2.00000000,0.00000000,82.00000000,9086.23466243,7935.95379298,12061.58333333
2.00000000,2.00000000,2.00000000,0.00000000,83.00000000,9086.23466243,7935.95379298,13873.00000000
2.00000000,2.00000000,2.00000000,0.00000000,84.00000000,9086.23466243,7935.95379298,9268.41666667
2.00000000,2.00000000,2.00000000,0.00000000,85.00000000,9086.23466243,7935.95379298,11154.00000000
2.00000000,2.00000000,2.00000000,0.00000000,86.00000000,9086.23466243,7935.95379298,10856.75000000
2.00000000,2.00000000,2.00000000,0.00000000,87.00000000,9086.23466243,7935.95379298,12635.25000000
2.00000000,2.00000000,2.00000000,0.00000000,88.00000000,9086.23466243,7935.95379298,11153.58333333
2.00000000,2.00000000,2.00000000,0.00000000,89.00000000,9086.23466243,7935.95379298,12801.33333333
2.00000000,2.00000000,2.00000000,0.00000000,90.00000000,9086.23466243,7935.95379298,230.83333333
2.00000000,2.00000000,2.00000000,0.00000000,90.00000000,9086.23466243,2860.21968498,5558.58333333
2.00000000,2.00000000,2.00000000,0.00000000,90.00000000,9086.23466243,4396.44904107,243.66666667
2.00000000,2.00000000,2.00000000,0.00000000,90.00000000,9086.23466243,5583.09470814,14637.83333333
2.00000000,2.00000000,2.00000000,1.00000000,59.00000000,9086.23466243,7935.95379298,22291.50000000
2.00000000,2.00000000,2.00000000,1.00000000,59.00000000,18952.81092783,7935.95379298,44130.52083333
2.00000000,2.00000000,2.00000000,1.00000000,59.00000000,664.69525934,7935.95379298,1197.20833333
2.00000000,2.00000000,2.00000000,1.00000000,59.00000000,1862.73889802,7935.95379298,3525.97916667
2.00000000,2.00000000,2.00000000,1.00000000,60.00000000,9086.23466243,7935.95379298,17613.75000000
2.00000000,2.00000000,2.00000000,1.00000000,60.00000000,18952.81092783,7935.95379298,31169.31250000
2.00000000,2.00000000,2.00000000,1.00000000,60.00000000,664.69525934,7935.95379298,1132.58333333
2.00000000,2.00000000,2.00000000,1.00000000,60.00000000,1862.73889802,7935.95379298,2588.60416667
2.00000000,2.00000000,2.00000000,1.00000000,61.00000000,9086.23466243,7935.95379298,18322.20833333
2.00000000,2.00000000,2.00000000,1.00000000,61.00000000,18952.81092783,7935.95379298,34348.79166667
2.00000000,2.00000000,2.00000000,1.00000000,61.00000000,664.69525934,7935.95379298,1173.08333333
2.00000000,2.00000000,2.00000000,1.00000000,61.00000000,1862.73889802,7935.95379298,2594.56250000
2.00000000,2.00000000,2.00000000,1.00000000,62.00000000,9086.23466243,7935.95379298,18136.95833333
2.00000000,2.00000000,2.00000000,1.00000000,62.00000000,18952.81092783,7935.95379298,33680.85416667
2.00000000,2.00000000,2.00000000,1.00000000,62.00000000,664.69525934,7935.95379298,1216.37500000
2.00000000,2.00000000,2.00000000,1.00000000,62.00000000,1862.73889802,7935.95379298,2680.62500000
2.00000000,2.00000000,2.00000000,1.00000000,63.00000000,9086.23466243,7935.95379298,18951.66666667
2.00000000,2.00000000,2.00000000,1.00000000,63.00000000,18952.81092783,7935.95379298,35216.10416667
2.00000000,2.00000000,2.00000000,1.00000000,63.00000000,664.69525934,7935.95379298,1187.91666667
2.00000000,2.00000000,2.00000000,1.00000000,63.00000000,1862.73889802,7935.95379298,2597.18750000
2.00000000,2.00000000,2.00000000,1.00000000,64.00000000,9086.23466243,7935.95379298,15883.33333333
2.00000000,2.00000000,2.00000000,1.00000000,64.00000000,18952.81092783,7935.95379298,29650.39583333
2.00000000,2.00000000,2.00000000,1.00000000,64.00000000,664.69525934,7935.95379298,1022.70833333
2.00000000,2.00000000,2.00000000,1.00000000,64.00000000,1862.73889802,7935.95379298,2532.56250000
2.00000000,2.00000000,2.00000000,1.00000000,65.00000000,9086.23466243,7935.95379298,17781.95833333
2.00000000,2.00000000,2.00000000,1.00000000,65.00000000,18952.81092783,7935.95379298,34141.37500000
2.00000000,2.00000000,2.00000000,1.00000000,65.00000000,664.69525934,7935.95379298,1085.91666667
2.00000000,2.00000000,2.00000000,1.00000000,65.00000000,1862.73889802,7935.95379298,2731.25000000
2.00000000,2.00000000,2.00000000,1.00000000,66.00000000,9086.23466243,7935.95379298,17875.79166667
2.00000000,2.00000000,2.00000000,1.00000000,66.00000000,18952.81092783,7935.95379298,33591.52083333
2.00000000,2.00000000,2.00000000,1.00000000,66.00000000,664.69525934,7935.95379298,1085.41666667
2.00000000,2.00000000,2.00000000,1.00000000,66.00000000,1862.73889802,7935.95379298,2796.06250000
2.00000000,2.00000000,2.00000000,1.00000000,67.00000000,9086.23466243,7935.95379298,19775.45833333
2.00000000,2.00000000,2.00000000,1.00000000,67.00000000,18952.81092783,7935.95379298,38630.14583333
2.00000000,2.00000000,2.00000000,1.00000000,67.00000000,664.69525934,7935.95379298,1133.16666667
2.00000000,2.00000000,2.00000000,1.00000000,67.00000000,1862.73889802,7935.95379298,3128.37500000
2.00000000,2.00000000,2.00000000,1.00000000,68.00000000,9086.23466243,7935.95379298,15346.41666667
2.00000000,2.00000000,2.00000000,1.00000000,68.00000000,18952.81092783,7935.95379298,25870.54166667
2.00000000,2.00000000,2.00000000,1.00000000,68.00000000,664.69525934,7935.95379298,1033.50000000
2.00000000,2.00000000,2.00000000,1.00000000,68.00000000,1862.73889802,7935.95379298,2300.70833333
2.00000000,2.00000000,2.00000000,1.00000000,69.00000000,9086.23466243,7935.95379298,16949.70833333
2.00000000,2.00000000,2.00000000,1.00000000,69.00000000,18952.81092783,7935.95379298,29665.39583333
2.00000000,2.00000000,2.00000000,1.00000000,69.00000000,721.71647525,7935.95379298,1764.41666667
2.00000000,2.00000000,2.00000000,1.00000000,69.00000000,664.69525934,7935.95379298,1096.95833333
2.00000000,2.00000000,2.00000000,1.00000000,69.00000000,4888.31940462,7935.95379298,7337.43750000
2.00000000,2.00000000,2.00000000,1.00000000,69.00000000,1862.73889802,7935.95379298,2414.18750000
2.00000000,2.00000000,2.00000000,1.00000000,70.00000000,9086.23466243,7935.95379298,16981.87500000
2.00000000,2.00000000,2.00000000,1.00000000,70.00000000,18952.81092783,7935.95379298,29255.02083333
2.00000000,2.00000000,2.00000000,1.00000000,70.00000000,721.71647525,7935.95379298,1713.66666667
2.00000000,2.00000000,2.00000000,1.00000000,70.00000000,664.69525934,7935.95379298,485.33333333
2.00000000,2.00000000,2.00000000,1.00000000,70.00000000,664.69525934,2860.21968498,1176.70833333
2.00000000,2.00000000,2.00000000,1.00000000,70.00000000,664.69525934,4396.44904107,534.29166667
2.00000000,2.00000000,2.00000000,1.00000000,70.00000000,664.69525934,5583.09470814,1168.66666667
2.00000000,2.00000000,2.00000000,1.00000000,70.00000000,664.69525934,4604.85339131,1150.58333333
2.00000000,2.00000000,2.00000000,1.00000000,70.00000000,4888.31940462,7935.95379298,7495.79166667
2.00000000,2.00000000,2.00000000,1.00000000,70.00000000,1862.73889802,7935.95379298,2435.10416667
2.00000000,2.00000000,2.00000000,1.00000000,71.00000000,9086.23466243,7935.95379298,18651.79166667
2.00000000,2.00000000,2.00000000,1.00000000,71.00000000,18952.81092783,7935.95379298,33973.81250000
2.00000000,2.00000000,2.00000000,1.00000000,71.00000000,721.71647525,7935.95379298,1641.41666667
2.00000000,2.00000000,2.00000000,1.00000000,71.00000000,4888.31940462,7935.95379298,7383.66666667
2.00000000,2.00000000,2.00000000,1.00000000,71.00000000,1862.73889802,7935.95379298,2783.39583333
2.00000000,2.00000000,2.00000000,1.00000000,72.00000000,9086.23466243,7935.95379298,17699.54166667
2.00000000,2.00000000,2.00000000,1.00000000,72.00000000,18952.81092783,7935.95379298,31886.77083333
2.00000000,2.00000000,2.00000000,1.00000000,72.00000000,721.71647525,7935.95379298,1622.41666667
2.00000000,2.00000000,2.00000000,1.00000000,72.00000000,4888.31940462,7935.95379298,7410.22916667
2.00000000,2.00000000,2.00000000,1.00000000,72.00000000,1862.73889802,7935.95379298,2704.58333333
2.00000000,2.00000000,2.00000000,1.00000000,73.00000000,9086.23466243,7935.95379298,19987.16666667
2.00000000,2.00000000,2.00000000,1.00000000,73.00000000,18952.81092783,7935.95379298,37423.29166667
2.00000000,2.00000000,2.00000000,1.00000000,73.00000000,721.71647525,7935.95379298,1421.50000000
2.00000000,2.00000000,2.00000000,1.00000000,73.00000000,4888.31940462,7935.95379298,7266.52083333
2.00000000,2.00000000,2.00000000,1.00000000,73.00000000,1862.73889802,7935.95379298,3036.72916667
2.00000000,2.00000000,2.00000000,1.00000000,74.00000000,9086.23466243,7935.95379298,19541.83333333
2.00000000,2.00000000,2.00000000,1.00000000,74.00000000,18952.81092783,7935.95379298,35631.75000000
2.00000000,2.00000000,2.00000000,1.00000000,74.00000000,721.71647525,7935.95379298,1626.14583333
2.00000000,2.00000000,2.00000000,1.00000000,74.00000000,4888.31940462,7935.95379298,7416.75000000
2.00000000,2.00000000,2.00000000,1.00000000,74.00000000,1862.73889802,7935.95379298,2920.22916667
2.00000000,2.00000000,2.00000000,1.00000000,75.00000000,9086.23466243,7935.95379298,21973.08333333
2.00000000,2.00000000,2.00000000,1.00000000,75.00000000,18952.81092783,7935.95379298,40673.10416667
2.00000000,2.00000000,2.00000000,1.00000000,75.00000000,721.71647525,7935.95379298,1561.41666667
2.00000000,2.00000000,2.00000000,1.00000000,75.00000000,4888.31940462,7935.95379298,7293.27083333
2.00000000,2.00000000,2.00000000,1.00000000,75.00000000,1862.73889802,7935.95379298,3277.35416667
2.00000000,2.00000000,2.00000000,1.00000000,76.00000000,9086.23466243,7935.95379298,16215.62500000
2.00000000,2.00000000,2.00000000,1.00000000,76.00000000,18952.81092783,7935.95379298,27507.52083333
2.00000000,2.00000000,2.00000000,1.00000000,76.00000000,721.71647525,7935.95379298,1708.25000000
2.00000000,2.00000000,2.00000000,1.00000000,76.00000000,4888.31940462,7935.95379298,7321.00000000
2.00000000,2.00000000,2.00000000,1.00000000,76.00000000,1862.73889802,7935.95379298,2416.27083333
2.00000000,2.00000000,2.00000000,1.00000000,77.00000000,9086.23466243,7935.95379298,18192.25000000
2.00000000,2.00000000,2.00000000,1.00000000,77.00000000,18952.81092783,7935.95379298,32427.91666667
2.00000000,2.00000000,2.00000000,1.00000000,77.00000000,721.71647525,7935.95379298,1510.04166667
2.00000000,2.00000000,2.00000000,1.00000000,77.00000000,4888.31940462,7935.95379298,7256.79166667
2.00000000,2.00000000,2.00000000,1.00000000,77.00000000,1862.73889802,7935.95379298,2638.91666667
2.00000000,2.00000000,2.00000000,1.00000000,78.00000000,9086.23466243,7935.95379298,18093.91666667
2.00000000,2.00000000,2.00000000,1.00000000,78.00000000,18952.81092783,7935.95379298,31308.31250000
2.00000000,2.00000000,2.00000000,1.00000000,78.00000000,721.71647525,7935.95379298,1745.91666667
2.00000000,2.00000000,2.00000000,1.00000000,78.00000000,4888.31940462,7935.95379298,7469.58333333
2.00000000,2.00000000,2.00000000,1.00000000,78.00000000,1862.73889802,7935.95379298,2579.68750000
2.00000000,2.00000000,2.00000000,1.00000000,79.00000000,9086.23466243,7935.95379298,20010.83333333
2.00000000,2.00000000,2.00000000,1.00000000,79.00000000,18952.81092783,7935.95379298,36975.97916667
2.00000000,2.00000000,2.00000000,1.00000000,79.00000000,721.71647525,7935.95379298,1651.37500000
2.00000000,2.00000000,2.00000000,1.00000000,79.00000000,4888.31940462,7935.95379298,7374.68750000
2.00000000,2.00000000,2.00000000,1.00000000,79.00000000,1862.73889802,7935.95379298,2968.83333333
2.00000000,2.00000000,2.00000000,1.00000000,80.00000000,9086.23466243,7935.95379298,17135.54166667
2.00000000,2.00000000,2.00000000,1.00000000,80.00000000,18952.81092783,7935.95379298,7150.85416667
2.00000000,2.00000000,2.00000000,1.00000000,80.00000000,18952.81092783,2860.21968498,7453.56250000
2.00000000,2.00000000,2.00000000,1.00000000,80.00000000,18952.81092783,4396.44904107,36147.14583333
2.00000000,2.00000000,2.00000000,1.00000000,80.00000000,18952.81092783,5583.09470814,37931.75000000
2.00000000,2.00000000,2.00000000,1.00000000,80.00000000,18952.81092783,4604.85339131,34097.29166667
2.00000000,2.00000000,2.00000000,1.00000000,80.00000000,721.71647525,7935.95379298,131.85416667
2.00000000,2.00000000,2.00000000,1.00000000,80.00000000,721.71647525,2860.21968498,127.06250000
2.00000000,2.00000000,2.00000000,1.00000000,80.00000000,721.71647525,4396.44904107,1650.33333333
2.00000000,2.00000000,2.00000000,1.00000000,80.00000000,721.71647525,5583.09470814,1520.16666667
2.00000000,2.00000000,2.00000000,1.00000000,80.00000000,721.71647525,4604.85339131,1726.70833333
2.00000000,2.00000000,2.00000000,1.00000000,80.00000000,4888.31940462,7935.95379298,7354.37500000
2.00000000,2.00000000,2.00000000,1.00000000,80.00000000,1862.73889802,7935.95379298,653.22916667
2.00000000,2.00000000,2.00000000,1.00000000,80.00000000,1862.73889802,2860.21968498,683.60416667
2.00000000,2.00000000,2.00000000,1.00000000,80.00000000,1862.73889802,4396.44904107,2982.25000000
2.00000000,2.00000000,2.00000000,1.00000000,80.00000000,1862.73889802,5583.09470814,3077.64583333
2.00000000,2.00000000,2.00000000,1.00000000,80.00000000,1862.73889802,4604.85339131,2810.68750000
2.00000000,2.00000000,2.00000000,1.00000000,81.00000000,9086.23466243,7935.95379298,19010.79166667
2.00000000,2.00000000,2.00000000,1.00000000,81.00000000,4888.31940462,7935.95379298,7129.70833333
2.00000000,2.00000000,2.00000000,1.00000000,82.00000000,9086.23466243,7935.95379298,19555.54166667
2.00000000,2.00000000,2.00000000,1.00000000,82.00000000,4888.31940462,7935.95379298,7332.95833333
2.00000000,2.00000000,2.00000000,1.00000000,83.00000000,9086.23466243,7935.95379298,21271.16666667
2.00000000,2.00000000,2.00000000,1.00000000,83.00000000,4888.31940462,7935.95379298,7117.43750000
2.00000000,2.00000000,2.00000000,1.00000000,84.00000000,9086.23466243,7935.95379298,15953.16666667
2.00000000,2.00000000,2.00000000,1.00000000,84.00000000,4888.31940462,7935.95379298,7283.27083333
2.00000000,2.00000000,2.00000000,1.00000000,85.00000000,9086.23466243,7935.95379298,17470.54166667
2.00000000,2.00000000,2.00000000,1.00000000,85.00000000,4888.31940462,7935.95379298,7043.93750000
2.00000000,2.00000000,2.00000000,1.00000000,86.00000000,9086.23466243,7935.95379298,17668.41666667
2.00000000,2.00000000,2.00000000,1.00000000,86.00000000,4888.31940462,7935.95379298,7397.62500000
2.00000000,2.00000000,2.00000000,1.00000000,87.00000000,9086.23466243,7935.95379298,19462.20833333
2.00000000,2.00000000,2.00000000,1.00000000,87.00000000,4888.31940462,7935.95379298,7221.85416667
2.00000000,2.00000000,2.00000000,1.00000000,88.00000000,9086.23466243,7935.95379298,18201.54166667
2.00000000,2.00000000,2.00000000,1.00000000,88.00000000,4888.31940462,7935.95379298,7256.00000000
2.00000000,2.00000000,2.00000000,1.00000000,89.00000000,9086.23466243,7935.95379298,19728.16666667
2.00000000,2.00000000,2.00000000,1.00000000,89.00000000,4888.31940462,7935.95379298,7156.58333333
2.00000000,2.00000000,2.00000000,1.00000000,90.00000000,9086.23466243,7935.95379298,312.16666667
2.00000000,2.00000000,2.00000000,1.00000000,90.00000000,9086.23466243,2860.21968498,8841.12500000
2.00000000,2.00000000,2.00000000,1.00000000,90.00000000,9086.23466243,4396.44904107,333.50000000
2.00000000,2.00000000,2.00000000,1.00000000,90.00000000,9086.23466243,5583.09470814,23464.66666667
2.00000000,2.00000000,2.00000000,1.00000000,90.00000000,9086.23466243,4604.85339131,20901.00000000
2.00000000,2.00000000,2.00000000,1.00000000,90.00000000,4888.31940462,7935.95379298,82.02083333
2.00000000,2.00000000,2.00000000,1.00000000,90.00000000,4888.31940462,2860.21968498,1217.52083333
2.00000000,2.00000000,2.00000000,1.00000000,90.00000000,4888.31940462,4396.44904107,8721.14583333
2.00000000,2.00000000,2.00000000,1.00000000,90.00000000,4888.31940462,5583.09470814,7825.62500000
2.00000000,2.00000000,2.00000000,1.00000000,90.00000000,4888.31940462,4604.85339131,78.79166667
2.00000000,3.00000000,2.00000000,0.00000000,59.00000000,9086.23466243,7935.95379298,16739.04166667
2.00000000,3.00000000,2.00000000,0.00000000,59.00000000,18952.81092783,7935.95379298,39670.04166667
2.00000000,3.00000000,2.00000000,0.00000000,59.00000000,664.69525934,7935.95379298,842.95833333
2.00000000,3.00000000,2.00000000,0.00000000,59.00000000,1862.73889802,7935.95379298,1327.20833333
2.00000000,3.00000000,2.00000000,0.00000000,60.00000000,9086.23466243,7935.95379298,11861.00000000
2.00000000,3.00000000,2.00000000,0.00000000,60.00000000,18952.81092783,7935.95379298,27674.08333333
2.00000000,3.00000000,2.00000000,0.00000000,60.00000000,664.69525934,7935.95379298,773.25000000
2.00000000,3.00000000,2.00000000,0.00000000,60.00000000,1862.73889802,7935.95379298,903.70833333
2.00000000,3.00000000,2.00000000,0.00000000,61.00000000,9086.23466243,7935.95379298,13457.70833333
2.00000000,3.00000000,2.00000000,0.00000000,61.00000000,18952.81092783,7935.95379298,31959.45833333
2.00000000,3.00000000,2.00000000,0.00000000,61.00000000,664.69525934,7935.95379298,803.08333333
2.00000000,3.00000000,2.00000000,0.00000000,61.00000000,1862.73889802,7935.95379298,943.58333333
2.00000000,3.00000000,2.00000000,0.00000000,62.00000000,9086.23466243,7935.95379298,13017.08333333
2.00000000,3.00000000,2.00000000,0.00000000,62.00000000,18952.81092783,7935.95379298,30492.95833333
2.00000000,3.00000000,2.00000000,0.00000000,62.00000000,664.69525934,7935.95379298,780.41666667
2.00000000,3.00000000,2.00000000,0.00000000,62.00000000,1862.73889802,7935.95379298,930.50000000
2.00000000,3.00000000,2.00000000,0.00000000,63.00000000,9086.23466243,7935.95379298,14320.58333333
2.00000000,3.00000000,2.00000000,0.00000000,63.00000000,18952.81092783,7935.95379298,32823.00000000
2.00000000,3.00000000,2.00000000,0.00000000,63.00000000,664.69525934,7935.95379298,829.95833333
2.00000000,3.00000000,2.00000000,0.00000000,63.00000000,1862.73889802,7935.95379298,972.75000000
2.00000000,3.00000000,2.00000000,0.00000000,64.00000000,9086.23466243,7935.95379298,10384.08333333
2.00000000,3.00000000,2.00000000,0.00000000,64.00000000,18952.81092783,7935.95379298,24532.54166667
2.00000000,3.00000000,2.00000000,0.00000000,64.00000000,664.69525934,7935.95379298,635.29166667
2.00000000,3.00000000,2.00000000,0.00000000,64.00000000,1862.73889802,7935.95379298,908.95833333
2.00000000,3.00000000,2.00000000,0.00000000,65.00000000,9086.23466243,7935.95379298,12516.62500000
2.00000000,3.00000000,2.00000000,0.00000000,65.00000000,18952.81092783,7935.95379298,29321.50000000
2.00000000,3.00000000,2.00000000,0.00000000,65.00000000,664.69525934,7935.95379298,690.70833333
2.00000000,3.00000000,2.00000000,0.00000000,65.00000000,1862.73889802,7935.95379298,965.83333333
2.00000000,3.00000000,2.00000000,0.00000000,66.00000000,9086.23466243,7935.95379298,12204.79166667
2.00000000,3.00000000,2.00000000,0.00000000,66.00000000,18952.81092783,7935.95379298,28473.41666667
2.00000000,3.00000000,2.00000000,0.00000000,66.00000000,664.69525934,7935.95379298,692.33333333
2.00000000,3.00000000,2.00000000,0.00000000,66.00000000,1862.73889802,7935.95379298,999.79166667
2.00000000,3.00000000,2.00000000,0.00000000,67.00000000,9086.23466243,7935.95379298,14441.75000000
2.00000000,3.00000000,2.00000000,0.00000000,67.00000000,18952.81092783,7935.95379298,33097.20833333
2.00000000,3.00000000,2.00000000,0.00000000,67.00000000,664.69525934,7935.95379298,743.04166667
2.00000000,3.00000000,2.00000000,0.00000000,67.00000000,1862.73889802,7935.95379298,1141.08333333
2.00000000,3.00000000,2.00000000,0.00000000,68.00000000,9086.23466243,7935.95379298,10022.33333333
2.00000000,3.00000000,2.00000000,0.00000000,68.00000000,18952.81092783,7935.95379298,21373.37500000
2.00000000,3.00000000,2.00000000,0.00000000,68.00000000,664.69525934,7935.95379298,640.04166667
2.00000000,3.00000000,2.00000000,0.00000000,68.00000000,1862.73889802,7935.95379298,835.20833333
2.00000000,3.00000000,2.00000000,0.00000000,69.00000000,9086.23466243,7935.95379298,11647.50000000
2.00000000,3.00000000,2.00000000,0.00000000,69.00000000,18952.81092783,7935.95379298,25577.66666667
2.00000000,3.00000000,2.00000000,0.00000000,69.00000000,721.71647525,7935.95379298,457.62500000
2.00000000,3.00000000,2.00000000,0.00000000,69.00000000,664.69525934,7935.95379298,717.50000000
2.00000000,3.00000000,2.00000000,0.00000000,69.00000000,1862.73889802,7935.95379298,864.16666667
2.00000000,3.00000000,2.00000000,0.00000000,70.00000000,9086.23466243,7935.95379298,11435.29166667
2.00000000,3.00000000,2.00000000,0.00000000,70.00000000,18952.81092783,7935.95379298,24643.91666667
2.00000000,3.00000000,2.00000000,0.00000000,70.00000000,721.71647525,7935.95379298,447.20833333
2.00000000,3.00000000,2.00000000,0.00000000,70.00000000,664.69525934,7935.95379298,357.70833333
2.00000000,3.00000000,2.00000000,0.00000000,70.00000000,664.69525934,2860.21968498,785.08333333
2.00000000,3.00000000,2.00000000,0.00000000,70.00000000,664.69525934,4396.44904107,394.00000000
2.00000000,3.00000000,2.00000000,0.00000000,70.00000000,664.69525934,5583.09470814,775.62500000
2.00000000,3.00000000,2.00000000,0.00000000,70.00000000,1862.73889802,7935.95379298,893.66666667
2.00000000,3.00000000,2.00000000,0.00000000,71.00000000,9086.23466243,7935.95379298,13227.20833333
2.00000000,3.00000000,2.00000000,0.00000000,71.00000000,18952.81092783,7935.95379298,29357.12500000
2.00000000,3.00000000,2.00000000,0.00000000,71.00000000,721.71647525,7935.95379298,420.00000000
2.00000000,3.00000000,2.00000000,0.00000000,71.00000000,1862.73889802,7935.95379298,1013.66666667
2.00000000,3.00000000,2.00000000,0.00000000,72.00000000,9086.23466243,7935.95379298,11892.41666667
2.00000000,3.00000000,2.00000000,0.00000000,72.00000000,18952.81092783,7935.95379298,27071.33333333
2.00000000,3.00000000,2.00000000,0.00000000,72.00000000,721.71647525,7935.95379298,430.04166667
2.00000000,3.00000000,2.00000000,0.00000000,72.00000000,1862.73889802,7935.95379298,968.04166667
2.00000000,3.00000000,2.00000000,0.00000000,73.00000000,9086.23466243,7935.95379298,14420.00000000
2.00000000,3.00000000,2.00000000,0.00000000,73.00000000,18952.81092783,7935.95379298,32429.62500000
2.00000000,3.00000000,2.00000000,0.00000000,73.00000000,721.71647525,7935.95379298,410.20833333
2.00000000,3.00000000,2.00000000,0.00000000,73.00000000,1862.73889802,7935.95379298,1094.12500000
2.00000000,3.00000000,2.00000000,0.00000000,74.00000000,9086.23466243,7935.95379298,13831.83333333
2.00000000,3.00000000,2.00000000,0.00000000,74.00000000,18952.81092783,7935.95379298,30254.00000000
2.00000000,3.00000000,2.00000000,0.00000000,74.00000000,721.71647525,7935.95379298,446.58333333
2.00000000,3.00000000,2.00000000,0.00000000,74.00000000,1862.73889802,7935.95379298,1022.75000000
2.00000000,3.00000000,2.00000000,0.00000000,75.00000000,9086.23466243,7935.95379298,16537.95833333
2.00000000,3.00000000,2.00000000,0.00000000,75.00000000,18952.81092783,7935.95379298,35396.95833333
2.00000000,3.00000000,2.00000000,0.00000000,75.00000000,721.71647525,7935.95379298,412.91666667
2.00000000,3.00000000,2.00000000,0.00000000,75.00000000,1862.73889802,7935.95379298,1230.04166667
2.00000000,3.00000000,2.00000000,0.00000000,76.00000000,9086.23466243,7935.95379298,10863.75000000
2.00000000,3.00000000,2.00000000,0.00000000,76.00000000,18952.81092783,7935.95379298,22905.79166667
2.00000000,3.00000000,2.00000000,0.00000000,76.00000000,721.71647525,7935.95379298,434.58333333
2.00000000,3.00000000,2.00000000,0.00000000,76.00000000,1862.73889802,7935.95379298,873.87500000
2.00000000,3.00000000,2.00000000,0.00000000,77.00000000,9086.23466243,7935.95379298,13256.29166667
2.00000000,3.00000000,2.00000000,0.00000000,77.00000000,18952.81092783,7935.95379298,27642.20833333
2.00000000,3.00000000,2.00000000,0.00000000,77.00000000,721.71647525,7935.95379298,409.83333333
2.00000000,3.00000000,2.00000000,0.00000000,77.00000000,1862.73889802,7935.95379298,957.41666667
2.00000000,3.00000000,2.00000000,0.00000000,78.00000000,9086.23466243,7935.95379298,12714.45833333
2.00000000,3.00000000,2.00000000,0.00000000,78.00000000,18952.81092783,7935.95379298,26386.00000000
2.00000000,3.00000000,2.00000000,0.00000000,78.00000000,721.71647525,7935.95379298,452.54166667
2.00000000,3.00000000,2.00000000,0.00000000,78.00000000,1862.73889802,7935.95379298,955.04166667
2.00000000,3.00000000,2.00000000,0.00000000,79.00000000,9086.23466243,7935.95379298,14992.70833333
2.00000000,3.00000000,2.00000000,0.00000000,79.00000000,18952.81092783,7935.95379298,31569.70833333
2.00000000,3.00000000,2.00000000,0.00000000,79.00000000,721.71647525,7935.95379298,425.37500000
2.00000000,3.00000000,2.00000000,0.00000000,79.00000000,1862.73889802,7935.95379298,1097.95833333
2.00000000,3.00000000,2.00000000,0.00000000,80.00000000,9086.23466243,7935.95379298,11213.20833333
2.00000000,3.00000000,2.00000000,0.00000000,80.00000000,18952.81092783,7935.95379298,6111.83333333
2.00000000,3.00000000,2.00000000,0.00000000,80.00000000,18952.81092783,2860.21968498,6569.08333333
2.00000000,3.00000000,2.00000000,0.00000000,80.00000000,18952.81092783,4396.44904107,30916.54166667
2.00000000,3.00000000,2.00000000,0.00000000,80.00000000,18952.81092783,5583.09470814,32575.20833333
2.00000000,3.00000000,2.00000000,0.00000000,80.00000000,721.71647525,7935.95379298,91.54166667
2.00000000,3.00000000,2.00000000,0.00000000,80.00000000,721.71647525,2860.21968498,84.83333333
2.00000000,3.00000000,2.00000000,0.00000000,80.00000000,721.71647525,4396.44904107,442.75000000
2.00000000,3.00000000,2.00000000,0.00000000,80.00000000,721.71647525,5583.09470814,447.41666667
2.00000000,3.00000000,2.00000000,0.00000000,80.00000000,1862.73889802,7935.95379298,272.45833333
2.00000000,3.00000000,2.00000000,0.00000000,80.00000000,1862.73889802,2860.21968498,271.66666667
2.00000000,3.00000000,2.00000000,0.00000000,80.00000000,1862.73889802,4396.44904107,1069.95833333
2.00000000,3.00000000,2.00000000,0.00000000,80.00000000,1862.73889802,5583.09470814,1118.79166667
2.00000000,3.00000000,2.00000000,0.00000000,81.00000000,9086.23466243,7935.95379298,13723.62500000
2.00000000,3.00000000,2.00000000,0.00000000,82.00000000,9086.23466243,7935.95379298,13424.25000000
2.00000000,3.00000000,2.00000000,0.00000000,83.00000000,9086.23466243,7935.95379298,15716.83333333
2.00000000,3.00000000,2.00000000,0.00000000,84.00000000,9086.23466243,7935.95379298,10541.54166667
2.00000000,3.00000000,2.00000000,0.00000000,85.00000000,9086.23466243,7935.95379298,12536.20833333
2.00000000,3.00000000,2.00000000,0.00000000,86.00000000,9086.23466243,7935.95379298,12223.16666667
2.00000000,3.00000000,2.00000000,0.00000000,87.00000000,9086.23466243,7935.95379298,14295.25000000
2.00000000,3.00000000,2.00000000,0.00000000,88.00000000,9086.23466243,7935.95379298,12440.37500000
2.00000000,3.00000000,2.00000000,0.00000000,89.00000000,9086.23466243,7935.95379298,14557.25000000
2.00000000,3.00000000,2.00000000,0.00000000,90.00000000,9086.23466243,7935.95379298,249.66666667
2.00000000,3.00000000,2.00000000,0.00000000,90.00000000,9086.23466243,2860.21968498,6126.12500000
2.00000000,3.00000000,2.00000000,0.00000000,90.00000000,9086.23466243,4396.44904107,272.29166667
2.00000000,3.00000000,2.00000000,0.00000000,90.00000000,9086.23466243,5583.09470814,16347.20833333
2.00000000,3.00000000,2.00000000,1.00000000,59.00000000,9086.23466243,7935.95379298,19136.63333333
2.00000000,3.00000000,2.00000000,1.00000000,59.00000000,18952.81092783,7935.95379298,41602.16666667
2.00000000,3.00000000,2.00000000,1.00000000,59.00000000,664.69525934,7935.95379298,1290.48333333
2.00000000,3.00000000,2.00000000,1.00000000,59.00000000,1862.73889802,7935.95379298,4739.60000000
2.00000000,3.00000000,2.00000000,1.00000000,60.00000000,9086.23466243,7935.95379298,15103.55833333
2.00000000,3.00000000,2.00000000,1.00000000,60.00000000,18952.81092783,7935.95379298,29371.26666667
2.00000000,3.00000000,2.00000000,1.00000000,60.00000000,664.69525934,7935.95379298,1222.02500000
2.00000000,3.00000000,2.00000000,1.00000000,60.00000000,1862.73889802,7935.95379298,3536.18333333
2.00000000,3.00000000,2.00000000,1.00000000,61.00000000,9086.23466243,7935.95379298,15871.10000000
2.00000000,3.00000000,2.00000000,1.00000000,61.00000000,18952.81092783,7935.95379298,32508.36666667
2.00000000,3.00000000,2.00000000,1.00000000,61.00000000,664.69525934,7935.95379298,1259.89166667
2.00000000,3.00000000,2.00000000,1.00000000,61.00000000,1862.73889802,7935.95379298,3492.42500000
2.00000000,3.00000000,2.00000000,1.00000000,62.00000000,9086.23466243,7935.95379298,15812.31666667
2.00000000,3.00000000,2.00000000,1.00000000,62.00000000,18952.81092783,7935.95379298,32002.17500000
2.00000000,3.00000000,2.00000000,1.00000000,62.00000000,664.69525934,7935.95379298,1244.69166667
2.00000000,3.00000000,2.00000000,1.00000000,62.00000000,1862.73889802,7935.95379298,3671.95833333
2.00000000,3.00000000,2.00000000,1.00000000,63.00000000,9086.23466243,7935.95379298,16262.96666667
2.00000000,3.00000000,2.00000000,1.00000000,63.00000000,18952.81092783,7935.95379298,33387.80833333
2.00000000,3.00000000,2.00000000,1.00000000,63.00000000,664.69525934,7935.95379298,1237.49166667
2.00000000,3.00000000,2.00000000,1.00000000,63.00000000,1862.73889802,7935.95379298,3537.38333333
2.00000000,3.00000000,2.00000000,1.00000000,64.00000000,9086.23466243,7935.95379298,13685.86666667
2.00000000,3.00000000,2.00000000,1.00000000,64.00000000,18952.81092783,7935.95379298,27994.02500000
2.00000000,3.00000000,2.00000000,1.00000000,64.00000000,664.69525934,7935.95379298,1070.53333333
2.00000000,3.00000000,2.00000000,1.00000000,64.00000000,1862.73889802,7935.95379298,3491.35000000
2.00000000,3.00000000,2.00000000,1.00000000,65.00000000,9086.23466243,7935.95379298,15329.48333333
2.00000000,3.00000000,2.00000000,1.00000000,65.00000000,18952.81092783,7935.95379298,32508.41666667
2.00000000,3.00000000,2.00000000,1.00000000,65.00000000,664.69525934,7935.95379298,1133.90000000
2.00000000,3.00000000,2.00000000,1.00000000,65.00000000,1862.73889802,7935.95379298,3687.50833333
2.00000000,3.00000000,2.00000000,1.00000000,66.00000000,9086.23466243,7935.95379298,15472.74166667
2.00000000,3.00000000,2.00000000,1.00000000,66.00000000,18952.81092783,7935.95379298,31910.64166667
2.00000000,3.00000000,2.00000000,1.00000000,66.00000000,664.69525934,7935.95379298,1118.90000000
2.00000000,3.00000000,2.00000000,1.00000000,66.00000000,1862.73889802,7935.95379298,3769.20000000
2.00000000,3.00000000,2.00000000,1.00000000,67.00000000,9086.23466243,7935.95379298,17152.61666667
2.00000000,3.00000000,2.00000000,1.00000000,67.00000000,18952.81092783,7935.95379298,36755.10000000
2.00000000,3.00000000,2.00000000,1.00000000,67.00000000,664.69525934,7935.95379298,1193.68333333
2.00000000,3.00000000,2.00000000,1.00000000,67.00000000,1862.73889802,7935.95379298,4251.22500000
2.00000000,3.00000000,2.00000000,1.00000000,68.00000000,9086.23466243,7935.95379298,13173.78333333
2.00000000,3.00000000,2.00000000,1.00000000,68.00000000,18952.81092783,7935.95379298,24726.77500000
2.00000000,3.00000000,2.00000000,1.00000000,68.00000000,664.69525934,7935.95379298,1087.60000000
2.00000000,3.00000000,2.00000000,1.00000000,68.00000000,1862.73889802,7935.95379298,3200.97500000
2.00000000,3.00000000,2.00000000,1.00000000,69.00000000,9086.23466243,7935.95379298,14430.04166667
2.00000000,3.00000000,2.00000000,1.00000000,69.00000000,18952.81092783,7935.95379298,28220.52500000
2.00000000,3.00000000,2.00000000,1.00000000,69.00000000,721.71647525,7935.95379298,1715.25000000
2.00000000,3.00000000,2.00000000,1.00000000,69.00000000,664.69525934,7935.95379298,1159.31666667
2.00000000,3.00000000,2.00000000,1.00000000,69.00000000,4888.31940462,7935.95379298,7877.80833333
2.00000000,3.00000000,2.00000000,1.00000000,69.00000000,1862.73889802,7935.95379298,3274.65000000
2.00000000,3.00000000,2.00000000,1.00000000,70.00000000,9086.23466243,7935.95379298,14385.09166667
2.00000000,3.00000000,2.00000000,1.00000000,70.00000000,18952.81092783,7935.95379298,27941.70000000
2.00000000,3.00000000,2.00000000,1.00000000,70.00000000,721.71647525,7935.95379298,1696.57500000
2.00000000,3.00000000,2.00000000,1.00000000,70.00000000,664.69525934,7935.95379298,527.16666667
2.00000000,3.00000000,2.00000000,1.00000000,70.00000000,664.69525934,2860.21968498,1237.52500000
2.00000000,3.00000000,2.00000000,1.00000000,70.00000000,664.69525934,4396.44904107,583.25000000
2.00000000,3.00000000,2.00000000,1.00000000,70.00000000,664.69525934,5583.09470814,1266.42500000
2.00000000,3.00000000,2.00000000,1.00000000,70.00000000,664.69525934,4604.85339131,1243.83333333
2.00000000,3.00000000,2.00000000,1.00000000,70.00000000,4888.31940462,7935.95379298,8058.69166667
2.00000000,3.00000000,2.00000000,1.00000000,70.00000000,1862.73889802,7935.95379298,3312.72500000
2.00000000,3.00000000,2.00000000,1.00000000,71.00000000,9086.23466243,7935.95379298,15919.77500000
2.00000000,3.00000000,2.00000000,1.00000000,71.00000000,18952.81092783,7935.95379298,32261.17500000
2.00000000,3.00000000,2.00000000,1.00000000,71.00000000,721.71647525,7935.95379298,1663.95000000
2.00000000,3.00000000,2.00000000,1.00000000,71.00000000,4888.31940462,7935.95379298,7922.22500000
2.00000000,3.00000000,2.00000000,1.00000000,71.00000000,1862.73889802,7935.95379298,3734.40000000
2.00000000,3.00000000,2.00000000,1.00000000,72.00000000,9086.23466243,7935.95379298,15199.91666667
2.00000000,3.00000000,2.00000000,1.00000000,72.00000000,18952.81092783,7935.95379298,30267.55000000
2.00000000,3.00000000,2.00000000,1.00000000,72.00000000,721.71647525,7935.95379298,1622.39166667
2.00000000,3.00000000,2.00000000,1.00000000,72.00000000,4888.31940462,7935.95379298,7953.23333333
2.00000000,3.00000000,2.00000000,1.00000000,72.00000000,1862.73889802,7935.95379298,3604.44166667
2.00000000,3.00000000,2.00000000,1.00000000,73.00000000,9086.23466243,7935.95379298,17220.92500000
2.00000000,3.00000000,2.00000000,1.00000000,73.00000000,18952.81092783,7935.95379298,35555.80833333
2.00000000,3.00000000,2.00000000,1.00000000,73.00000000,721.71647525,7935.95379298,1445.50833333
2.00000000,3.00000000,2.00000000,1.00000000,73.00000000,4888.31940462,7935.95379298,7801.85833333
2.00000000,3.00000000,2.00000000,1.00000000,73.00000000,1862.73889802,7935.95379298,4094.00000000
2.00000000,3.00000000,2.00000000,1.00000000,74.00000000,9086.23466243,7935.95379298,16957.41666667
2.00000000,3.00000000,2.00000000,1.00000000,74.00000000,18952.81092783,7935.95379298,33842.83333333
2.00000000,3.00000000,2.00000000,1.00000000,74.00000000,721.71647525,7935.95379298,1632.35000000
2.00000000,3.00000000,2.00000000,1.00000000,74.00000000,4888.31940462,7935.95379298,8071.12500000
2.00000000,3.00000000,2.00000000,1.00000000,74.00000000,1862.73889802,7935.95379298,4024.11666667
2.00000000,3.00000000,2.00000000,1.00000000,75.00000000,9086.23466243,7935.95379298,18952.53333333
2.00000000,3.00000000,2.00000000,1.00000000,75.00000000,18952.81092783,7935.95379298,38762.84166667
2.00000000,3.00000000,2.00000000,1.00000000,75.00000000,721.71647525,7935.95379298,1540.60000000
2.00000000,3.00000000,2.00000000,1.00000000,75.00000000,4888.31940462,7935.95379298,7875.50833333
2.00000000,3.00000000,2.00000000,1.00000000,75.00000000,1862.73889802,7935.95379298,4453.78333333
2.00000000,3.00000000,2.00000000,1.00000000,76.00000000,9086.23466243,7935.95379298,14045.36666667
2.00000000,3.00000000,2.00000000,1.00000000,76.00000000,18952.81092783,7935.95379298,26250.52500000
2.00000000,3.00000000,2.00000000,1.00000000,76.00000000,721.71647525,7935.95379298,1667.40000000
2.00000000,3.00000000,2.00000000,1.00000000,76.00000000,4888.31940462,7935.95379298,7937.20833333
2.00000000,3.00000000,2.00000000,1.00000000,76.00000000,1862.73889802,7935.95379298,3242.74166667
2.00000000,3.00000000,2.00000000,1.00000000,77.00000000,9086.23466243,7935.95379298,15737.09166667
2.00000000,3.00000000,2.00000000,1.00000000,77.00000000,18952.81092783,7935.95379298,30761.56666667
2.00000000,3.00000000,2.00000000,1.00000000,77.00000000,721.71647525,7935.95379298,1461.90000000
2.00000000,3.00000000,2.00000000,1.00000000,77.00000000,4888.31940462,7935.95379298,7835.65000000
2.00000000,3.00000000,2.00000000,1.00000000,77.00000000,1862.73889802,7935.95379298,3556.11666667
2.00000000,3.00000000,2.00000000,1.00000000,78.00000000,9086.23466243,7935.95379298,15636.92500000
2.00000000,3.00000000,2.00000000,1.00000000,78.00000000,18952.81092783,7935.95379298,29784.76666667
2.00000000,3.00000000,2.00000000,1.00000000,78.00000000,721.71647525,7935.95379298,1702.17500000
2.00000000,3.00000000,2.00000000,1.00000000,78.00000000,4888.31940462,7935.95379298,8030.86666667
2.00000000,3.00000000,2.00000000,1.00000000,78.00000000,1862.73889802,7935.95379298,3555.66666667
2.00000000,3.00000000,2.00000000,1.00000000,79.00000000,9086.23466243,7935.95379298,17386.63333333
2.00000000,3.00000000,2.00000000,1.00000000,79.00000000,18952.81092783,7935.95379298,34993.51666667
2.00000000,3.00000000,2.00000000,1.00000000,79.00000000,721.71647525,7935.95379298,1619.99166667
2.00000000,3.00000000,2.00000000,1.00000000,79.00000000,4888.31940462,7935.95379298,7956.01666667
2.00000000,3.00000000,2.00000000,1.00000000,79.00000000,1862.73889802,7935.95379298,4051.89166667
2.00000000,3.00000000,2.00000000,1.00000000,80.00000000,9086.23466243,7935.95379298,14721.07500000
2.00000000,3.00000000,2.00000000,1.00000000,80.00000000,18952.81092783,7935.95379298,6826.71666667
2.00000000,3.00000000,2.00000000,1.00000000,80.00000000,18952.81092783,2860.21968498,7162.42500000
2.00000000,3.00000000,2.00000000,1.00000000,80.00000000,18952.81092783,4396.44904107,34314.56666667
2.00000000,3.00000000,2.00000000,1.00000000,80.00000000,18952.81092783,5583.09470814,36101.85000000
2.00000000,3.00000000,2.00000000,1.00000000,80.00000000,18952.81092783,4604.85339131,32349.94166667
2.00000000,3.00000000,2.00000000,1.00000000,80.00000000,721.71647525,7935.95379298,125.51666667
2.00000000,3.00000000,2.00000000,1.00000000,80.00000000,721.71647525,2860.21968498,123.25000000
2.00000000,3.00000000,2.00000000,1.00000000,80.00000000,721.71647525,4396.44904107,1601.30833333
2.00000000,3.00000000,2.00000000,1.00000000,80.00000000,721.71647525,5583.09470814,1525.90833333
2.00000000,3.00000000,2.00000000,1.00000000,80.00000000,721.71647525,4604.85339131,1725.80833333
2.00000000,3.00000000,2.00000000,1.00000000,80.00000000,4888.31940462,7935.95379298,7918.48333333
2.00000000,3.00000000,2.00000000,1.00000000,80.00000000,1862.73889802,7935.95379298,879.67500000
2.00000000,3.00000000,2.00000000,1.00000000,80.00000000,1862.73889802,2860.21968498,914.87500000
2.00000000,3.00000000,2.00000000,1.00000000,80.00000000,1862.73889802,4396.44904107,3993.55000000
2.00000000,3.00000000,2.00000000,1.00000000,80.00000000,1862.73889802,5583.09470814,4093.28333333
2.00000000,3.00000000,2.00000000,1.00000000,80.00000000,1862.73889802,4604.85339131,3755.75833333
2.00000000,3.00000000,2.00000000,1.00000000,81.00000000,9086.23466243,7935.95379298,16501.11666667
2.00000000,3.00000000,2.00000000,1.00000000,81.00000000,4888.31940462,7935.95379298,7633.04166667
2.00000000,3.00000000,2.00000000,1.00000000,82.00000000,9086.23466243,7935.95379298,16757.59166667
2.00000000,3.00000000,2.00000000,1.00000000,82.00000000,4888.31940462,7935.95379298,7966.07500000
2.00000000,3.00000000,2.00000000,1.00000000,83.00000000,9086.23466243,7935.95379298,18241.95000000
2.00000000,3.00000000,2.00000000,1.00000000,83.00000000,4888.31940462,7935.95379298,7776.91666667
2.00000000,3.00000000,2.00000000,1.00000000,84.00000000,9086.23466243,7935.95379298,13713.03333333
2.00000000,3.00000000,2.00000000,1.00000000,84.00000000,4888.31940462,7935.95379298,7921.88333333
2.00000000,3.00000000,2.00000000,1.00000000,85.00000000,9086.23466243,7935.95379298,15027.56666667
2.00000000,3.00000000,2.00000000,1.00000000,85.00000000,4888.31940462,7935.95379298,7660.59166667
2.00000000,3.00000000,2.00000000,1.00000000,86.00000000,9086.23466243,7935.95379298,15241.53333333
2.00000000,3.00000000,2.00000000,1.00000000,86.00000000,4888.31940462,7935.95379298,7981.43333333
2.00000000,3.00000000,2.00000000,1.00000000,87.00000000,9086.23466243,7935.95379298,16924.25833333
2.00000000,3.00000000,2.00000000,1.00000000,87.00000000,4888.31940462,7935.95379298,7745.39166667
2.00000000,3.00000000,2.00000000,1.00000000,88.00000000,9086.23466243,7935.95379298,15732.17500000
2.00000000,3.00000000,2.00000000,1.00000000,88.00000000,4888.31940462,7935.95379298,7837.23333333
2.00000000,3.00000000,2.00000000,1.00000000,89.00000000,9086.23466243,7935.95379298,16876.15833333
2.00000000,3.00000000,2.00000000,1.00000000,89.00000000,4888.31940462,7935.95379298,7748.01666667
2.00000000,3.00000000,2.00000000,1.00000000,90.00000000,9086.23466243,7935.95379298,279.65000000
2.00000000,3.00000000,2.00000000,1.00000000,90.00000000,9086.23466243,2860.21968498,7642.65000000
2.00000000,3.00000000,2.00000000,1.00000000,90.00000000,9086.23466243,4396.44904107,290.65000000
2.00000000,3.00000000,2.00000000,1.00000000,90.00000000,9086.23466243,5583.09470814,20243.15000000
2.00000000,3.00000000,2.00000000,1.00000000,90.00000000,9086.23466243,4604.85339131,17944.71666667
2.00000000,3.00000000,2.00000000,1.00000000,90.00000000,4888.31940462,7935.95379298,82.42500000
2.00000000,3.00000000,2.00000000,1.00000000,90.00000000,4888.31940462,2860.21968498,1316.98333333
2.00000000,3.00000000,2.00000000,1.00000000,90.00000000,4888.31940462,4396.44904107,9365.45000000
2.00000000,3.00000000,2.00000000,1.00000000,90.00000000,4888.31940462,5583.09470814,8474.02500000
2.00000000,3.00000000,2.00000000,1.00000000,90.00000000,4888.31940462,4604.85339131,82.00833333
