7.40000000,0.70000000,0.00000000,1.90000000,0.07600000,11.00000000,34.00000000,0.99780000,3.51000000,0.56000000,9.40000000,5.00000000
7.80000000,0.88000000,0.00000000,2.60000000,0.09800000,25.00000000,67.00000000,0.99680000,3.20000000,0.68000000,9.80000000,5.00000000
7.80000000,0.76000000,0.04000000,2.30000000,0.09200000,15.00000000,54.00000000,0.99700000,3.26000000,0.65000000,9.80000000,5.00000000
11.20000000,0.28000000,0.56000000,1.90000000,0.07500000,17.00000000,60.00000000,0.99800000,3.16000000,0.58000000,9.80000000,6.00000000
7.40000000,0.70000000,0.00000000,1.90000000,0.07600000,11.00000000,34.00000000,0.99780000,3.51000000,0.56000000,9.40000000,5.00000000
7.40000000,0.66000000,0.00000000,1.80000000,0.07500000,13.00000000,40.00000000,0.99780000,3.51000000,0.56000000,9.40000000,5.00000000
7.90000000,0.60000000,0.06000000,1.60000000,0.06900000,15.00000000,59.00000000,0.99640000,3.30000000,0.46000000,9.40000000,5.00000000
7.30000000,0.65000000,0.00000000,1.20000000,0.06500000,15.00000000,21.00000000,0.99460000,3.39000000,0.47000000,10.00000000,7.00000000
7.80000000,0.58000000,0.02000000,2.00000000,0.07300000,9.00000000,18.00000000,0.99680000,3.36000000,0.57000000,9.50000000,7.00000000
7.50000000,0.50000000,0.36000000,6.10000000,0.07100000,17.00000000,102.00000000,0.99780000,3.35000000,0.80000000,10.50000000,5.00000000
6.70000000,0.58000000,0.08000000,1.80000000,0.09700000,15.00000000,65.00000000,0.99590000,3.28000000,0.54000000,9.20000000,5.00000000
7.50000000,0.50000000,0.36000000,6.10000000,0.07100000,17.00000000,102.00000000,0.99780000,3.35000000,0.80000000,10.50000000,5.00000000
5.60000000,0.61500000,0.00000000,1.60000000,0.08900000,16.00000000,59.00000000,0.99430000,3.58000000,0.52000000,9.90000000,5.00000000
7.80000000,0.61000000,0.29000000,1.60000000,0.11400000,9.00000000,29.00000000,0.99740000,3.26000000,1.56000000,9.10000000,5.00000000
8.90000000,0.62000000,0.18000000,3.80000000,0.17600000,52.00000000,145.00000000,0.99860000,3.16000000,0.88000000,9.20000000,5.00000000
8.90000000,0.62000000,0.19000000,3.90000000,0.17000000,51.00000000,148.00000000,0.99860000,3.17000000,0.93000000,9.20000000,5.00000000
8.50000000,0.28000000,0.56000000,1.80000000,0.09200000,35.00000000,103.00000000,0.99690000,3.30000000,0.75000000,10.50000000,7.00000000
8.10000000,0.56000000,0.28000000,1.70000000,0.36800000,16.00000000,56.00000000,0.99680000,3.11000000,1.28000000,9.30000000,5.00000000
7.40000000,0.59000000,0.08000000,4.40000000,0.08600000,6.00000000,29.00000000,0.99740000,3.38000000,0.50000000,9.00000000,4.00000000
7.90000000,0.32000000,0.51000000,1.80000000,0.34100000,17.00000000,56.00000000,0.99690000,3.04000000,1.08000000,9.20000000,6.00000000
8.90000000,0.22000000,0.48000000,1.80000000,0.07700000,29.00000000,60.00000000,0.99680000,3.39000000,0.53000000,9.40000000,6.00000000
7.60000000,0.39000000,0.31000000,2.30000000,0.08200000,23.00000000,71.00000000,0.99820000,3.52000000,0.65000000,9.70000000,5.00000000
7.90000000,0.43000000,0.21000000,1.60000000,0.10600000,10.00000000,37.00000000,0.99660000,3.17000000,0.91000000,9.50000000,5.00000000
8.50000000,0.49000000,0.11000000,2.30000000,0.08400000,9.00000000,67.00000000,0.99680000,3.17000000,0.53000000,9.40000000,5.00000000
6.90000000,0.40000000,0.14000000,2.40000000,0.08500000,21.00000000,40.00000000,0.99680000,3.43000000,0.63000000,9.70000000,6.00000000
6.30000000,0.39000000,0.16000000,1.40000000,0.08000000,11.00000000,23.00000000,0.99550000,3.34000000,0.56000000,9.30000000,5.00000000
7.60000000,0.41000000,0.24000000,1.80000000,0.08000000,4.00000000,11.00000000,0.99620000,3.28000000,0.59000000,9.50000000,5.00000000
7.90000000,0.43000000,0.21000000,1.60000000,0.10600000,10.00000000,37.00000000,0.99660000,3.17000000,0.91000000,9.50000000,5.00000000
7.10000000,0.71000000,0.00000000,1.90000000,0.08000000,14.00000000,35.00000000,0.99720000,3.47000000,0.55000000,9.40000000,5.00000000
7.80000000,0.64500000,0.00000000,2.00000000,0.08200000,8.00000000,16.00000000,0.99640000,3.38000000,0.59000000,9.80000000,6.00000000
6.70000000,0.67500000,0.07000000,2.40000000,0.08900000,17.00000000,82.00000000,0.99580000,3.35000000,0.54000000,10.10000000,5.00000000
6.90000000,0.68500000,0.00000000,2.50000000,0.10500000,22.00000000,37.00000000,0.99660000,3.46000000,0.57000000,10.60000000,6.00000000
8.30000000,0.65500000,0.12000000,2.30000000,0.08300000,15.00000000,113.00000000,0.99660000,3.17000000,0.66000000,9.80000000,5.00000000
6.90000000,0.60500000,0.12000000,10.70000000,0.07300000,40.00000000,83.00000000,0.99930000,3.45000000,0.52000000,9.40000000,6.00000000
5.20000000,0.32000000,0.25000000,1.80000000,0.10300000,13.00000000,50.00000000,0.99570000,3.38000000,0.55000000,9.20000000,5.00000000
7.80000000,0.64500000,0.00000000,5.50000000,0.08600000,5.00000000,18.00000000,0.99860000,3.40000000,0.55000000,9.60000000,6.00000000
7.80000000,0.60000000,0.14000000,2.40000000,0.08600000,3.00000000,15.00000000,0.99750000,3.42000000,0.60000000,10.80000000,6.00000000
8.10000000,0.38000000,0.28000000,2.10000000,0.06600000,13.00000000,30.00000000,0.99680000,3.23000000,0.73000000,9.70000000,7.00000000
5.70000000,1.13000000,0.09000000,1.50000000,0.17200000,7.00000000,19.00000000,0.99400000,3.50000000,0.48000000,9.80000000,4.00000000
7.30000000,0.45000000,0.36000000,5.90000000,0.07400000,12.00000000,87.00000000,0.99780000,3.33000000,0.83000000,10.50000000,5.00000000
7.30000000,0.45000000,0.36000000,5.90000000,0.07400000,12.00000000,87.00000000,0.99780000,3.33000000,0.83000000,10.50000000,5.00000000
8.80000000,0.61000000,0.30000000,2.80000000,0.08800000,17.00000000,46.00000000,0.99760000,3.26000000,0.51000000,9.30000000,4.00000000
7.50000000,0.49000000,0.20000000,2.60000000,0.33200000,8.00000000,14.00000000,0.99680000,3.21000000,0.90000000,10.50000000,6.00000000
8.10000000,0.66000000,0.22000000,2.20000000,0.06900000,9.00000000,23.00000000,0.99680000,3.30000000,1.20000000,10.30000000,5.00000000
6.80000000,0.67000000,0.02000000,1.80000000,0.05000000,5.00000000,11.00000000,0.99620000,3.48000000,0.52000000,9.50000000,5.00000000
4.60000000,0.52000000,0.15000000,2.10000000,0.05400000,8.00000000,65.00000000,0.99340000,3.90000000,0.56000000,13.10000000,4.00000000
7.70000000,0.93500000,0.43000000,2.20000000,0.11400000,22.00000000,114.00000000,0.99700000,3.25000000,0.73000000,9.20000000,5.00000000
8.70000000,0.29000000,0.52000000,1.60000000,0.11300000,12.00000000,37.00000000,0.99690000,3.25000000,0.58000000,9.50000000,5.00000000
6.40000000,0.40000000,0.23000000,1.60000000,0.06600000,5.00000000,12.00000000,0.99580000,3.34000000,0.56000000,9.20000000,5.00000000
5.60000000,0.31000000,0.37000000,1.40000000,0.07400000,12.00000000,96.00000000,0.99540000,3.32000000,0.58000000,9.20000000,5.00000000
8.80000000,0.66000000,0.26000000,1.70000000,0.07400000,4.00000000,23.00000000,0.99710000,3.15000000,0.74000000,9.20000000,5.00000000
6.60000000,0.52000000,0.04000000,2.20000000,0.06900000,8.00000000,15.00000000,0.99560000,3.40000000,0.63000000,9.40000000,6.00000000
6.60000000,0.50000000,0.04000000,2.10000000,0.06800000,6.00000000,14.00000000,0.99550000,3.39000000,0.64000000,9.40000000,6.00000000
8.60000000,0.38000000,0.36000000,3.00000000,0.08100000,30.00000000,119.00000000,0.99700000,3.20000000,0.56000000,9.40000000,5.00000000
7.60000000,0.51000000,0.15000000,2.80000000,0.11000000,33.00000000,73.00000000,0.99550000,3.17000000,0.63000000,10.20000000,6.00000000
7.70000000,0.62000000,0.04000000,3.80000000,0.08400000,25.00000000,45.00000000,0.99780000,3.34000000,0.53000000,9.50000000,5.00000000
10.20000000,0.42000000,0.57000000,3.40000000,0.07000000,4.00000000,10.00000000,0.99710000,3.04000000,0.63000000,9.60000000,5.00000000
7.50000000,0.63000000,0.12000000,5.10000000,0.11100000,50.00000000,110.00000000,0.99830000,3.26000000,0.77000000,9.40000000,5.00000000
7.80000000,0.59000000,0.18000000,2.30000000,0.07600000,17.00000000,54.00000000,0.99750000,3.43000000,0.59000000,10.00000000,5.00000000
7.30000000,0.39000000,0.31000000,2.40000000,0.07400000,9.00000000,46.00000000,0.99620000,3.41000000,0.54000000,9.40000000,6.00000000
8.80000000,0.40000000,0.40000000,2.20000000,0.07900000,19.00000000,52.00000000,0.99800000,3.44000000,0.64000000,9.20000000,5.00000000
7.70000000,0.69000000,0.49000000,1.80000000,0.11500000,20.00000000,112.00000000,0.99680000,3.21000000,0.71000000,9.30000000,5.00000000
7.50000000,0.52000000,0.16000000,1.90000000,0.08500000,12.00000000,35.00000000,0.99680000,3.38000000,0.62000000,9.50000000,7.00000000
7.00000000,0.73500000,0.05000000,2.00000000,0.08100000,13.00000000,54.00000000,0.99660000,3.39000000,0.57000000,9.80000000,5.00000000
7.20000000,0.72500000,0.05000000,4.65000000,0.08600000,4.00000000,11.00000000,0.99620000,3.41000000,0.39000000,10.90000000,5.00000000
7.20000000,0.72500000,0.05000000,4.65000000,0.08600000,4.00000000,11.00000000,0.99620000,3.41000000,0.39000000,10.90000000,5.00000000
7.50000000,0.52000000,0.11000000,1.50000000,0.07900000,11.00000000,39.00000000,0.99680000,3.42000000,0.58000000,9.60000000,5.00000000
6.60000000,0.70500000,0.07000000,1.60000000,0.07600000,6.00000000,15.00000000,0.99620000,3.44000000,0.58000000,10.70000000,5.00000000
9.30000000,0.32000000,0.57000000,2.00000000,0.07400000,27.00000000,65.00000000,0.99690000,3.28000000,0.79000000,10.70000000,5.00000000
8.00000000,0.70500000,0.05000000,1.90000000,0.07400000,8.00000000,19.00000000,0.99620000,3.34000000,0.95000000,10.50000000,6.00000000
7.70000000,0.63000000,0.08000000,1.90000000,0.07600000,15.00000000,27.00000000,0.99670000,3.32000000,0.54000000,9.50000000,6.00000000
7.70000000,0.67000000,0.23000000,2.10000000,0.08800000,17.00000000,96.00000000,0.99620000,3.32000000,0.48000000,9.50000000,5.00000000
7.70000000,0.69000000,0.22000000,1.90000000,0.08400000,18.00000000,94.00000000,0.99610000,3.31000000,0.48000000,9.50000000,5.00000000
8.30000000,0.67500000,0.26000000,2.10000000,0.08400000,11.00000000,43.00000000,0.99760000,3.31000000,0.53000000,9.20000000,4.00000000
9.70000000,0.32000000,0.54000000,2.50000000,0.09400000,28.00000000,83.00000000,0.99840000,3.28000000,0.82000000,9.60000000,5.00000000
8.80000000,0.41000000,0.64000000,2.20000000,0.09300000,9.00000000,42.00000000,0.99860000,3.54000000,0.66000000,10.50000000,5.00000000
8.80000000,0.41000000,0.64000000,2.20000000,0.09300000,9.00000000,42.00000000,0.99860000,3.54000000,0.66000000,10.50000000,5.00000000
6.80000000,0.78500000,0.00000000,2.40000000,0.10400000,14.00000000,30.00000000,0.99660000,3.52000000,0.55000000,10.70000000,6.00000000
6.70000000,0.75000000,0.12000000,2.00000000,0.08600000,12.00000000,80.00000000,0.99580000,3.38000000,0.52000000,10.10000000,5.00000000
8.30000000,0.62500000,0.20000000,1.50000000,0.08000000,27.00000000,119.00000000,0.99720000,3.16000000,1.12000000,9.10000000,4.00000000
6.20000000,0.45000000,0.20000000,1.60000000,0.06900000,3.00000000,15.00000000,0.99580000,3.41000000,0.56000000,9.20000000,5.00000000
7.80000000,0.43000000,0.70000000,1.90000000,0.46400000,22.00000000,67.00000000,0.99740000,3.13000000,1.28000000,9.40000000,5.00000000
7.40000000,0.50000000,0.47000000,2.00000000,0.08600000,21.00000000,73.00000000,0.99700000,3.36000000,0.57000000,9.10000000,5.00000000
7.30000000,0.67000000,0.26000000,1.80000000,0.40100000,16.00000000,51.00000000,0.99690000,3.16000000,1.14000000,9.40000000,5.00000000
6.30000000,0.30000000,0.48000000,1.80000000,0.06900000,18.00000000,61.00000000,0.99590000,3.44000000,0.78000000,10.30000000,6.00000000
6.90000000,0.55000000,0.15000000,2.20000000,0.07600000,19.00000000,40.00000000,0.99610000,3.41000000,0.59000000,10.10000000,5.00000000
8.60000000,0.49000000,0.28000000,1.90000000,0.11000000,20.00000000,136.00000000,0.99720000,2.93000000,1.95000000,9.90000000,6.00000000
7.70000000,0.49000000,0.26000000,1.90000000,0.06200000,9.00000000,31.00000000,0.99660000,3.39000000,0.64000000,9.60000000,5.00000000
9.30000000,0.39000000,0.44000000,2.10000000,0.10700000,34.00000000,125.00000000,0.99780000,3.14000000,1.22000000,9.50000000,5.00000000
7.00000000,0.62000000,0.08000000,1.80000000,0.07600000,8.00000000,24.00000000,0.99780000,3.48000000,0.53000000,9.00000000,5.00000000
7.90000000,0.52000000,0.26000000,1.90000000,0.07900000,42.00000000,140.00000000,0.99640000,3.23000000,0.54000000,9.50000000,5.00000000
8.60000000,0.49000000,0.28000000,1.90000000,0.11000000,20.00000000,136.00000000,0.99720000,2.93000000,1.95000000,9.90000000,6.00000000
8.60000000,0.49000000,0.29000000,2.00000000,0.11000000,19.00000000,133.00000000,0.99720000,2.93000000,1.98000000,9.80000000,5.00000000
7.70000000,0.49000000,0.26000000,1.90000000,0.06200000,9.00000000,31.00000000,0.99660000,3.39000000,0.64000000,9.60000000,5.00000000
5.00000000,1.02000000,0.04000000,1.40000000,0.04500000,41.00000000,85.00000000,0.99380000,3.75000000,0.48000000,10.50000000,4.00000000
4.70000000,0.60000000,0.17000000,2.30000000,0.05800000,17.00000000,106.00000000,0.99320000,3.85000000,0.60000000,12.90000000,6.00000000
6.80000000,0.77500000,0.00000000,3.00000000,0.10200000,8.00000000,23.00000000,0.99650000,3.45000000,0.56000000,10.70000000,5.00000000
7.00000000,0.50000000,0.25000000,2.00000000,0.07000000,3.00000000,22.00000000,0.99630000,3.25000000,0.63000000,9.20000000,5.00000000
7.60000000,0.90000000,0.06000000,2.50000000,0.07900000,5.00000000,10.00000000,0.99670000,3.39000000,0.56000000,9.80000000,5.00000000
8.10000000,0.54500000,0.18000000,1.90000000,0.08000000,13.00000000,35.00000000,0.99720000,3.30000000,0.59000000,9.00000000,6.00000000
8.30000000,0.61000000,0.30000000,2.10000000,0.08400000,11.00000000,50.00000000,0.99720000,3.40000000,0.61000000,10.20000000,6.00000000
7.80000000,0.50000000,0.30000000,1.90000000,0.07500000,8.00000000,22.00000000,0.99590000,3.31000000,0.56000000,10.40000000,6.00000000
8.10000000,0.54500000,0.18000000,1.90000000,0.08000000,13.00000000,35.00000000,0.99720000,3.30000000,0.59000000,9.00000000,6.00000000
8.10000000,0.57500000,0.22000000,2.10000000,0.07700000,12.00000000,65.00000000,0.99670000,3.29000000,0.51000000,9.20000000,5.00000000
7.20000000,0.49000000,0.24000000,2.20000000,0.07000000,5.00000000,36.00000000,0.99600000,3.33000000,0.48000000,9.40000000,5.00000000
8.10000000,0.57500000,0.22000000,2.10000000,0.07700000,12.00000000,65.00000000,0.99670000,3.29000000,0.51000000,9.20000000,5.00000000
7.80000000,0.41000000,0.68000000,1.70000000,0.46700000,18.00000000,69.00000000,0.99730000,3.08000000,1.31000000,9.30000000,5.00000000
6.20000000,0.63000000,0.31000000,1.70000000,0.08800000,15.00000000,64.00000000,0.99690000,3.46000000,0.79000000,9.30000000,5.00000000
8.00000000,0.33000000,0.53000000,2.50000000,0.09100000,18.00000000,80.00000000,0.99760000,3.37000000,0.80000000,9.60000000,6.00000000
8.10000000,0.78500000,0.52000000,2.00000000,0.12200000,37.00000000,153.00000000,0.99690000,3.21000000,0.69000000,9.30000000,5.00000000
7.80000000,0.56000000,0.19000000,1.80000000,0.10400000,12.00000000,47.00000000,0.99640000,3.19000000,0.93000000,9.50000000,5.00000000
8.40000000,0.62000000,0.09000000,2.20000000,0.08400000,11.00000000,108.00000000,0.99640000,3.15000000,0.66000000,9.80000000,5.00000000
8.40000000,0.60000000,0.10000000,2.20000000,0.08500000,14.00000000,111.00000000,0.99640000,3.15000000,0.66000000,9.80000000,5.00000000
10.10000000,0.31000000,0.44000000,2.30000000,0.08000000,22.00000000,46.00000000,0.99880000,3.32000000,0.67000000,9.70000000,6.00000000
7.80000000,0.56000000,0.19000000,1.80000000,0.10400000,12.00000000,47.00000000,0.99640000,3.19000000,0.93000000,9.50000000,5.00000000
9.40000000,0.40000000,0.31000000,2.20000000,0.09000000,13.00000000,62.00000000,0.99660000,3.07000000,0.63000000,10.50000000,6.00000000
8.30000000,0.54000000,0.28000000,1.90000000,0.07700000,11.00000000,40.00000000,0.99780000,3.39000000,0.61000000,10.00000000,6.00000000
7.80000000,0.56000000,0.12000000,2.00000000,0.08200000,7.00000000,28.00000000,0.99700000,3.37000000,0.50000000,9.40000000,6.00000000
8.80000000,0.55000000,0.04000000,2.20000000,0.11900000,14.00000000,56.00000000,0.99620000,3.21000000,0.60000000,10.90000000,6.00000000
7.00000000,0.69000000,0.08000000,1.80000000,0.09700000,22.00000000,89.00000000,0.99590000,3.34000000,0.54000000,9.20000000,6.00000000
7.30000000,1.07000000,0.09000000,1.70000000,0.17800000,10.00000000,89.00000000,0.99620000,3.30000000,0.57000000,9.00000000,5.00000000
8.80000000,0.55000000,0.04000000,2.20000000,0.11900000,14.00000000,56.00000000,0.99620000,3.21000000,0.60000000,10.90000000,6.00000000
7.30000000,0.69500000,0.00000000,2.50000000,0.07500000,3.00000000,13.00000000,0.99800000,3.49000000,0.52000000,9.20000000,5.00000000
8.00000000,0.71000000,0.00000000,2.60000000,0.08000000,11.00000000,34.00000000,0.99760000,3.44000000,0.53000000,9.50000000,5.00000000
7.80000000,0.50000000,0.17000000,1.60000000,0.08200000,21.00000000,102.00000000,0.99600000,3.39000000,0.48000000,9.50000000,5.00000000
9.00000000,0.62000000,0.04000000,1.90000000,0.14600000,27.00000000,90.00000000,0.99840000,3.16000000,0.70000000,9.40000000,5.00000000
8.20000000,1.33000000,0.00000000,1.70000000,0.08100000,3.00000000,12.00000000,0.99640000,3.53000000,0.49000000,10.90000000,5.00000000
8.10000000,1.33000000,0.00000000,1.80000000,0.08200000,3.00000000,12.00000000,0.99640000,3.54000000,0.48000000,10.90000000,5.00000000
8.00000000,0.59000000,0.16000000,1.80000000,0.06500000,3.00000000,16.00000000,0.99620000,3.42000000,0.92000000,10.50000000,7.00000000
6.10000000,0.38000000,0.15000000,1.80000000,0.07200000,6.00000000,19.00000000,0.99550000,3.42000000,0.57000000,9.40000000,5.00000000
8.00000000,0.74500000,0.56000000,2.00000000,0.11800000,30.00000000,134.00000000,0.99680000,3.24000000,0.66000000,9.40000000,5.00000000
5.60000000,0.50000000,0.09000000,2.30000000,0.04900000,17.00000000,99.00000000,0.99370000,3.63000000,0.63000000,13.00000000,5.00000000
5.60000000,0.50000000,0.09000000,2.30000000,0.04900000,17.00000000,99.00000000,0.99370000,3.63000000,0.63000000,13.00000000,5.00000000
6.60000000,0.50000000,0.01000000,1.50000000,0.06000000,17.00000000,26.00000000,0.99520000,3.40000000,0.58000000,9.80000000,6.00000000
7.90000000,1.04000000,0.05000000,2.20000000,0.08400000,13.00000000,29.00000000,0.99590000,3.22000000,0.55000000,9.90000000,6.00000000
8.40000000,0.74500000,0.11000000,1.90000000,0.09000000,16.00000000,63.00000000,0.99650000,3.19000000,0.82000000,9.60000000,5.00000000
8.30000000,0.71500000,0.15000000,1.80000000,0.08900000,10.00000000,52.00000000,0.99680000,3.23000000,0.77000000,9.50000000,5.00000000
7.20000000,0.41500000,0.36000000,2.00000000,0.08100000,13.00000000,45.00000000,0.99720000,3.48000000,0.64000000,9.20000000,5.00000000
7.80000000,0.56000000,0.19000000,2.10000000,0.08100000,15.00000000,105.00000000,0.99620000,3.33000000,0.54000000,9.50000000,5.00000000
7.80000000,0.56000000,0.19000000,2.00000000,0.08100000,17.00000000,108.00000000,0.99620000,3.32000000,0.54000000,9.50000000,5.00000000
8.40000000,0.74500000,0.11000000,1.90000000,0.09000000,16.00000000,63.00000000,0.99650000,3.19000000,0.82000000,9.60000000,5.00000000
8.30000000,0.71500000,0.15000000,1.80000000,0.08900000,10.00000000,52.00000000,0.99680000,3.23000000,0.77000000,9.50000000,5.00000000
5.20000000,0.34000000,0.00000000,1.80000000,0.05000000,27.00000000,63.00000000,0.99160000,3.68000000,0.79000000,14.00000000,6.00000000
6.30000000,0.39000000,0.08000000,1.70000000,0.06600000,3.00000000,20.00000000,0.99540000,3.34000000,0.58000000,9.40000000,5.00000000
5.20000000,0.34000000,0.00000000,1.80000000,0.05000000,27.00000000,63.00000000,0.99160000,3.68000000,0.79000000,14.00000000,6.00000000
8.10000000,0.67000000,0.55000000,1.80000000,0.11700000,32.00000000,141.00000000,0.99680000,3.17000000,0.62000000,9.40000000,5.00000000
5.80000000,0.68000000,0.02000000,1.80000000,0.08700000,21.00000000,94.00000000,0.99440000,3.54000000,0.52000000,10.00000000,5.00000000
7.60000000,0.49000000,0.26000000,1.60000000,0.23600000,10.00000000,88.00000000,0.99680000,3.11000000,0.80000000,9.30000000,5.00000000
6.90000000,0.49000000,0.10000000,2.30000000,0.07400000,12.00000000,30.00000000,0.99590000,3.42000000,0.58000000,10.20000000,6.00000000
8.20000000,0.40000000,0.44000000,2.80000000,0.08900000,11.00000000,43.00000000,0.99750000,3.53000000,0.61000000,10.50000000,6.00000000
7.30000000,0.33000000,0.47000000,2.10000000,0.07700000,5.00000000,11.00000000,0.99580000,3.33000000,0.53000000,10.30000000,6.00000000
9.20000000,0.52000000,1.00000000,3.40000000,0.61000000,32.00000000,69.00000000,0.99960000,2.74000000,2.00000000,9.40000000,4.00000000
7.50000000,0.60000000,0.03000000,1.80000000,0.09500000,25.00000000,99.00000000,0.99500000,3.35000000,0.54000000,10.10000000,5.00000000
7.50000000,0.60000000,0.03000000,1.80000000,0.09500000,25.00000000,99.00000000,0.99500000,3.35000000,0.54000000,10.10000000,5.00000000
7.10000000,0.43000000,0.42000000,5.50000000,0.07000000,29.00000000,129.00000000,0.99730000,3.42000000,0.72000000,10.50000000,5.00000000
7.10000000,0.43000000,0.42000000,5.50000000,0.07100000,28.00000000,128.00000000,0.99730000,3.42000000,0.71000000,10.50000000,5.00000000
7.10000000,0.43000000,0.42000000,5.50000000,0.07000000,29.00000000,129.00000000,0.99730000,3.42000000,0.72000000,10.50000000,5.00000000
7.10000000,0.43000000,0.42000000,5.50000000,0.07100000,28.00000000,128.00000000,0.99730000,3.42000000,0.71000000,10.50000000,5.00000000
7.10000000,0.68000000,0.00000000,2.20000000,0.07300000,12.00000000,22.00000000,0.99690000,3.48000000,0.50000000,9.30000000,5.00000000
6.80000000,0.60000000,0.18000000,1.90000000,0.07900000,18.00000000,86.00000000,0.99680000,3.59000000,0.57000000,9.30000000,6.00000000
7.60000000,0.95000000,0.03000000,2.00000000,0.09000000,7.00000000,20.00000000,0.99590000,3.20000000,0.56000000,9.60000000,5.00000000
7.60000000,0.68000000,0.02000000,1.30000000,0.07200000,9.00000000,20.00000000,0.99650000,3.17000000,1.08000000,9.20000000,4.00000000
7.80000000,0.53000000,0.04000000,1.70000000,0.07600000,17.00000000,31.00000000,0.99640000,3.33000000,0.56000000,10.00000000,6.00000000
7.40000000,0.60000000,0.26000000,7.30000000,0.07000000,36.00000000,121.00000000,0.99820000,3.37000000,0.49000000,9.40000000,5.00000000
7.30000000,0.59000000,0.26000000,7.20000000,0.07000000,35.00000000,121.00000000,0.99810000,3.37000000,0.49000000,9.40000000,5.00000000
7.80000000,0.63000000,0.48000000,1.70000000,0.10000000,14.00000000,96.00000000,0.99610000,3.19000000,0.62000000,9.50000000,5.00000000
6.80000000,0.64000000,0.10000000,2.10000000,0.08500000,18.00000000,101.00000000,0.99560000,3.34000000,0.52000000,10.20000000,5.00000000
7.30000000,0.55000000,0.03000000,1.60000000,0.07200000,17.00000000,42.00000000,0.99560000,3.37000000,0.48000000,9.00000000,4.00000000
6.80000000,0.63000000,0.07000000,2.10000000,0.08900000,11.00000000,44.00000000,0.99530000,3.47000000,0.55000000,10.40000000,6.00000000
7.50000000,0.70500000,0.24000000,1.80000000,0.36000000,15.00000000,63.00000000,0.99640000,3.00000000,1.59000000,9.50000000,5.00000000
7.90000000,0.88500000,0.03000000,1.80000000,0.05800000,4.00000000,8.00000000,0.99720000,3.36000000,0.33000000,9.10000000,4.00000000
8.00000000,0.42000000,0.17000000,2.00000000,0.07300000,6.00000000,18.00000000,0.99720000,3.29000000,0.61000000,9.20000000,6.00000000
8.00000000,0.42000000,0.17000000,2.00000000,0.07300000,6.00000000,18.00000000,0.99720000,3.29000000,0.61000000,9.20000000,6.00000000
7.40000000,0.62000000,0.05000000,1.90000000,0.06800000,24.00000000,42.00000000,0.99610000,3.42000000,0.57000000,11.50000000,6.00000000
7.30000000,0.38000000,0.21000000,2.00000000,0.08000000,7.00000000,35.00000000,0.99610000,3.33000000,0.47000000,9.50000000,5.00000000
6.90000000,0.50000000,0.04000000,1.50000000,0.08500000,19.00000000,49.00000000,0.99580000,3.35000000,0.78000000,9.50000000,5.00000000
7.30000000,0.38000000,0.21000000,2.00000000,0.08000000,7.00000000,35.00000000,0.99610000,3.33000000,0.47000000,9.50000000,5.00000000
7.50000000,0.52000000,0.42000000,2.30000000,0.08700000,8.00000000,38.00000000,0.99720000,3.58000000,0.61000000,10.50000000,6.00000000
7.00000000,0.80500000,0.00000000,2.50000000,0.06800000,7.00000000,20.00000000,0.99690000,3.48000000,0.56000000,9.60000000,5.00000000
8.80000000,0.61000000,0.14000000,2.40000000,0.06700000,10.00000000,42.00000000,0.99690000,3.19000000,0.59000000,9.50000000,5.00000000
8.80000000,0.61000000,0.14000000,2.40000000,0.06700000,10.00000000,42.00000000,0.99690000,3.19000000,0.59000000,9.50000000,5.00000000
8.90000000,0.61000000,0.49000000,2.00000000,0.27000000,23.00000000,110.00000000,0.99720000,3.12000000,1.02000000,9.30000000,5.00000000
7.20000000,0.73000000,0.02000000,2.50000000,0.07600000,16.00000000,42.00000000,0.99720000,3.44000000,0.52000000,9.30000000,5.00000000
6.80000000,0.61000000,0.20000000,1.80000000,0.07700000,11.00000000,65.00000000,0.99710000,3.54000000,0.58000000,9.30000000,5.00000000
6.70000000,0.62000000,0.21000000,1.90000000,0.07900000,8.00000000,62.00000000,0.99700000,3.52000000,0.58000000,9.30000000,6.00000000
8.90000000,0.31000000,0.57000000,2.00000000,0.11100000,26.00000000,85.00000000,0.99710000,3.26000000,0.53000000,9.70000000,5.00000000
7.40000000,0.39000000,0.48000000,2.00000000,0.08200000,14.00000000,67.00000000,0.99720000,3.34000000,0.55000000,9.20000000,5.00000000
7.70000000,0.70500000,0.10000000,2.60000000,0.08400000,9.00000000,26.00000000,0.99760000,3.39000000,0.49000000,9.70000000,5.00000000
7.90000000,0.50000000,0.33000000,2.00000000,0.08400000,15.00000000,143.00000000,0.99680000,3.20000000,0.55000000,9.50000000,5.00000000
7.90000000,0.49000000,0.32000000,1.90000000,0.08200000,17.00000000,144.00000000,0.99680000,3.20000000,0.55000000,9.50000000,5.00000000
8.20000000,0.50000000,0.35000000,2.90000000,0.07700000,21.00000000,127.00000000,0.99760000,3.23000000,0.62000000,9.40000000,5.00000000
6.40000000,0.37000000,0.25000000,1.90000000,0.07400000,21.00000000,49.00000000,0.99740000,3.57000000,0.62000000,9.80000000,6.00000000
6.80000000,0.63000000,0.12000000,3.80000000,0.09900000,16.00000000,126.00000000,0.99690000,3.28000000,0.61000000,9.50000000,5.00000000
7.60000000,0.55000000,0.21000000,2.20000000,0.07100000,7.00000000,28.00000000,0.99640000,3.28000000,0.55000000,9.70000000,5.00000000
7.60000000,0.55000000,0.21000000,2.20000000,0.07100000,7.00000000,28.00000000,0.99640000,3.28000000,0.55000000,9.70000000,5.00000000
7.80000000,0.59000000,0.33000000,2.00000000,0.07400000,24.00000000,120.00000000,0.99680000,3.25000000,0.54000000,9.40000000,5.00000000
7.30000000,0.58000000,0.30000000,2.40000000,0.07400000,15.00000000,55.00000000,0.99680000,3.46000000,0.59000000,10.20000000,5.00000000
11.50000000,0.30000000,0.60000000,2.00000000,0.06700000,12.00000000,27.00000000,0.99810000,3.11000000,0.97000000,10.10000000,6.00000000
5.40000000,0.83500000,0.08000000,1.20000000,0.04600000,13.00000000,93.00000000,0.99240000,3.57000000,0.85000000,13.00000000,7.00000000
6.90000000,1.09000000,0.06000000,2.10000000,0.06100000,12.00000000,31.00000000,0.99480000,3.51000000,0.43000000,11.40000000,4.00000000
9.60000000,0.32000000,0.47000000,1.40000000,0.05600000,9.00000000,24.00000000,0.99695000,3.22000000,0.82000000,10.30000000,7.00000000
8.80000000,0.37000000,0.48000000,2.10000000,0.09700000,39.00000000,145.00000000,0.99750000,3.04000000,1.03000000,9.30000000,5.00000000
6.80000000,0.50000000,0.11000000,1.50000000,0.07500000,16.00000000,49.00000000,0.99545000,3.36000000,0.79000000,9.50000000,5.00000000
7.00000000,0.42000000,0.35000000,1.60000000,0.08800000,16.00000000,39.00000000,0.99610000,3.34000000,0.55000000,9.20000000,5.00000000
7.00000000,0.43000000,0.36000000,1.60000000,0.08900000,14.00000000,37.00000000,0.99615000,3.34000000,0.56000000,9.20000000,6.00000000
12.80000000,0.30000000,0.74000000,2.60000000,0.09500000,9.00000000,28.00000000,0.99940000,3.20000000,0.77000000,10.80000000,7.00000000
12.80000000,0.30000000,0.74000000,2.60000000,0.09500000,9.00000000,28.00000000,0.99940000,3.20000000,0.77000000,10.80000000,7.00000000
7.80000000,0.57000000,0.31000000,1.80000000,0.06900000,26.00000000,120.00000000,0.99625000,3.29000000,0.53000000,9.30000000,5.00000000
7.80000000,0.44000000,0.28000000,2.70000000,0.10000000,18.00000000,95.00000000,0.99660000,3.22000000,0.67000000,9.40000000,5.00000000
11.00000000,0.30000000,0.58000000,2.10000000,0.05400000,7.00000000,19.00000000,0.99800000,3.31000000,0.88000000,10.50000000,7.00000000
9.70000000,0.53000000,0.60000000,2.00000000,0.03900000,5.00000000,19.00000000,0.99585000,3.30000000,0.86000000,12.40000000,6.00000000
8.00000000,0.72500000,0.24000000,2.80000000,0.08300000,10.00000000,62.00000000,0.99685000,3.35000000,0.56000000,10.00000000,6.00000000
11.60000000,0.44000000,0.64000000,2.10000000,0.05900000,5.00000000,15.00000000,0.99800000,3.21000000,0.67000000,10.20000000,6.00000000
8.20000000,0.57000000,0.26000000,2.20000000,0.06000000,28.00000000,65.00000000,0.99590000,3.30000000,0.43000000,10.10000000,5.00000000
7.80000000,0.73500000,0.08000000,2.40000000,0.09200000,10.00000000,41.00000000,0.99740000,3.24000000,0.71000000,9.80000000,6.00000000
7.00000000,0.49000000,0.49000000,5.60000000,0.06000000,26.00000000,121.00000000,0.99740000,3.34000000,0.76000000,10.50000000,5.00000000
8.70000000,0.62500000,0.16000000,2.00000000,0.10100000,13.00000000,49.00000000,0.99620000,3.14000000,0.57000000,11.00000000,5.00000000
8.10000000,0.72500000,0.22000000,2.20000000,0.07200000,11.00000000,41.00000000,0.99670000,3.36000000,0.55000000,9.10000000,5.00000000
7.50000000,0.49000000,0.19000000,1.90000000,0.07600000,10.00000000,44.00000000,0.99570000,3.39000000,0.54000000,9.70000000,5.00000000
7.80000000,0.53000000,0.33000000,2.40000000,0.08000000,24.00000000,144.00000000,0.99655000,3.30000000,0.60000000,9.50000000,5.00000000
7.80000000,0.34000000,0.37000000,2.00000000,0.08200000,24.00000000,58.00000000,0.99640000,3.34000000,0.59000000,9.40000000,6.00000000
7.40000000,0.53000000,0.26000000,2.00000000,0.10100000,16.00000000,72.00000000,0.99570000,3.15000000,0.57000000,9.40000000,5.00000000
6.80000000,0.61000000,0.04000000,1.50000000,0.05700000,5.00000000,10.00000000,0.99525000,3.42000000,0.60000000,9.50000000,5.00000000
8.60000000,0.64500000,0.25000000,2.00000000,0.08300000,8.00000000,28.00000000,0.99815000,3.28000000,0.60000000,10.00000000,6.00000000
8.40000000,0.63500000,0.36000000,2.00000000,0.08900000,15.00000000,55.00000000,0.99745000,3.31000000,0.57000000,10.40000000,4.00000000
7.70000000,0.43000000,0.25000000,2.60000000,0.07300000,29.00000000,63.00000000,0.99615000,3.37000000,0.58000000,10.50000000,6.00000000
8.90000000,0.59000000,0.50000000,2.00000000,0.33700000,27.00000000,81.00000000,0.99640000,3.04000000,1.61000000,9.50000000,6.00000000
9.00000000,0.82000000,0.14000000,2.60000000,0.08900000,9.00000000,23.00000000,0.99840000,3.39000000,0.63000000,9.80000000,5.00000000
7.70000000,0.43000000,0.25000000,2.60000000,0.07300000,29.00000000,63.00000000,0.99615000,3.37000000,0.58000000,10.50000000,6.00000000
6.90000000,0.52000000,0.25000000,2.60000000,0.08100000,10.00000000,37.00000000,0.99685000,3.46000000,0.50000000,11.00000000,5.00000000
5.20000000,0.48000000,0.04000000,1.60000000,0.05400000,19.00000000,106.00000000,0.99270000,3.54000000,0.62000000,12.20000000,7.00000000
8.00000000,0.38000000,0.06000000,1.80000000,0.07800000,12.00000000,49.00000000,0.99625000,3.37000000,0.52000000,9.90000000,6.00000000
8.50000000,0.37000000,0.20000000,2.80000000,0.09000000,18.00000000,58.00000000,0.99800000,3.34000000,0.70000000,9.60000000,6.00000000
6.90000000,0.52000000,0.25000000,2.60000000,0.08100000,10.00000000,37.00000000,0.99685000,3.46000000,0.50000000,11.00000000,5.00000000
8.20000000,1.00000000,0.09000000,2.30000000,0.06500000,7.00000000,37.00000000,0.99685000,3.32000000,0.55000000,9.00000000,6.00000000
7.20000000,0.63000000,0.00000000,1.90000000,0.09700000,14.00000000,38.00000000,0.99675000,3.37000000,0.58000000,9.00000000,6.00000000
7.20000000,0.63000000,0.00000000,1.90000000,0.09700000,14.00000000,38.00000000,0.99675000,3.37000000,0.58000000,9.00000000,6.00000000
7.20000000,0.64500000,0.00000000,1.90000000,0.09700000,15.00000000,39.00000000,0.99675000,3.37000000,0.58000000,9.20000000,6.00000000
7.20000000,0.63000000,0.00000000,1.90000000,0.09700000,14.00000000,38.00000000,0.99675000,3.37000000,0.58000000,9.00000000,6.00000000
8.20000000,1.00000000,0.09000000,2.30000000,0.06500000,7.00000000,37.00000000,0.99685000,3.32000000,0.55000000,9.00000000,6.00000000
8.90000000,0.63500000,0.37000000,1.70000000,0.26300000,5.00000000,62.00000000,0.99710000,3.00000000,1.09000000,9.30000000,5.00000000
12.00000000,0.38000000,0.56000000,2.10000000,0.09300000,6.00000000,24.00000000,0.99925000,3.14000000,0.71000000,10.90000000,6.00000000
7.70000000,0.58000000,0.10000000,1.80000000,0.10200000,28.00000000,109.00000000,0.99565000,3.08000000,0.49000000,9.80000000,6.00000000
15.00000000,0.21000000,0.44000000,2.20000000,0.07500000,10.00000000,24.00000000,1.00005000,3.07000000,0.84000000,9.20000000,7.00000000
15.00000000,0.21000000,0.44000000,2.20000000,0.07500000,10.00000000,24.00000000,1.00005000,3.07000000,0.84000000,9.20000000,7.00000000
7.30000000,0.66000000,0.00000000,2.00000000,0.08400000,6.00000000,23.00000000,0.99830000,3.61000000,0.96000000,9.90000000,6.00000000
7.10000000,0.68000000,0.07000000,1.90000000,0.07500000,16.00000000,51.00000000,0.99685000,3.38000000,0.52000000,9.50000000,5.00000000
8.20000000,0.60000000,0.17000000,2.30000000,0.07200000,11.00000000,73.00000000,0.99630000,3.20000000,0.45000000,9.30000000,5.00000000
7.70000000,0.53000000,0.06000000,1.70000000,0.07400000,9.00000000,39.00000000,0.99615000,3.35000000,0.48000000,9.80000000,6.00000000
7.30000000,0.66000000,0.00000000,2.00000000,0.08400000,6.00000000,23.00000000,0.99830000,3.61000000,0.96000000,9.90000000,6.00000000
10.80000000,0.32000000,0.44000000,1.60000000,0.06300000,16.00000000,37.00000000,0.99850000,3.22000000,0.78000000,10.00000000,6.00000000
7.10000000,0.60000000,0.00000000,1.80000000,0.07400000,16.00000000,34.00000000,0.99720000,3.47000000,0.70000000,9.90000000,6.00000000
11.10000000,0.35000000,0.48000000,3.10000000,0.09000000,5.00000000,21.00000000,0.99860000,3.17000000,0.53000000,10.50000000,5.00000000
7.70000000,0.77500000,0.42000000,1.90000000,0.09200000,8.00000000,86.00000000,0.99590000,3.23000000,0.59000000,9.50000000,5.00000000
7.10000000,0.60000000,0.00000000,1.80000000,0.07400000,16.00000000,34.00000000,0.99720000,3.47000000,0.70000000,9.90000000,6.00000000
8.00000000,0.57000000,0.23000000,3.20000000,0.07300000,17.00000000,119.00000000,0.99675000,3.26000000,0.57000000,9.30000000,5.00000000
9.40000000,0.34000000,0.37000000,2.20000000,0.07500000,5.00000000,13.00000000,0.99800000,3.22000000,0.62000000,9.20000000,5.00000000
6.60000000,0.69500000,0.00000000,2.10000000,0.07500000,12.00000000,56.00000000,0.99680000,3.49000000,0.67000000,9.20000000,5.00000000
7.70000000,0.41000000,0.76000000,1.80000000,0.61100000,8.00000000,45.00000000,0.99680000,3.06000000,1.26000000,9.40000000,5.00000000
10.00000000,0.31000000,0.47000000,2.60000000,0.08500000,14.00000000,33.00000000,0.99965000,3.36000000,0.80000000,10.50000000,7.00000000
7.90000000,0.33000000,0.23000000,1.70000000,0.07700000,18.00000000,45.00000000,0.99625000,3.29000000,0.65000000,9.30000000,5.00000000
7.00000000,0.97500000,0.04000000,2.00000000,0.08700000,12.00000000,67.00000000,0.99565000,3.35000000,0.60000000,9.40000000,4.00000000
8.00000000,0.52000000,0.03000000,1.70000000,0.07000000,10.00000000,35.00000000,0.99575000,3.34000000,0.57000000,10.00000000,5.00000000
7.90000000,0.37000000,0.23000000,1.80000000,0.07700000,23.00000000,49.00000000,0.99630000,3.28000000,0.67000000,9.30000000,5.00000000
12.50000000,0.56000000,0.49000000,2.40000000,0.06400000,5.00000000,27.00000000,0.99990000,3.08000000,0.87000000,10.90000000,5.00000000
11.80000000,0.26000000,0.52000000,1.80000000,0.07100000,6.00000000,10.00000000,0.99680000,3.20000000,0.72000000,10.20000000,7.00000000
8.10000000,0.87000000,0.00000000,3.30000000,0.09600000,26.00000000,61.00000000,1.00025000,3.60000000,0.72000000,9.80000000,4.00000000
7.90000000,0.35000000,0.46000000,3.60000000,0.07800000,15.00000000,37.00000000,0.99730000,3.35000000,0.86000000,12.80000000,8.00000000
6.90000000,0.54000000,0.04000000,3.00000000,0.07700000,7.00000000,27.00000000,0.99870000,3.69000000,0.91000000,9.40000000,6.00000000
11.50000000,0.18000000,0.51000000,4.00000000,0.10400000,4.00000000,23.00000000,0.99960000,3.28000000,0.97000000,10.10000000,6.00000000
7.90000000,0.54500000,0.06000000,4.00000000,0.08700000,27.00000000,61.00000000,0.99650000,3.36000000,0.67000000,10.70000000,6.00000000
11.50000000,0.18000000,0.51000000,4.00000000,0.10400000,4.00000000,23.00000000,0.99960000,3.28000000,0.97000000,10.10000000,6.00000000
10.90000000,0.37000000,0.58000000,4.00000000,0.07100000,17.00000000,65.00000000,0.99935000,3.22000000,0.78000000,10.10000000,5.00000000
8.40000000,0.71500000,0.20000000,2.40000000,0.07600000,10.00000000,38.00000000,0.99735000,3.31000000,0.64000000,9.40000000,5.00000000
7.50000000,0.65000000,0.18000000,7.00000000,0.08800000,27.00000000,94.00000000,0.99915000,3.38000000,0.77000000,9.40000000,5.00000000
7.90000000,0.54500000,0.06000000,4.00000000,0.08700000,27.00000000,61.00000000,0.99650000,3.36000000,0.67000000,10.70000000,6.00000000
6.90000000,0.54000000,0.04000000,3.00000000,0.07700000,7.00000000,27.00000000,0.99870000,3.69000000,0.91000000,9.40000000,6.00000000
11.50000000,0.18000000,0.51000000,4.00000000,0.10400000,4.00000000,23.00000000,0.99960000,3.28000000,0.97000000,10.10000000,6.00000000
10.30000000,0.32000000,0.45000000,6.40000000,0.07300000,5.00000000,13.00000000,0.99760000,3.23000000,0.82000000,12.60000000,8.00000000
8.90000000,0.40000000,0.32000000,5.60000000,0.08700000,10.00000000,47.00000000,0.99910000,3.38000000,0.77000000,10.50000000,7.00000000
11.40000000,0.26000000,0.44000000,3.60000000,0.07100000,6.00000000,19.00000000,0.99860000,3.12000000,0.82000000,9.30000000,6.00000000
7.70000000,0.27000000,0.68000000,3.50000000,0.35800000,5.00000000,10.00000000,0.99720000,3.25000000,1.08000000,9.90000000,7.00000000
7.60000000,0.52000000,0.12000000,3.00000000,0.06700000,12.00000000,53.00000000,0.99710000,3.36000000,0.57000000,9.10000000,5.00000000
8.90000000,0.40000000,0.32000000,5.60000000,0.08700000,10.00000000,47.00000000,0.99910000,3.38000000,0.77000000,10.50000000,7.00000000
9.90000000,0.59000000,0.07000000,3.40000000,0.10200000,32.00000000,71.00000000,1.00015000,3.31000000,0.71000000,9.80000000,5.00000000
9.90000000,0.59000000,0.07000000,3.40000000,0.10200000,32.00000000,71.00000000,1.00015000,3.31000000,0.71000000,9.80000000,5.00000000
12.00000000,0.45000000,0.55000000,2.00000000,0.07300000,25.00000000,49.00000000,0.99970000,3.10000000,0.76000000,10.30000000,6.00000000
7.50000000,0.40000000,0.12000000,3.00000000,0.09200000,29.00000000,53.00000000,0.99670000,3.37000000,0.70000000,10.30000000,6.00000000
8.70000000,0.52000000,0.09000000,2.50000000,0.09100000,20.00000000,49.00000000,0.99760000,3.34000000,0.86000000,10.60000000,7.00000000
11.60000000,0.42000000,0.53000000,3.30000000,0.10500000,33.00000000,98.00000000,1.00100000,3.20000000,0.95000000,9.20000000,5.00000000
8.70000000,0.52000000,0.09000000,2.50000000,0.09100000,20.00000000,49.00000000,0.99760000,3.34000000,0.86000000,10.60000000,7.00000000
11.00000000,0.20000000,0.48000000,2.00000000,0.34300000,6.00000000,18.00000000,0.99790000,3.30000000,0.71000000,10.50000000,5.00000000
10.40000000,0.55000000,0.23000000,2.70000000,0.09100000,18.00000000,48.00000000,0.99940000,3.22000000,0.64000000,10.30000000,6.00000000
6.90000000,0.36000000,0.25000000,2.40000000,0.09800000,5.00000000,16.00000000,0.99640000,3.41000000,0.60000000,10.10000000,6.00000000
13.30000000,0.34000000,0.52000000,3.20000000,0.09400000,17.00000000,53.00000000,1.00140000,3.05000000,0.81000000,9.50000000,6.00000000
10.80000000,0.50000000,0.46000000,2.50000000,0.07300000,5.00000000,27.00000000,1.00010000,3.05000000,0.64000000,9.50000000,5.00000000
10.60000000,0.83000000,0.37000000,2.60000000,0.08600000,26.00000000,70.00000000,0.99810000,3.16000000,0.52000000,9.90000000,5.00000000
7.10000000,0.63000000,0.06000000,2.00000000,0.08300000,8.00000000,29.00000000,0.99855000,3.67000000,0.73000000,9.60000000,5.00000000
7.20000000,0.65000000,0.02000000,2.30000000,0.09400000,5.00000000,31.00000000,0.99930000,3.67000000,0.80000000,9.70000000,5.00000000
6.90000000,0.67000000,0.06000000,2.10000000,0.08000000,8.00000000,33.00000000,0.99845000,3.68000000,0.71000000,9.60000000,5.00000000
7.50000000,0.53000000,0.06000000,2.60000000,0.08600000,20.00000000,44.00000000,0.99650000,3.38000000,0.59000000,10.70000000,6.00000000
11.10000000,0.18000000,0.48000000,1.50000000,0.06800000,7.00000000,15.00000000,0.99730000,3.22000000,0.64000000,10.10000000,6.00000000
8.30000000,0.70500000,0.12000000,2.60000000,0.09200000,12.00000000,28.00000000,0.99940000,3.51000000,0.72000000,10.00000000,5.00000000
7.40000000,0.67000000,0.12000000,1.60000000,0.18600000,5.00000000,21.00000000,0.99600000,3.39000000,0.54000000,9.50000000,5.00000000
8.40000000,0.65000000,0.60000000,2.10000000,0.11200000,12.00000000,90.00000000,0.99730000,3.20000000,0.52000000,9.20000000,5.00000000
10.30000000,0.53000000,0.48000000,2.50000000,0.06300000,6.00000000,25.00000000,0.99980000,3.12000000,0.59000000,9.30000000,6.00000000
7.60000000,0.62000000,0.32000000,2.20000000,0.08200000,7.00000000,54.00000000,0.99660000,3.36000000,0.52000000,9.40000000,5.00000000
10.30000000,0.41000000,0.42000000,2.40000000,0.21300000,6.00000000,14.00000000,0.99940000,3.19000000,0.62000000,9.50000000,6.00000000
10.30000000,0.43000000,0.44000000,2.40000000,0.21400000,5.00000000,12.00000000,0.99940000,3.19000000,0.63000000,9.50000000,6.00000000
7.40000000,0.29000000,0.38000000,1.70000000,0.06200000,9.00000000,30.00000000,0.99680000,3.41000000,0.53000000,9.50000000,6.00000000
10.30000000,0.53000000,0.48000000,2.50000000,0.06300000,6.00000000,25.00000000,0.99980000,3.12000000,0.59000000,9.30000000,6.00000000
7.90000000,0.53000000,0.24000000,2.00000000,0.07200000,15.00000000,105.00000000,0.99600000,3.27000000,0.54000000,9.40000000,6.00000000
9.00000000,0.46000000,0.31000000,2.80000000,0.09300000,19.00000000,98.00000000,0.99815000,3.32000000,0.63000000,9.50000000,6.00000000
8.60000000,0.47000000,0.30000000,3.00000000,0.07600000,30.00000000,135.00000000,0.99760000,3.30000000,0.53000000,9.40000000,5.00000000
7.40000000,0.36000000,0.29000000,2.60000000,0.08700000,26.00000000,72.00000000,0.99645000,3.39000000,0.68000000,11.00000000,5.00000000
7.10000000,0.35000000,0.29000000,2.50000000,0.09600000,20.00000000,53.00000000,0.99620000,3.42000000,0.65000000,11.00000000,6.00000000
9.60000000,0.56000000,0.23000000,3.40000000,0.10200000,37.00000000,92.00000000,0.99960000,3.30000000,0.65000000,10.10000000,5.00000000
9.60000000,0.77000000,0.12000000,2.90000000,0.08200000,30.00000000,74.00000000,0.99865000,3.30000000,0.64000000,10.40000000,6.00000000
9.80000000,0.66000000,0.39000000,3.20000000,0.08300000,21.00000000,59.00000000,0.99890000,3.37000000,0.71000000,11.50000000,7.00000000
9.60000000,0.77000000,0.12000000,2.90000000,0.08200000,30.00000000,74.00000000,0.99865000,3.30000000,0.64000000,10.40000000,6.00000000
9.80000000,0.66000000,0.39000000,3.20000000,0.08300000,21.00000000,59.00000000,0.99890000,3.37000000,0.71000000,11.50000000,7.00000000
9.30000000,0.61000000,0.26000000,3.40000000,0.09000000,25.00000000,87.00000000,0.99975000,3.24000000,0.62000000,9.70000000,5.00000000
7.80000000,0.62000000,0.05000000,2.30000000,0.07900000,6.00000000,18.00000000,0.99735000,3.29000000,0.63000000,9.30000000,5.00000000
10.30000000,0.59000000,0.42000000,2.80000000,0.09000000,35.00000000,73.00000000,0.99900000,3.28000000,0.70000000,9.50000000,6.00000000
10.00000000,0.49000000,0.20000000,11.00000000,0.07100000,13.00000000,50.00000000,1.00150000,3.16000000,0.69000000,9.20000000,6.00000000
10.00000000,0.49000000,0.20000000,11.00000000,0.07100000,13.00000000,50.00000000,1.00150000,3.16000000,0.69000000,9.20000000,6.00000000
11.60000000,0.53000000,0.66000000,3.65000000,0.12100000,6.00000000,14.00000000,0.99780000,3.05000000,0.74000000,11.50000000,7.00000000
10.30000000,0.44000000,0.50000000,4.50000000,0.10700000,5.00000000,13.00000000,0.99800000,3.28000000,0.83000000,11.50000000,5.00000000
13.40000000,0.27000000,0.62000000,2.60000000,0.08200000,6.00000000,21.00000000,1.00020000,3.16000000,0.67000000,9.70000000,6.00000000
10.70000000,0.46000000,0.39000000,2.00000000,0.06100000,7.00000000,15.00000000,0.99810000,3.18000000,0.62000000,9.50000000,5.00000000
10.20000000,0.36000000,0.64000000,2.90000000,0.12200000,10.00000000,41.00000000,0.99800000,3.23000000,0.66000000,12.50000000,6.00000000
10.20000000,0.36000000,0.64000000,2.90000000,0.12200000,10.00000000,41.00000000,0.99800000,3.23000000,0.66000000,12.50000000,6.00000000
8.00000000,0.58000000,0.28000000,3.20000000,0.06600000,21.00000000,114.00000000,0.99730000,3.22000000,0.54000000,9.40000000,6.00000000
8.40000000,0.56000000,0.08000000,2.10000000,0.10500000,16.00000000,44.00000000,0.99580000,3.13000000,0.52000000,11.00000000,5.00000000
7.90000000,0.65000000,0.01000000,2.50000000,0.07800000,17.00000000,38.00000000,0.99630000,3.34000000,0.74000000,11.70000000,7.00000000
11.90000000,0.69500000,0.53000000,3.40000000,0.12800000,7.00000000,21.00000000,0.99920000,3.17000000,0.84000000,12.20000000,7.00000000
8.90000000,0.43000000,0.45000000,1.90000000,0.05200000,6.00000000,16.00000000,0.99480000,3.35000000,0.70000000,12.50000000,6.00000000
7.80000000,0.43000000,0.32000000,2.80000000,0.08000000,29.00000000,58.00000000,0.99740000,3.31000000,0.64000000,10.30000000,5.00000000
12.40000000,0.49000000,0.58000000,3.00000000,0.10300000,28.00000000,99.00000000,1.00080000,3.16000000,1.00000000,11.50000000,6.00000000
12.50000000,0.28000000,0.54000000,2.30000000,0.08200000,12.00000000,29.00000000,0.99970000,3.11000000,1.36000000,9.80000000,7.00000000
12.20000000,0.34000000,0.50000000,2.40000000,0.06600000,10.00000000,21.00000000,1.00000000,3.12000000,1.18000000,9.20000000,6.00000000
10.60000000,0.42000000,0.48000000,2.70000000,0.06500000,5.00000000,18.00000000,0.99720000,3.21000000,0.87000000,11.30000000,6.00000000
10.90000000,0.39000000,0.47000000,1.80000000,0.11800000,6.00000000,14.00000000,0.99820000,3.30000000,0.75000000,9.80000000,6.00000000
10.90000000,0.39000000,0.47000000,1.80000000,0.11800000,6.00000000,14.00000000,0.99820000,3.30000000,0.75000000,9.80000000,6.00000000
11.90000000,0.57000000,0.50000000,2.60000000,0.08200000,6.00000000,32.00000000,1.00060000,3.12000000,0.78000000,10.70000000,6.00000000
7.00000000,0.68500000,0.00000000,1.90000000,0.06700000,40.00000000,63.00000000,0.99790000,3.60000000,0.81000000,9.90000000,5.00000000
6.60000000,0.81500000,0.02000000,2.70000000,0.07200000,17.00000000,34.00000000,0.99550000,3.58000000,0.89000000,12.30000000,7.00000000
13.80000000,0.49000000,0.67000000,3.00000000,0.09300000,6.00000000,15.00000000,0.99860000,3.02000000,0.93000000,12.00000000,6.00000000
9.60000000,0.56000000,0.31000000,2.80000000,0.08900000,15.00000000,46.00000000,0.99790000,3.11000000,0.92000000,10.00000000,6.00000000
9.10000000,0.78500000,0.00000000,2.60000000,0.09300000,11.00000000,28.00000000,0.99940000,3.36000000,0.86000000,9.40000000,6.00000000
10.70000000,0.67000000,0.22000000,2.70000000,0.10700000,17.00000000,34.00000000,1.00040000,3.28000000,0.98000000,9.90000000,6.00000000
9.10000000,0.79500000,0.00000000,2.60000000,0.09600000,11.00000000,26.00000000,0.99940000,3.35000000,0.83000000,9.40000000,6.00000000
7.70000000,0.66500000,0.00000000,2.40000000,0.09000000,8.00000000,19.00000000,0.99740000,3.27000000,0.73000000,9.30000000,5.00000000
13.50000000,0.53000000,0.79000000,4.80000000,0.12000000,23.00000000,77.00000000,1.00180000,3.18000000,0.77000000,13.00000000,5.00000000
6.10000000,0.21000000,0.40000000,1.40000000,0.06600000,40.50000000,165.00000000,0.99120000,3.25000000,0.59000000,11.90000000,6.00000000
6.70000000,0.75000000,0.01000000,2.40000000,0.07800000,17.00000000,32.00000000,0.99550000,3.55000000,0.61000000,12.80000000,6.00000000
11.50000000,0.41000000,0.52000000,3.00000000,0.08000000,29.00000000,55.00000000,1.00010000,3.26000000,0.88000000,11.00000000,5.00000000
10.50000000,0.42000000,0.66000000,2.95000000,0.11600000,12.00000000,29.00000000,0.99700000,3.24000000,0.75000000,11.70000000,7.00000000
11.90000000,0.43000000,0.66000000,3.10000000,0.10900000,10.00000000,23.00000000,1.00000000,3.15000000,0.85000000,10.40000000,7.00000000
12.60000000,0.38000000,0.66000000,2.60000000,0.08800000,10.00000000,41.00000000,1.00100000,3.17000000,0.68000000,9.80000000,6.00000000
8.20000000,0.70000000,0.23000000,2.00000000,0.09900000,14.00000000,81.00000000,0.99730000,3.19000000,0.70000000,9.40000000,5.00000000
8.60000000,0.45000000,0.31000000,2.60000000,0.08600000,21.00000000,50.00000000,0.99820000,3.37000000,0.91000000,9.90000000,6.00000000
11.90000000,0.58000000,0.66000000,2.50000000,0.07200000,6.00000000,37.00000000,0.99920000,3.05000000,0.56000000,10.00000000,5.00000000
12.50000000,0.46000000,0.63000000,2.00000000,0.07100000,6.00000000,15.00000000,0.99880000,2.99000000,0.87000000,10.20000000,5.00000000
12.80000000,0.61500000,0.66000000,5.80000000,0.08300000,7.00000000,42.00000000,1.00220000,3.07000000,0.73000000,10.00000000,7.00000000
10.00000000,0.42000000,0.50000000,3.40000000,0.10700000,7.00000000,21.00000000,0.99790000,3.26000000,0.93000000,11.80000000,6.00000000
12.80000000,0.61500000,0.66000000,5.80000000,0.08300000,7.00000000,42.00000000,1.00220000,3.07000000,0.73000000,10.00000000,7.00000000
10.40000000,0.57500000,0.61000000,2.60000000,0.07600000,11.00000000,24.00000000,1.00000000,3.16000000,0.69000000,9.00000000,5.00000000
10.30000000,0.34000000,0.52000000,2.80000000,0.15900000,15.00000000,75.00000000,0.99980000,3.18000000,0.64000000,9.40000000,5.00000000
9.40000000,0.27000000,0.53000000,2.40000000,0.07400000,6.00000000,18.00000000,0.99620000,3.20000000,1.13000000,12.00000000,7.00000000
6.90000000,0.76500000,0.02000000,2.30000000,0.06300000,35.00000000,63.00000000,0.99750000,3.57000000,0.78000000,9.90000000,5.00000000
7.90000000,0.24000000,0.40000000,1.60000000,0.05600000,11.00000000,25.00000000,0.99670000,3.32000000,0.87000000,8.70000000,6.00000000
9.10000000,0.28000000,0.48000000,1.80000000,0.06700000,26.00000000,46.00000000,0.99670000,3.32000000,1.04000000,10.60000000,6.00000000
7.40000000,0.55000000,0.22000000,2.20000000,0.10600000,12.00000000,72.00000000,0.99590000,3.05000000,0.63000000,9.20000000,5.00000000
14.00000000,0.41000000,0.63000000,3.80000000,0.08900000,6.00000000,47.00000000,1.00140000,3.01000000,0.81000000,10.80000000,6.00000000
11.50000000,0.54000000,0.71000000,4.40000000,0.12400000,6.00000000,15.00000000,0.99840000,3.01000000,0.83000000,11.80000000,7.00000000
11.50000000,0.45000000,0.50000000,3.00000000,0.07800000,19.00000000,47.00000000,1.00030000,3.26000000,1.11000000,11.00000000,6.00000000
9.40000000,0.27000000,0.53000000,2.40000000,0.07400000,6.00000000,18.00000000,0.99620000,3.20000000,1.13000000,12.00000000,7.00000000
11.40000000,0.62500000,0.66000000,6.20000000,0.08800000,6.00000000,24.00000000,0.99880000,3.11000000,0.99000000,13.30000000,6.00000000
8.30000000,0.42000000,0.38000000,2.50000000,0.09400000,24.00000000,60.00000000,0.99790000,3.31000000,0.70000000,10.80000000,6.00000000
8.30000000,0.26000000,0.42000000,2.00000000,0.08000000,11.00000000,27.00000000,0.99740000,3.21000000,0.80000000,9.40000000,6.00000000
13.70000000,0.41500000,0.68000000,2.90000000,0.08500000,17.00000000,43.00000000,1.00140000,3.06000000,0.80000000,10.00000000,6.00000000
8.30000000,0.26000000,0.42000000,2.00000000,0.08000000,11.00000000,27.00000000,0.99740000,3.21000000,0.80000000,9.40000000,6.00000000
8.30000000,0.26000000,0.42000000,2.00000000,0.08000000,11.00000000,27.00000000,0.99740000,3.21000000,0.80000000,9.40000000,6.00000000
7.70000000,0.51000000,0.28000000,2.10000000,0.08700000,23.00000000,54.00000000,0.99800000,3.42000000,0.74000000,9.20000000,5.00000000
7.40000000,0.63000000,0.07000000,2.40000000,0.09000000,11.00000000,37.00000000,0.99790000,3.43000000,0.76000000,9.70000000,6.00000000
7.80000000,0.54000000,0.26000000,2.00000000,0.08800000,23.00000000,48.00000000,0.99810000,3.41000000,0.74000000,9.20000000,6.00000000
8.30000000,0.66000000,0.15000000,1.90000000,0.07900000,17.00000000,42.00000000,0.99720000,3.31000000,0.54000000,9.60000000,6.00000000
7.80000000,0.46000000,0.26000000,1.90000000,0.08800000,23.00000000,53.00000000,0.99810000,3.43000000,0.74000000,9.20000000,6.00000000
9.60000000,0.38000000,0.31000000,2.50000000,0.09600000,16.00000000,49.00000000,0.99820000,3.19000000,0.70000000,10.00000000,7.00000000
5.60000000,0.85000000,0.05000000,1.40000000,0.04500000,12.00000000,88.00000000,0.99240000,3.56000000,0.82000000,12.90000000,8.00000000
13.70000000,0.41500000,0.68000000,2.90000000,0.08500000,17.00000000,43.00000000,1.00140000,3.06000000,0.80000000,10.00000000,6.00000000
9.50000000,0.37000000,0.52000000,2.00000000,0.08200000,6.00000000,26.00000000,0.99800000,3.18000000,0.51000000,9.50000000,5.00000000
8.40000000,0.66500000,0.61000000,2.00000000,0.11200000,13.00000000,95.00000000,0.99700000,3.16000000,0.54000000,9.10000000,5.00000000
12.70000000,0.60000000,0.65000000,2.30000000,0.06300000,6.00000000,25.00000000,0.99970000,3.03000000,0.57000000,9.90000000,5.00000000
12.00000000,0.37000000,0.76000000,4.20000000,0.06600000,7.00000000,38.00000000,1.00040000,3.22000000,0.60000000,13.00000000,7.00000000
6.60000000,0.73500000,0.02000000,7.90000000,0.12200000,68.00000000,124.00000000,0.99940000,3.47000000,0.53000000,9.90000000,5.00000000
11.50000000,0.59000000,0.59000000,2.60000000,0.08700000,13.00000000,49.00000000,0.99880000,3.18000000,0.65000000,11.00000000,6.00000000
11.50000000,0.59000000,0.59000000,2.60000000,0.08700000,13.00000000,49.00000000,0.99880000,3.18000000,0.65000000,11.00000000,6.00000000
8.70000000,0.76500000,0.22000000,2.30000000,0.06400000,9.00000000,42.00000000,0.99630000,3.10000000,0.55000000,9.40000000,5.00000000
6.60000000,0.73500000,0.02000000,7.90000000,0.12200000,68.00000000,124.00000000,0.99940000,3.47000000,0.53000000,9.90000000,5.00000000
7.70000000,0.26000000,0.30000000,1.70000000,0.05900000,20.00000000,38.00000000,0.99490000,3.29000000,0.47000000,10.80000000,6.00000000
12.20000000,0.48000000,0.54000000,2.60000000,0.08500000,19.00000000,64.00000000,1.00000000,3.10000000,0.61000000,10.50000000,6.00000000
11.40000000,0.60000000,0.49000000,2.70000000,0.08500000,10.00000000,41.00000000,0.99940000,3.15000000,0.63000000,10.50000000,6.00000000
7.70000000,0.69000000,0.05000000,2.70000000,0.07500000,15.00000000,27.00000000,0.99740000,3.26000000,0.61000000,9.10000000,5.00000000
8.70000000,0.31000000,0.46000000,1.40000000,0.05900000,11.00000000,25.00000000,0.99660000,3.36000000,0.76000000,10.10000000,6.00000000
9.80000000,0.44000000,0.47000000,2.50000000,0.06300000,9.00000000,28.00000000,0.99810000,3.24000000,0.65000000,10.80000000,6.00000000
12.00000000,0.39000000,0.66000000,3.00000000,0.09300000,12.00000000,30.00000000,0.99960000,3.18000000,0.63000000,10.80000000,7.00000000
10.40000000,0.34000000,0.58000000,3.70000000,0.17400000,6.00000000,16.00000000,0.99700000,3.19000000,0.70000000,11.30000000,6.00000000
12.50000000,0.46000000,0.49000000,4.50000000,0.07000000,26.00000000,49.00000000,0.99810000,3.05000000,0.57000000,9.60000000,4.00000000
9.00000000,0.43000000,0.34000000,2.50000000,0.08000000,26.00000000,86.00000000,0.99870000,3.38000000,0.62000000,9.50000000,6.00000000
9.10000000,0.45000000,0.35000000,2.40000000,0.08000000,23.00000000,78.00000000,0.99870000,3.38000000,0.62000000,9.50000000,5.00000000
7.10000000,0.73500000,0.16000000,1.90000000,0.10000000,15.00000000,77.00000000,0.99660000,3.27000000,0.64000000,9.30000000,5.00000000
9.90000000,0.40000000,0.53000000,6.70000000,0.09700000,6.00000000,19.00000000,0.99860000,3.27000000,0.82000000,11.70000000,7.00000000
8.80000000,0.52000000,0.34000000,2.70000000,0.08700000,24.00000000,122.00000000,0.99820000,3.26000000,0.61000000,9.50000000,5.00000000
8.60000000,0.72500000,0.24000000,6.60000000,0.11700000,31.00000000,134.00000000,1.00140000,3.32000000,1.07000000,9.30000000,5.00000000
10.60000000,0.48000000,0.64000000,2.20000000,0.11100000,6.00000000,20.00000000,0.99700000,3.26000000,0.66000000,11.70000000,6.00000000
7.00000000,0.58000000,0.12000000,1.90000000,0.09100000,34.00000000,124.00000000,0.99560000,3.44000000,0.48000000,10.50000000,5.00000000
11.90000000,0.38000000,0.51000000,2.00000000,0.12100000,7.00000000,20.00000000,0.99960000,3.24000000,0.76000000,10.40000000,6.00000000
6.80000000,0.77000000,0.00000000,1.80000000,0.06600000,34.00000000,52.00000000,0.99760000,3.62000000,0.68000000,9.90000000,5.00000000
9.50000000,0.56000000,0.33000000,2.40000000,0.08900000,35.00000000,67.00000000,0.99720000,3.28000000,0.73000000,11.80000000,7.00000000
6.60000000,0.84000000,0.03000000,2.30000000,0.05900000,32.00000000,48.00000000,0.99520000,3.52000000,0.56000000,12.30000000,7.00000000
7.70000000,0.96000000,0.20000000,2.00000000,0.04700000,15.00000000,60.00000000,0.99550000,3.36000000,0.44000000,10.90000000,5.00000000
10.50000000,0.24000000,0.47000000,2.10000000,0.06600000,6.00000000,24.00000000,0.99780000,3.15000000,0.90000000,11.00000000,7.00000000
7.70000000,0.96000000,0.20000000,2.00000000,0.04700000,15.00000000,60.00000000,0.99550000,3.36000000,0.44000000,10.90000000,5.00000000
6.60000000,0.84000000,0.03000000,2.30000000,0.05900000,32.00000000,48.00000000,0.99520000,3.52000000,0.56000000,12.30000000,7.00000000
6.40000000,0.67000000,0.08000000,2.10000000,0.04500000,19.00000000,48.00000000,0.99490000,3.49000000,0.49000000,11.40000000,6.00000000
9.50000000,0.78000000,0.22000000,1.90000000,0.07700000,6.00000000,32.00000000,0.99880000,3.26000000,0.56000000,10.60000000,6.00000000
9.10000000,0.52000000,0.33000000,1.30000000,0.07000000,9.00000000,30.00000000,0.99780000,3.24000000,0.60000000,9.30000000,5.00000000
12.80000000,0.84000000,0.63000000,2.40000000,0.08800000,13.00000000,35.00000000,0.99970000,3.10000000,0.60000000,10.40000000,6.00000000
10.50000000,0.24000000,0.47000000,2.10000000,0.06600000,6.00000000,24.00000000,0.99780000,3.15000000,0.90000000,11.00000000,7.00000000
7.80000000,0.55000000,0.35000000,2.20000000,0.07400000,21.00000000,66.00000000,0.99740000,3.25000000,0.56000000,9.20000000,5.00000000
11.90000000,0.37000000,0.69000000,2.30000000,0.07800000,12.00000000,24.00000000,0.99580000,3.00000000,0.65000000,12.80000000,6.00000000
12.30000000,0.39000000,0.63000000,2.30000000,0.09100000,6.00000000,18.00000000,1.00040000,3.16000000,0.49000000,9.50000000,5.00000000
10.40000000,0.41000000,0.55000000,3.20000000,0.07600000,22.00000000,54.00000000,0.99960000,3.15000000,0.89000000,9.90000000,6.00000000
12.30000000,0.39000000,0.63000000,2.30000000,0.09100000,6.00000000,18.00000000,1.00040000,3.16000000,0.49000000,9.50000000,5.00000000
8.00000000,0.67000000,0.30000000,2.00000000,0.06000000,38.00000000,62.00000000,0.99580000,3.26000000,0.56000000,10.20000000,6.00000000
11.10000000,0.45000000,0.73000000,3.20000000,0.06600000,6.00000000,22.00000000,0.99860000,3.17000000,0.66000000,11.20000000,6.00000000
10.40000000,0.41000000,0.55000000,3.20000000,0.07600000,22.00000000,54.00000000,0.99960000,3.15000000,0.89000000,9.90000000,6.00000000
7.00000000,0.62000000,0.18000000,1.50000000,0.06200000,7.00000000,50.00000000,0.99510000,3.08000000,0.60000000,9.30000000,5.00000000
12.60000000,0.31000000,0.72000000,2.20000000,0.07200000,6.00000000,29.00000000,0.99870000,2.88000000,0.82000000,9.80000000,8.00000000
11.90000000,0.40000000,0.65000000,2.15000000,0.06800000,7.00000000,27.00000000,0.99880000,3.06000000,0.68000000,11.30000000,6.00000000
15.60000000,0.68500000,0.76000000,3.70000000,0.10000000,6.00000000,43.00000000,1.00320000,2.95000000,0.68000000,11.20000000,7.00000000
10.00000000,0.44000000,0.49000000,2.70000000,0.07700000,11.00000000,19.00000000,0.99630000,3.23000000,0.63000000,11.60000000,7.00000000
5.30000000,0.57000000,0.01000000,1.70000000,0.05400000,5.00000000,27.00000000,0.99340000,3.57000000,0.84000000,12.50000000,7.00000000
9.50000000,0.73500000,0.10000000,2.10000000,0.07900000,6.00000000,31.00000000,0.99860000,3.23000000,0.56000000,10.10000000,6.00000000
12.50000000,0.38000000,0.60000000,2.60000000,0.08100000,31.00000000,72.00000000,0.99960000,3.10000000,0.73000000,10.50000000,5.00000000
9.30000000,0.48000000,0.29000000,2.10000000,0.12700000,6.00000000,16.00000000,0.99680000,3.22000000,0.72000000,11.20000000,5.00000000
8.60000000,0.53000000,0.22000000,2.00000000,0.10000000,7.00000000,27.00000000,0.99670000,3.20000000,0.56000000,10.20000000,6.00000000
11.90000000,0.39000000,0.69000000,2.80000000,0.09500000,17.00000000,35.00000000,0.99940000,3.10000000,0.61000000,10.80000000,6.00000000
11.90000000,0.39000000,0.69000000,2.80000000,0.09500000,17.00000000,35.00000000,0.99940000,3.10000000,0.61000000,10.80000000,6.00000000
8.40000000,0.37000000,0.53000000,1.80000000,0.41300000,9.00000000,26.00000000,0.99790000,3.06000000,1.06000000,9.10000000,6.00000000
6.80000000,0.56000000,0.03000000,1.70000000,0.08400000,18.00000000,35.00000000,0.99680000,3.44000000,0.63000000,10.00000000,6.00000000
10.40000000,0.33000000,0.63000000,2.80000000,0.08400000,5.00000000,22.00000000,0.99980000,3.26000000,0.74000000,11.20000000,7.00000000
7.00000000,0.23000000,0.40000000,1.60000000,0.06300000,21.00000000,67.00000000,0.99520000,3.50000000,0.63000000,11.10000000,5.00000000
11.30000000,0.62000000,0.67000000,5.20000000,0.08600000,6.00000000,19.00000000,0.99880000,3.22000000,0.69000000,13.40000000,8.00000000
8.90000000,0.59000000,0.39000000,2.30000000,0.09500000,5.00000000,22.00000000,0.99860000,3.37000000,0.58000000,10.30000000,5.00000000
9.20000000,0.63000000,0.21000000,2.70000000,0.09700000,29.00000000,65.00000000,0.99880000,3.28000000,0.58000000,9.60000000,5.00000000
10.40000000,0.33000000,0.63000000,2.80000000,0.08400000,5.00000000,22.00000000,0.99980000,3.26000000,0.74000000,11.20000000,7.00000000
11.60000000,0.58000000,0.66000000,2.20000000,0.07400000,10.00000000,47.00000000,1.00080000,3.25000000,0.57000000,9.00000000,3.00000000
9.20000000,0.43000000,0.52000000,2.30000000,0.08300000,14.00000000,23.00000000,0.99760000,3.35000000,0.61000000,11.30000000,6.00000000
8.30000000,0.61500000,0.22000000,2.60000000,0.08700000,6.00000000,19.00000000,0.99820000,3.26000000,0.61000000,9.30000000,5.00000000
11.00000000,0.26000000,0.68000000,2.55000000,0.08500000,10.00000000,25.00000000,0.99700000,3.18000000,0.61000000,11.80000000,5.00000000
8.10000000,0.66000000,0.70000000,2.20000000,0.09800000,25.00000000,129.00000000,0.99720000,3.08000000,0.53000000,9.00000000,5.00000000
11.50000000,0.31500000,0.54000000,2.10000000,0.08400000,5.00000000,15.00000000,0.99870000,2.98000000,0.70000000,9.20000000,6.00000000
10.00000000,0.29000000,0.40000000,2.90000000,0.09800000,10.00000000,26.00000000,1.00060000,3.48000000,0.91000000,9.70000000,5.00000000
10.30000000,0.50000000,0.42000000,2.00000000,0.06900000,21.00000000,51.00000000,0.99820000,3.16000000,0.72000000,11.50000000,6.00000000
8.80000000,0.46000000,0.45000000,2.60000000,0.06500000,7.00000000,18.00000000,0.99470000,3.32000000,0.79000000,14.00000000,6.00000000
11.40000000,0.36000000,0.69000000,2.10000000,0.09000000,6.00000000,21.00000000,1.00000000,3.17000000,0.62000000,9.20000000,6.00000000
8.70000000,0.82000000,0.02000000,1.20000000,0.07000000,36.00000000,48.00000000,0.99520000,3.20000000,0.58000000,9.80000000,5.00000000
13.00000000,0.32000000,0.65000000,2.60000000,0.09300000,15.00000000,47.00000000,0.99960000,3.05000000,0.61000000,10.60000000,5.00000000
9.60000000,0.54000000,0.42000000,2.40000000,0.08100000,25.00000000,52.00000000,0.99700000,3.20000000,0.71000000,11.40000000,6.00000000
12.50000000,0.37000000,0.55000000,2.60000000,0.08300000,25.00000000,68.00000000,0.99950000,3.15000000,0.82000000,10.40000000,6.00000000
9.90000000,0.35000000,0.55000000,2.10000000,0.06200000,5.00000000,14.00000000,0.99710000,3.26000000,0.79000000,10.60000000,5.00000000
10.50000000,0.28000000,0.51000000,1.70000000,0.08000000,10.00000000,24.00000000,0.99820000,3.20000000,0.89000000,9.40000000,6.00000000
9.60000000,0.68000000,0.24000000,2.20000000,0.08700000,5.00000000,28.00000000,0.99880000,3.14000000,0.60000000,10.20000000,5.00000000
9.30000000,0.27000000,0.41000000,2.00000000,0.09100000,6.00000000,16.00000000,0.99800000,3.28000000,0.70000000,9.70000000,5.00000000
10.40000000,0.24000000,0.49000000,1.80000000,0.07500000,6.00000000,20.00000000,0.99770000,3.18000000,1.06000000,11.00000000,6.00000000
9.60000000,0.68000000,0.24000000,2.20000000,0.08700000,5.00000000,28.00000000,0.99880000,3.14000000,0.60000000,10.20000000,5.00000000
9.40000000,0.68500000,0.11000000,2.70000000,0.07700000,6.00000000,31.00000000,0.99840000,3.19000000,0.70000000,10.10000000,6.00000000
10.60000000,0.28000000,0.39000000,15.50000000,0.06900000,6.00000000,23.00000000,1.00260000,3.12000000,0.66000000,9.20000000,5.00000000
9.40000000,0.30000000,0.56000000,2.80000000,0.08000000,6.00000000,17.00000000,0.99640000,3.15000000,0.92000000,11.70000000,8.00000000
10.60000000,0.36000000,0.59000000,2.20000000,0.15200000,6.00000000,18.00000000,0.99860000,3.04000000,1.05000000,9.40000000,5.00000000
10.60000000,0.36000000,0.60000000,2.20000000,0.15200000,7.00000000,18.00000000,0.99860000,3.04000000,1.06000000,9.40000000,5.00000000
10.60000000,0.44000000,0.68000000,4.10000000,0.11400000,6.00000000,24.00000000,0.99700000,3.06000000,0.66000000,13.40000000,6.00000000
10.20000000,0.67000000,0.39000000,1.90000000,0.05400000,6.00000000,17.00000000,0.99760000,3.17000000,0.47000000,10.00000000,5.00000000
10.20000000,0.67000000,0.39000000,1.90000000,0.05400000,6.00000000,17.00000000,0.99760000,3.17000000,0.47000000,10.00000000,5.00000000
10.20000000,0.64500000,0.36000000,1.80000000,0.05300000,5.00000000,14.00000000,0.99820000,3.17000000,0.42000000,10.00000000,6.00000000
11.60000000,0.32000000,0.55000000,2.80000000,0.08100000,35.00000000,67.00000000,1.00020000,3.32000000,0.92000000,10.80000000,7.00000000
9.30000000,0.39000000,0.40000000,2.60000000,0.07300000,10.00000000,26.00000000,0.99840000,3.34000000,0.75000000,10.20000000,6.00000000
9.30000000,0.77500000,0.27000000,2.80000000,0.07800000,24.00000000,56.00000000,0.99840000,3.31000000,0.67000000,10.60000000,6.00000000
9.20000000,0.41000000,0.50000000,2.50000000,0.05500000,12.00000000,25.00000000,0.99520000,3.34000000,0.79000000,13.30000000,7.00000000
8.90000000,0.40000000,0.51000000,2.60000000,0.05200000,13.00000000,27.00000000,0.99500000,3.32000000,0.90000000,13.40000000,7.00000000
8.70000000,0.69000000,0.31000000,3.00000000,0.08600000,23.00000000,81.00000000,1.00020000,3.48000000,0.74000000,11.60000000,6.00000000
6.50000000,0.39000000,0.23000000,8.30000000,0.05100000,28.00000000,91.00000000,0.99520000,3.44000000,0.55000000,12.10000000,6.00000000
10.70000000,0.35000000,0.53000000,2.60000000,0.07000000,5.00000000,16.00000000,0.99720000,3.15000000,0.65000000,11.00000000,8.00000000
7.80000000,0.52000000,0.25000000,1.90000000,0.08100000,14.00000000,38.00000000,0.99840000,3.43000000,0.65000000,9.00000000,6.00000000
7.20000000,0.34000000,0.32000000,2.50000000,0.09000000,43.00000000,113.00000000,0.99660000,3.32000000,0.79000000,11.10000000,5.00000000
10.70000000,0.35000000,0.53000000,2.60000000,0.07000000,5.00000000,16.00000000,0.99720000,3.15000000,0.65000000,11.00000000,8.00000000
8.70000000,0.69000000,0.31000000,3.00000000,0.08600000,23.00000000,81.00000000,1.00020000,3.48000000,0.74000000,11.60000000,6.00000000
7.80000000,0.52000000,0.25000000,1.90000000,0.08100000,14.00000000,38.00000000,0.99840000,3.43000000,0.65000000,9.00000000,6.00000000
10.40000000,0.44000000,0.73000000,6.55000000,0.07400000,38.00000000,76.00000000,0.99900000,3.17000000,0.85000000,12.00000000,7.00000000
10.40000000,0.44000000,0.73000000,6.55000000,0.07400000,38.00000000,76.00000000,0.99900000,3.17000000,0.85000000,12.00000000,7.00000000
10.50000000,0.26000000,0.47000000,1.90000000,0.07800000,6.00000000,24.00000000,0.99760000,3.18000000,1.04000000,10.90000000,7.00000000
10.50000000,0.24000000,0.42000000,1.80000000,0.07700000,6.00000000,22.00000000,0.99760000,3.21000000,1.05000000,10.80000000,7.00000000
10.20000000,0.49000000,0.63000000,2.90000000,0.07200000,10.00000000,26.00000000,0.99680000,3.16000000,0.78000000,12.50000000,7.00000000
10.40000000,0.24000000,0.46000000,1.80000000,0.07500000,6.00000000,21.00000000,0.99760000,3.25000000,1.02000000,10.80000000,7.00000000
11.20000000,0.67000000,0.55000000,2.30000000,0.08400000,6.00000000,13.00000000,1.00000000,3.17000000,0.71000000,9.50000000,6.00000000
10.00000000,0.59000000,0.31000000,2.20000000,0.09000000,26.00000000,62.00000000,0.99940000,3.18000000,0.63000000,10.20000000,6.00000000
13.30000000,0.29000000,0.75000000,2.80000000,0.08400000,23.00000000,43.00000000,0.99860000,3.04000000,0.68000000,11.40000000,7.00000000
12.40000000,0.42000000,0.49000000,4.60000000,0.07300000,19.00000000,43.00000000,0.99780000,3.02000000,0.61000000,9.50000000,5.00000000
10.00000000,0.59000000,0.31000000,2.20000000,0.09000000,26.00000000,62.00000000,0.99940000,3.18000000,0.63000000,10.20000000,6.00000000
10.70000000,0.40000000,0.48000000,2.10000000,0.12500000,15.00000000,49.00000000,0.99800000,3.03000000,0.81000000,9.70000000,6.00000000
10.50000000,0.51000000,0.64000000,2.40000000,0.10700000,6.00000000,15.00000000,0.99730000,3.09000000,0.66000000,11.80000000,7.00000000
10.50000000,0.51000000,0.64000000,2.40000000,0.10700000,6.00000000,15.00000000,0.99730000,3.09000000,0.66000000,11.80000000,7.00000000
8.50000000,0.65500000,0.49000000,6.10000000,0.12200000,34.00000000,151.00000000,1.00100000,3.31000000,1.14000000,9.30000000,5.00000000
12.50000000,0.60000000,0.49000000,4.30000000,0.10000000,5.00000000,14.00000000,1.00100000,3.25000000,0.74000000,11.90000000,6.00000000
10.40000000,0.61000000,0.49000000,2.10000000,0.20000000,5.00000000,16.00000000,0.99940000,3.16000000,0.63000000,8.40000000,3.00000000
10.90000000,0.21000000,0.49000000,2.80000000,0.08800000,11.00000000,32.00000000,0.99720000,3.22000000,0.68000000,11.70000000,6.00000000
7.30000000,0.36500000,0.49000000,2.50000000,0.08800000,39.00000000,106.00000000,0.99660000,3.36000000,0.78000000,11.00000000,5.00000000
9.80000000,0.25000000,0.49000000,2.70000000,0.08800000,15.00000000,33.00000000,0.99820000,3.42000000,0.90000000,10.00000000,6.00000000
7.60000000,0.41000000,0.49000000,2.00000000,0.08800000,16.00000000,43.00000000,0.99800000,3.48000000,0.64000000,9.10000000,5.00000000
8.20000000,0.39000000,0.49000000,2.30000000,0.09900000,47.00000000,133.00000000,0.99790000,3.38000000,0.99000000,9.80000000,5.00000000
9.30000000,0.40000000,0.49000000,2.50000000,0.08500000,38.00000000,142.00000000,0.99780000,3.22000000,0.55000000,9.40000000,5.00000000
9.20000000,0.43000000,0.49000000,2.40000000,0.08600000,23.00000000,116.00000000,0.99760000,3.23000000,0.64000000,9.50000000,5.00000000
10.40000000,0.64000000,0.24000000,2.80000000,0.10500000,29.00000000,53.00000000,0.99980000,3.24000000,0.67000000,9.90000000,5.00000000
7.30000000,0.36500000,0.49000000,2.50000000,0.08800000,39.00000000,106.00000000,0.99660000,3.36000000,0.78000000,11.00000000,5.00000000
7.00000000,0.38000000,0.49000000,2.50000000,0.09700000,33.00000000,85.00000000,0.99620000,3.39000000,0.77000000,11.40000000,6.00000000
8.20000000,0.42000000,0.49000000,2.60000000,0.08400000,32.00000000,55.00000000,0.99880000,3.34000000,0.75000000,8.70000000,6.00000000
9.90000000,0.63000000,0.24000000,2.40000000,0.07700000,6.00000000,33.00000000,0.99740000,3.09000000,0.57000000,9.40000000,5.00000000
9.10000000,0.22000000,0.24000000,2.10000000,0.07800000,1.00000000,28.00000000,0.99900000,3.41000000,0.87000000,10.30000000,6.00000000
11.90000000,0.38000000,0.49000000,2.70000000,0.09800000,12.00000000,42.00000000,1.00040000,3.16000000,0.61000000,10.30000000,5.00000000
11.90000000,0.38000000,0.49000000,2.70000000,0.09800000,12.00000000,42.00000000,1.00040000,3.16000000,0.61000000,10.30000000,5.00000000
10.30000000,0.27000000,0.24000000,2.10000000,0.07200000,15.00000000,33.00000000,0.99560000,3.22000000,0.66000000,12.80000000,6.00000000
10.00000000,0.48000000,0.24000000,2.70000000,0.10200000,13.00000000,32.00000000,1.00000000,3.28000000,0.56000000,10.00000000,6.00000000
9.10000000,0.22000000,0.24000000,2.10000000,0.07800000,1.00000000,28.00000000,0.99900000,3.41000000,0.87000000,10.30000000,6.00000000
9.90000000,0.63000000,0.24000000,2.40000000,0.07700000,6.00000000,33.00000000,0.99740000,3.09000000,0.57000000,9.40000000,5.00000000
8.10000000,0.82500000,0.24000000,2.10000000,0.08400000,5.00000000,13.00000000,0.99720000,3.37000000,0.77000000,10.70000000,6.00000000
12.90000000,0.35000000,0.49000000,5.80000000,0.06600000,5.00000000,35.00000000,1.00140000,3.20000000,0.66000000,12.00000000,7.00000000
11.20000000,0.50000000,0.74000000,5.15000000,0.10000000,5.00000000,17.00000000,0.99960000,3.22000000,0.62000000,11.20000000,5.00000000
9.20000000,0.59000000,0.24000000,3.30000000,0.10100000,20.00000000,47.00000000,0.99880000,3.26000000,0.67000000,9.60000000,5.00000000
9.50000000,0.46000000,0.49000000,6.30000000,0.06400000,5.00000000,17.00000000,0.99880000,3.21000000,0.73000000,11.00000000,6.00000000
9.30000000,0.71500000,0.24000000,2.10000000,0.07000000,5.00000000,20.00000000,0.99660000,3.12000000,0.59000000,9.90000000,5.00000000
11.20000000,0.66000000,0.24000000,2.50000000,0.08500000,16.00000000,53.00000000,0.99930000,3.06000000,0.72000000,11.00000000,6.00000000
14.30000000,0.31000000,0.74000000,1.80000000,0.07500000,6.00000000,15.00000000,1.00080000,2.86000000,0.79000000,8.40000000,6.00000000
9.10000000,0.47000000,0.49000000,2.60000000,0.09400000,38.00000000,106.00000000,0.99820000,3.08000000,0.59000000,9.10000000,5.00000000
7.50000000,0.55000000,0.24000000,2.00000000,0.07800000,10.00000000,28.00000000,0.99830000,3.45000000,0.78000000,9.50000000,6.00000000
10.60000000,0.31000000,0.49000000,2.50000000,0.06700000,6.00000000,21.00000000,0.99870000,3.26000000,0.86000000,10.70000000,6.00000000
12.40000000,0.35000000,0.49000000,2.60000000,0.07900000,27.00000000,69.00000000,0.99940000,3.12000000,0.75000000,10.40000000,6.00000000
9.00000000,0.53000000,0.49000000,1.90000000,0.17100000,6.00000000,25.00000000,0.99750000,3.27000000,0.61000000,9.40000000,6.00000000
6.80000000,0.51000000,0.01000000,2.10000000,0.07400000,9.00000000,25.00000000,0.99580000,3.33000000,0.56000000,9.50000000,6.00000000
9.40000000,0.43000000,0.24000000,2.80000000,0.09200000,14.00000000,45.00000000,0.99800000,3.19000000,0.73000000,10.00000000,6.00000000
9.50000000,0.46000000,0.24000000,2.70000000,0.09200000,14.00000000,44.00000000,0.99800000,3.12000000,0.74000000,10.00000000,6.00000000
5.00000000,1.04000000,0.24000000,1.60000000,0.05000000,32.00000000,96.00000000,0.99340000,3.74000000,0.62000000,11.50000000,5.00000000
15.50000000,0.64500000,0.49000000,4.20000000,0.09500000,10.00000000,23.00000000,1.00315000,2.92000000,0.74000000,11.10000000,5.00000000
15.50000000,0.64500000,0.49000000,4.20000000,0.09500000,10.00000000,23.00000000,1.00315000,2.92000000,0.74000000,11.10000000,5.00000000
10.90000000,0.53000000,0.49000000,4.60000000,0.11800000,10.00000000,17.00000000,1.00020000,3.07000000,0.56000000,11.70000000,6.00000000
15.60000000,0.64500000,0.49000000,4.20000000,0.09500000,10.00000000,23.00000000,1.00315000,2.92000000,0.74000000,11.10000000,5.00000000
10.90000000,0.53000000,0.49000000,4.60000000,0.11800000,10.00000000,17.00000000,1.00020000,3.07000000,0.56000000,11.70000000,6.00000000
13.00000000,0.47000000,0.49000000,4.30000000,0.08500000,6.00000000,47.00000000,1.00210000,3.30000000,0.68000000,12.70000000,6.00000000
12.70000000,0.60000000,0.49000000,2.80000000,0.07500000,5.00000000,19.00000000,0.99940000,3.14000000,0.57000000,11.40000000,5.00000000
9.00000000,0.44000000,0.49000000,2.40000000,0.07800000,26.00000000,121.00000000,0.99780000,3.23000000,0.58000000,9.20000000,5.00000000
9.00000000,0.54000000,0.49000000,2.90000000,0.09400000,41.00000000,110.00000000,0.99820000,3.08000000,0.61000000,9.20000000,5.00000000
7.60000000,0.29000000,0.49000000,2.70000000,0.09200000,25.00000000,60.00000000,0.99710000,3.31000000,0.61000000,10.10000000,6.00000000
13.00000000,0.47000000,0.49000000,4.30000000,0.08500000,6.00000000,47.00000000,1.00210000,3.30000000,0.68000000,12.70000000,6.00000000
12.70000000,0.60000000,0.49000000,2.80000000,0.07500000,5.00000000,19.00000000,0.99940000,3.14000000,0.57000000,11.40000000,5.00000000
8.70000000,0.70000000,0.24000000,2.50000000,0.22600000,5.00000000,15.00000000,0.99910000,3.32000000,0.60000000,9.00000000,6.00000000
8.70000000,0.70000000,0.24000000,2.50000000,0.22600000,5.00000000,15.00000000,0.99910000,3.32000000,0.60000000,9.00000000,6.00000000
9.80000000,0.50000000,0.49000000,2.60000000,0.25000000,5.00000000,20.00000000,0.99900000,3.31000000,0.79000000,10.70000000,6.00000000
6.20000000,0.36000000,0.24000000,2.20000000,0.09500000,19.00000000,42.00000000,0.99460000,3.57000000,0.57000000,11.70000000,6.00000000
11.50000000,0.35000000,0.49000000,3.30000000,0.07000000,10.00000000,37.00000000,1.00030000,3.32000000,0.91000000,11.00000000,6.00000000
6.20000000,0.36000000,0.24000000,2.20000000,0.09500000,19.00000000,42.00000000,0.99460000,3.57000000,0.57000000,11.70000000,6.00000000
10.20000000,0.24000000,0.49000000,2.40000000,0.07500000,10.00000000,28.00000000,0.99780000,3.14000000,0.61000000,10.40000000,5.00000000
10.50000000,0.59000000,0.49000000,2.10000000,0.07000000,14.00000000,47.00000000,0.99910000,3.30000000,0.56000000,9.60000000,4.00000000
10.60000000,0.34000000,0.49000000,3.20000000,0.07800000,20.00000000,78.00000000,0.99920000,3.19000000,0.70000000,10.00000000,6.00000000
12.30000000,0.27000000,0.49000000,3.10000000,0.07900000,28.00000000,46.00000000,0.99930000,3.20000000,0.80000000,10.20000000,6.00000000
9.90000000,0.50000000,0.24000000,2.30000000,0.10300000,6.00000000,14.00000000,0.99780000,3.34000000,0.52000000,10.00000000,4.00000000
8.80000000,0.44000000,0.49000000,2.80000000,0.08300000,18.00000000,111.00000000,0.99820000,3.30000000,0.60000000,9.50000000,5.00000000
8.80000000,0.47000000,0.49000000,2.90000000,0.08500000,17.00000000,110.00000000,0.99820000,3.29000000,0.60000000,9.80000000,5.00000000
10.60000000,0.31000000,0.49000000,2.20000000,0.06300000,18.00000000,40.00000000,0.99760000,3.14000000,0.51000000,9.80000000,6.00000000
12.30000000,0.50000000,0.49000000,2.20000000,0.08900000,5.00000000,14.00000000,1.00020000,3.19000000,0.44000000,9.60000000,5.00000000
12.30000000,0.50000000,0.49000000,2.20000000,0.08900000,5.00000000,14.00000000,1.00020000,3.19000000,0.44000000,9.60000000,5.00000000
11.70000000,0.49000000,0.49000000,2.20000000,0.08300000,5.00000000,15.00000000,1.00000000,3.19000000,0.43000000,9.20000000,5.00000000
12.00000000,0.28000000,0.49000000,1.90000000,0.07400000,10.00000000,21.00000000,0.99760000,2.98000000,0.66000000,9.90000000,7.00000000
11.80000000,0.33000000,0.49000000,3.40000000,0.09300000,54.00000000,80.00000000,1.00020000,3.30000000,0.76000000,10.70000000,7.00000000
7.60000000,0.51000000,0.24000000,2.40000000,0.09100000,8.00000000,38.00000000,0.99800000,3.47000000,0.66000000,9.60000000,6.00000000
11.10000000,0.31000000,0.49000000,2.70000000,0.09400000,16.00000000,47.00000000,0.99860000,3.12000000,1.02000000,10.60000000,7.00000000
7.30000000,0.73000000,0.24000000,1.90000000,0.10800000,18.00000000,102.00000000,0.99670000,3.26000000,0.59000000,9.30000000,5.00000000
5.00000000,0.42000000,0.24000000,2.00000000,0.06000000,19.00000000,50.00000000,0.99170000,3.72000000,0.74000000,14.00000000,8.00000000
10.20000000,0.29000000,0.49000000,2.60000000,0.05900000,5.00000000,13.00000000,0.99760000,3.05000000,0.74000000,10.50000000,7.00000000
9.00000000,0.45000000,0.49000000,2.60000000,0.08400000,21.00000000,75.00000000,0.99870000,3.35000000,0.57000000,9.70000000,5.00000000
6.60000000,0.39000000,0.49000000,1.70000000,0.07000000,23.00000000,149.00000000,0.99220000,3.12000000,0.50000000,11.50000000,6.00000000
9.00000000,0.45000000,0.49000000,2.60000000,0.08400000,21.00000000,75.00000000,0.99870000,3.35000000,0.57000000,9.70000000,5.00000000
9.90000000,0.49000000,0.58000000,3.50000000,0.09400000,9.00000000,43.00000000,1.00040000,3.29000000,0.58000000,9.00000000,5.00000000
7.90000000,0.72000000,0.17000000,2.60000000,0.09600000,20.00000000,38.00000000,0.99780000,3.40000000,0.53000000,9.50000000,5.00000000
8.90000000,0.59500000,0.41000000,7.90000000,0.08600000,30.00000000,109.00000000,0.99980000,3.27000000,0.57000000,9.30000000,5.00000000
12.40000000,0.40000000,0.51000000,2.00000000,0.05900000,6.00000000,24.00000000,0.99940000,3.04000000,0.60000000,9.30000000,6.00000000
11.90000000,0.58000000,0.58000000,1.90000000,0.07100000,5.00000000,18.00000000,0.99800000,3.09000000,0.63000000,10.00000000,6.00000000
8.50000000,0.58500000,0.18000000,2.10000000,0.07800000,5.00000000,30.00000000,0.99670000,3.20000000,0.48000000,9.80000000,6.00000000
12.70000000,0.59000000,0.45000000,2.30000000,0.08200000,11.00000000,22.00000000,1.00000000,3.00000000,0.70000000,9.30000000,6.00000000
8.20000000,0.91500000,0.27000000,2.10000000,0.08800000,7.00000000,23.00000000,0.99620000,3.26000000,0.47000000,10.00000000,4.00000000
13.20000000,0.46000000,0.52000000,2.20000000,0.07100000,12.00000000,35.00000000,1.00060000,3.10000000,0.56000000,9.00000000,6.00000000
7.70000000,0.83500000,0.00000000,2.60000000,0.08100000,6.00000000,14.00000000,0.99750000,3.30000000,0.52000000,9.30000000,5.00000000
13.20000000,0.46000000,0.52000000,2.20000000,0.07100000,12.00000000,35.00000000,1.00060000,3.10000000,0.56000000,9.00000000,6.00000000
8.30000000,0.58000000,0.13000000,2.90000000,0.09600000,14.00000000,63.00000000,0.99840000,3.17000000,0.62000000,9.10000000,6.00000000
8.30000000,0.60000000,0.13000000,2.60000000,0.08500000,6.00000000,24.00000000,0.99840000,3.31000000,0.59000000,9.20000000,6.00000000
9.40000000,0.41000000,0.48000000,4.60000000,0.07200000,10.00000000,20.00000000,0.99730000,3.34000000,0.79000000,12.20000000,7.00000000
8.80000000,0.48000000,0.41000000,3.30000000,0.09200000,26.00000000,52.00000000,0.99820000,3.31000000,0.53000000,10.50000000,6.00000000
10.10000000,0.65000000,0.37000000,5.10000000,0.11000000,11.00000000,65.00000000,1.00260000,3.32000000,0.64000000,10.40000000,6.00000000
6.30000000,0.36000000,0.19000000,3.20000000,0.07500000,15.00000000,39.00000000,0.99560000,3.56000000,0.52000000,12.70000000,6.00000000
8.80000000,0.24000000,0.54000000,2.50000000,0.08300000,25.00000000,57.00000000,0.99830000,3.39000000,0.54000000,9.20000000,5.00000000
13.20000000,0.38000000,0.55000000,2.70000000,0.08100000,5.00000000,16.00000000,1.00060000,2.98000000,0.54000000,9.40000000,5.00000000
7.50000000,0.64000000,0.00000000,2.40000000,0.07700000,18.00000000,29.00000000,0.99650000,3.32000000,0.60000000,10.00000000,6.00000000
8.20000000,0.39000000,0.38000000,1.50000000,0.05800000,10.00000000,29.00000000,0.99620000,3.26000000,0.74000000,9.80000000,5.00000000
9.20000000,0.75500000,0.18000000,2.20000000,0.14800000,10.00000000,103.00000000,0.99690000,2.87000000,1.36000000,10.20000000,6.00000000
9.60000000,0.60000000,0.50000000,2.30000000,0.07900000,28.00000000,71.00000000,0.99970000,3.50000000,0.57000000,9.70000000,5.00000000
9.60000000,0.60000000,0.50000000,2.30000000,0.07900000,28.00000000,71.00000000,0.99970000,3.50000000,0.57000000,9.70000000,5.00000000
11.50000000,0.31000000,0.51000000,2.20000000,0.07900000,14.00000000,28.00000000,0.99820000,3.03000000,0.93000000,9.80000000,6.00000000
11.40000000,0.46000000,0.50000000,2.70000000,0.12200000,4.00000000,17.00000000,1.00060000,3.13000000,0.70000000,10.20000000,5.00000000
11.30000000,0.37000000,0.41000000,2.30000000,0.08800000,6.00000000,16.00000000,0.99880000,3.09000000,0.80000000,9.30000000,5.00000000
8.30000000,0.54000000,0.24000000,3.40000000,0.07600000,16.00000000,112.00000000,0.99760000,3.27000000,0.61000000,9.40000000,5.00000000
8.20000000,0.56000000,0.23000000,3.40000000,0.07800000,14.00000000,104.00000000,0.99760000,3.28000000,0.62000000,9.40000000,5.00000000
10.00000000,0.58000000,0.22000000,1.90000000,0.08000000,9.00000000,32.00000000,0.99740000,3.13000000,0.55000000,9.50000000,5.00000000
7.90000000,0.51000000,0.25000000,2.90000000,0.07700000,21.00000000,45.00000000,0.99740000,3.49000000,0.96000000,12.10000000,6.00000000
6.80000000,0.69000000,0.00000000,5.60000000,0.12400000,21.00000000,58.00000000,0.99970000,3.46000000,0.72000000,10.20000000,5.00000000
6.80000000,0.69000000,0.00000000,5.60000000,0.12400000,21.00000000,58.00000000,0.99970000,3.46000000,0.72000000,10.20000000,5.00000000
8.80000000,0.60000000,0.29000000,2.20000000,0.09800000,5.00000000,15.00000000,0.99880000,3.36000000,0.49000000,9.10000000,5.00000000
8.80000000,0.60000000,0.29000000,2.20000000,0.09800000,5.00000000,15.00000000,0.99880000,3.36000000,0.49000000,9.10000000,5.00000000
8.70000000,0.54000000,0.26000000,2.50000000,0.09700000,7.00000000,31.00000000,0.99760000,3.27000000,0.60000000,9.30000000,6.00000000
7.60000000,0.68500000,0.23000000,2.30000000,0.11100000,20.00000000,84.00000000,0.99640000,3.21000000,0.61000000,9.30000000,5.00000000
8.70000000,0.54000000,0.26000000,2.50000000,0.09700000,7.00000000,31.00000000,0.99760000,3.27000000,0.60000000,9.30000000,6.00000000
10.40000000,0.28000000,0.54000000,2.70000000,0.10500000,5.00000000,19.00000000,0.99880000,3.25000000,0.63000000,9.50000000,5.00000000
7.60000000,0.41000000,0.14000000,3.00000000,0.08700000,21.00000000,43.00000000,0.99640000,3.32000000,0.57000000,10.50000000,6.00000000
10.10000000,0.93500000,0.22000000,3.40000000,0.10500000,11.00000000,86.00000000,1.00100000,3.43000000,0.64000000,11.30000000,4.00000000
7.90000000,0.35000000,0.21000000,1.90000000,0.07300000,46.00000000,102.00000000,0.99640000,3.27000000,0.58000000,9.50000000,5.00000000
8.70000000,0.84000000,0.00000000,1.40000000,0.06500000,24.00000000,33.00000000,0.99540000,3.27000000,0.55000000,9.70000000,5.00000000
9.60000000,0.88000000,0.28000000,2.40000000,0.08600000,30.00000000,147.00000000,0.99790000,3.24000000,0.53000000,9.40000000,5.00000000
9.50000000,0.88500000,0.27000000,2.30000000,0.08400000,31.00000000,145.00000000,0.99780000,3.24000000,0.53000000,9.40000000,5.00000000
7.70000000,0.91500000,0.12000000,2.20000000,0.14300000,7.00000000,23.00000000,0.99640000,3.35000000,0.65000000,10.20000000,7.00000000
8.90000000,0.29000000,0.35000000,1.90000000,0.06700000,25.00000000,57.00000000,0.99700000,3.18000000,1.36000000,10.30000000,6.00000000
9.90000000,0.54000000,0.45000000,2.30000000,0.07100000,16.00000000,40.00000000,0.99910000,3.39000000,0.62000000,9.40000000,5.00000000
9.50000000,0.59000000,0.44000000,2.30000000,0.07100000,21.00000000,68.00000000,0.99920000,3.46000000,0.63000000,9.50000000,5.00000000
9.90000000,0.54000000,0.45000000,2.30000000,0.07100000,16.00000000,40.00000000,0.99910000,3.39000000,0.62000000,9.40000000,5.00000000
9.50000000,0.59000000,0.44000000,2.30000000,0.07100000,21.00000000,68.00000000,0.99920000,3.46000000,0.63000000,9.50000000,5.00000000
9.90000000,0.54000000,0.45000000,2.30000000,0.07100000,16.00000000,40.00000000,0.99910000,3.39000000,0.62000000,9.40000000,5.00000000
7.80000000,0.64000000,0.10000000,6.00000000,0.11500000,5.00000000,11.00000000,0.99840000,3.37000000,0.69000000,10.10000000,7.00000000
7.30000000,0.67000000,0.05000000,3.60000000,0.10700000,6.00000000,20.00000000,0.99720000,3.40000000,0.63000000,10.10000000,5.00000000
8.30000000,0.84500000,0.01000000,2.20000000,0.07000000,5.00000000,14.00000000,0.99670000,3.32000000,0.58000000,11.00000000,4.00000000
8.70000000,0.48000000,0.30000000,2.80000000,0.06600000,10.00000000,28.00000000,0.99640000,3.33000000,0.67000000,11.20000000,7.00000000
6.70000000,0.42000000,0.27000000,8.60000000,0.06800000,24.00000000,148.00000000,0.99480000,3.16000000,0.57000000,11.30000000,6.00000000
10.70000000,0.43000000,0.39000000,2.20000000,0.10600000,8.00000000,32.00000000,0.99860000,2.89000000,0.50000000,9.60000000,5.00000000
9.80000000,0.88000000,0.25000000,2.50000000,0.10400000,35.00000000,155.00000000,1.00100000,3.41000000,0.67000000,11.20000000,5.00000000
15.90000000,0.36000000,0.65000000,7.50000000,0.09600000,22.00000000,71.00000000,0.99760000,2.98000000,0.84000000,14.90000000,5.00000000
9.40000000,0.33000000,0.59000000,2.80000000,0.07900000,9.00000000,30.00000000,0.99760000,3.12000000,0.54000000,12.00000000,6.00000000
8.60000000,0.47000000,0.47000000,2.40000000,0.07400000,7.00000000,29.00000000,0.99790000,3.08000000,0.46000000,9.50000000,5.00000000
9.70000000,0.55000000,0.17000000,2.90000000,0.08700000,20.00000000,53.00000000,1.00040000,3.14000000,0.61000000,9.40000000,5.00000000
10.70000000,0.43000000,0.39000000,2.20000000,0.10600000,8.00000000,32.00000000,0.99860000,2.89000000,0.50000000,9.60000000,5.00000000
12.00000000,0.50000000,0.59000000,1.40000000,0.07300000,23.00000000,42.00000000,0.99800000,2.92000000,0.68000000,10.50000000,7.00000000
7.20000000,0.52000000,0.07000000,1.40000000,0.07400000,5.00000000,20.00000000,0.99730000,3.32000000,0.81000000,9.60000000,6.00000000
7.10000000,0.84000000,0.02000000,4.40000000,0.09600000,5.00000000,13.00000000,0.99700000,3.41000000,0.57000000,11.00000000,4.00000000
7.20000000,0.52000000,0.07000000,1.40000000,0.07400000,5.00000000,20.00000000,0.99730000,3.32000000,0.81000000,9.60000000,6.00000000
7.50000000,0.42000000,0.31000000,1.60000000,0.08000000,15.00000000,42.00000000,0.99780000,3.31000000,0.64000000,9.00000000,5.00000000
7.20000000,0.57000000,0.06000000,1.60000000,0.07600000,9.00000000,27.00000000,0.99720000,3.36000000,0.70000000,9.60000000,6.00000000
10.10000000,0.28000000,0.46000000,1.80000000,0.05000000,5.00000000,13.00000000,0.99740000,3.04000000,0.79000000,10.20000000,6.00000000
12.10000000,0.40000000,0.52000000,2.00000000,0.09200000,15.00000000,54.00000000,1.00000000,3.03000000,0.66000000,10.20000000,5.00000000
9.40000000,0.59000000,0.14000000,2.00000000,0.08400000,25.00000000,48.00000000,0.99810000,3.14000000,0.56000000,9.70000000,5.00000000
8.30000000,0.49000000,0.36000000,1.80000000,0.22200000,6.00000000,16.00000000,0.99800000,3.18000000,0.60000000,9.50000000,6.00000000
11.30000000,0.34000000,0.45000000,2.00000000,0.08200000,6.00000000,15.00000000,0.99880000,2.94000000,0.66000000,9.20000000,6.00000000
10.00000000,0.73000000,0.43000000,2.30000000,0.05900000,15.00000000,31.00000000,0.99660000,3.15000000,0.57000000,11.00000000,5.00000000
11.30000000,0.34000000,0.45000000,2.00000000,0.08200000,6.00000000,15.00000000,0.99880000,2.94000000,0.66000000,9.20000000,6.00000000
6.90000000,0.40000000,0.24000000,2.50000000,0.08300000,30.00000000,45.00000000,0.99590000,3.26000000,0.58000000,10.00000000,5.00000000
8.20000000,0.73000000,0.21000000,1.70000000,0.07400000,5.00000000,13.00000000,0.99680000,3.20000000,0.52000000,9.50000000,5.00000000
9.80000000,1.24000000,0.34000000,2.00000000,0.07900000,32.00000000,151.00000000,0.99800000,3.15000000,0.53000000,9.50000000,5.00000000
8.20000000,0.73000000,0.21000000,1.70000000,0.07400000,5.00000000,13.00000000,0.99680000,3.20000000,0.52000000,9.50000000,5.00000000
10.80000000,0.40000000,0.41000000,2.20000000,0.08400000,7.00000000,17.00000000,0.99840000,3.08000000,0.67000000,9.30000000,6.00000000
9.30000000,0.41000000,0.39000000,2.20000000,0.06400000,12.00000000,31.00000000,0.99840000,3.26000000,0.65000000,10.20000000,5.00000000
10.80000000,0.40000000,0.41000000,2.20000000,0.08400000,7.00000000,17.00000000,0.99840000,3.08000000,0.67000000,9.30000000,6.00000000
8.60000000,0.80000000,0.11000000,2.30000000,0.08400000,12.00000000,31.00000000,0.99790000,3.40000000,0.48000000,9.90000000,5.00000000
8.30000000,0.78000000,0.10000000,2.60000000,0.08100000,45.00000000,87.00000000,0.99830000,3.48000000,0.53000000,10.00000000,5.00000000
10.80000000,0.26000000,0.45000000,3.30000000,0.06000000,20.00000000,49.00000000,0.99720000,3.13000000,0.54000000,9.60000000,5.00000000
13.30000000,0.43000000,0.58000000,1.90000000,0.07000000,15.00000000,40.00000000,1.00040000,3.06000000,0.49000000,9.00000000,5.00000000
8.00000000,0.45000000,0.23000000,2.20000000,0.09400000,16.00000000,29.00000000,0.99620000,3.21000000,0.49000000,10.20000000,6.00000000
8.50000000,0.46000000,0.31000000,2.25000000,0.07800000,32.00000000,58.00000000,0.99800000,3.33000000,0.54000000,9.80000000,5.00000000
8.10000000,0.78000000,0.23000000,2.60000000,0.05900000,5.00000000,15.00000000,0.99700000,3.37000000,0.56000000,11.30000000,5.00000000
9.80000000,0.98000000,0.32000000,2.30000000,0.07800000,35.00000000,152.00000000,0.99800000,3.25000000,0.48000000,9.40000000,5.00000000
8.10000000,0.78000000,0.23000000,2.60000000,0.05900000,5.00000000,15.00000000,0.99700000,3.37000000,0.56000000,11.30000000,5.00000000
7.10000000,0.65000000,0.18000000,1.80000000,0.07000000,13.00000000,40.00000000,0.99700000,3.44000000,0.60000000,9.10000000,5.00000000
9.10000000,0.64000000,0.23000000,3.10000000,0.09500000,13.00000000,38.00000000,0.99980000,3.28000000,0.59000000,9.70000000,5.00000000
7.70000000,0.66000000,0.04000000,1.60000000,0.03900000,4.00000000,9.00000000,0.99620000,3.40000000,0.47000000,9.40000000,5.00000000
8.10000000,0.38000000,0.48000000,1.80000000,0.15700000,5.00000000,17.00000000,0.99760000,3.30000000,1.05000000,9.40000000,5.00000000
7.40000000,1.18500000,0.00000000,4.25000000,0.09700000,5.00000000,14.00000000,0.99660000,3.63000000,0.54000000,10.70000000,3.00000000
9.20000000,0.92000000,0.24000000,2.60000000,0.08700000,12.00000000,93.00000000,0.99980000,3.48000000,0.54000000,9.80000000,5.00000000
8.60000000,0.49000000,0.51000000,2.00000000,0.42200000,16.00000000,62.00000000,0.99790000,3.03000000,1.17000000,9.00000000,5.00000000
9.00000000,0.48000000,0.32000000,2.80000000,0.08400000,21.00000000,122.00000000,0.99840000,3.32000000,0.62000000,9.40000000,5.00000000
9.00000000,0.47000000,0.31000000,2.70000000,0.08400000,24.00000000,125.00000000,0.99840000,3.31000000,0.61000000,9.40000000,5.00000000
5.10000000,0.47000000,0.02000000,1.30000000,0.03400000,18.00000000,44.00000000,0.99210000,3.90000000,0.62000000,12.80000000,6.00000000
7.00000000,0.65000000,0.02000000,2.10000000,0.06600000,8.00000000,25.00000000,0.99720000,3.47000000,0.67000000,9.50000000,6.00000000
7.00000000,0.65000000,0.02000000,2.10000000,0.06600000,8.00000000,25.00000000,0.99720000,3.47000000,0.67000000,9.50000000,6.00000000
9.40000000,0.61500000,0.28000000,3.20000000,0.08700000,18.00000000,72.00000000,1.00010000,3.31000000,0.53000000,9.70000000,5.00000000
11.80000000,0.38000000,0.55000000,2.10000000,0.07100000,5.00000000,19.00000000,0.99860000,3.11000000,0.62000000,10.80000000,6.00000000
10.60000000,1.02000000,0.43000000,2.90000000,0.07600000,26.00000000,88.00000000,0.99840000,3.08000000,0.57000000,10.10000000,6.00000000
7.00000000,0.65000000,0.02000000,2.10000000,0.06600000,8.00000000,25.00000000,0.99720000,3.47000000,0.67000000,9.50000000,6.00000000
7.00000000,0.64000000,0.02000000,2.10000000,0.06700000,9.00000000,23.00000000,0.99700000,3.47000000,0.67000000,9.40000000,6.00000000
7.50000000,0.38000000,0.48000000,2.60000000,0.07300000,22.00000000,84.00000000,0.99720000,3.32000000,0.70000000,9.60000000,4.00000000
9.10000000,0.76500000,0.04000000,1.60000000,0.07800000,4.00000000,14.00000000,0.99800000,3.29000000,0.54000000,9.70000000,4.00000000
8.40000000,1.03500000,0.15000000,6.00000000,0.07300000,11.00000000,54.00000000,0.99900000,3.37000000,0.49000000,9.90000000,5.00000000
7.00000000,0.78000000,0.08000000,2.00000000,0.09300000,10.00000000,19.00000000,0.99560000,3.40000000,0.47000000,10.00000000,5.00000000
7.40000000,0.49000000,0.19000000,3.00000000,0.07700000,16.00000000,37.00000000,0.99660000,3.37000000,0.51000000,10.50000000,5.00000000
7.80000000,0.54500000,0.12000000,2.50000000,0.06800000,11.00000000,35.00000000,0.99600000,3.34000000,0.61000000,11.60000000,6.00000000
9.70000000,0.31000000,0.47000000,1.60000000,0.06200000,13.00000000,33.00000000,0.99830000,3.27000000,0.66000000,10.00000000,6.00000000
10.60000000,1.02500000,0.43000000,2.80000000,0.08000000,21.00000000,84.00000000,0.99850000,3.06000000,0.57000000,10.10000000,5.00000000
8.90000000,0.56500000,0.34000000,3.00000000,0.09300000,16.00000000,112.00000000,0.99980000,3.38000000,0.61000000,9.50000000,5.00000000
8.70000000,0.69000000,0.00000000,3.20000000,0.08400000,13.00000000,33.00000000,0.99920000,3.36000000,0.45000000,9.40000000,5.00000000
8.00000000,0.43000000,0.36000000,2.30000000,0.07500000,10.00000000,48.00000000,0.99760000,3.34000000,0.46000000,9.40000000,5.00000000
9.90000000,0.74000000,0.28000000,2.60000000,0.07800000,21.00000000,77.00000000,0.99800000,3.28000000,0.51000000,9.80000000,5.00000000
7.20000000,0.49000000,0.18000000,2.70000000,0.06900000,13.00000000,34.00000000,0.99670000,3.29000000,0.48000000,9.20000000,6.00000000
8.00000000,0.43000000,0.36000000,2.30000000,0.07500000,10.00000000,48.00000000,0.99760000,3.34000000,0.46000000,9.40000000,5.00000000
7.60000000,0.46000000,0.11000000,2.60000000,0.07900000,12.00000000,49.00000000,0.99680000,3.21000000,0.57000000,10.00000000,5.00000000
8.40000000,0.56000000,0.04000000,2.00000000,0.08200000,10.00000000,22.00000000,0.99760000,3.22000000,0.44000000,9.60000000,5.00000000
7.10000000,0.66000000,0.00000000,3.90000000,0.08600000,17.00000000,45.00000000,0.99760000,3.46000000,0.54000000,9.50000000,5.00000000
8.40000000,0.56000000,0.04000000,2.00000000,0.08200000,10.00000000,22.00000000,0.99760000,3.22000000,0.44000000,9.60000000,5.00000000
8.90000000,0.48000000,0.24000000,2.85000000,0.09400000,35.00000000,106.00000000,0.99820000,3.10000000,0.53000000,9.20000000,5.00000000
7.60000000,0.42000000,0.08000000,2.70000000,0.08400000,15.00000000,48.00000000,0.99680000,3.21000000,0.59000000,10.00000000,5.00000000
7.10000000,0.31000000,0.30000000,2.20000000,0.05300000,36.00000000,127.00000000,0.99650000,2.94000000,1.62000000,9.50000000,5.00000000
7.50000000,1.11500000,0.10000000,3.10000000,0.08600000,5.00000000,12.00000000,0.99580000,3.54000000,0.60000000,11.20000000,4.00000000
9.00000000,0.66000000,0.17000000,3.00000000,0.07700000,5.00000000,13.00000000,0.99760000,3.29000000,0.55000000,10.40000000,5.00000000
8.10000000,0.72000000,0.09000000,2.80000000,0.08400000,18.00000000,49.00000000,0.99940000,3.43000000,0.72000000,11.10000000,6.00000000
6.40000000,0.57000000,0.02000000,1.80000000,0.06700000,4.00000000,11.00000000,0.99700000,3.46000000,0.68000000,9.50000000,5.00000000
6.40000000,0.57000000,0.02000000,1.80000000,0.06700000,4.00000000,11.00000000,0.99700000,3.46000000,0.68000000,9.50000000,5.00000000
6.40000000,0.86500000,0.03000000,3.20000000,0.07100000,27.00000000,58.00000000,0.99500000,3.61000000,0.49000000,12.70000000,6.00000000
9.50000000,0.55000000,0.66000000,2.30000000,0.38700000,12.00000000,37.00000000,0.99820000,3.17000000,0.67000000,9.60000000,5.00000000
8.90000000,0.87500000,0.13000000,3.45000000,0.08800000,4.00000000,14.00000000,0.99940000,3.44000000,0.52000000,11.50000000,5.00000000
7.30000000,0.83500000,0.03000000,2.10000000,0.09200000,10.00000000,19.00000000,0.99660000,3.39000000,0.47000000,9.60000000,5.00000000
7.00000000,0.45000000,0.34000000,2.70000000,0.08200000,16.00000000,72.00000000,0.99800000,3.55000000,0.60000000,9.50000000,5.00000000
7.70000000,0.56000000,0.20000000,2.00000000,0.07500000,9.00000000,39.00000000,0.99870000,3.48000000,0.62000000,9.30000000,5.00000000
7.70000000,0.96500000,0.10000000,2.10000000,0.11200000,11.00000000,22.00000000,0.99630000,3.26000000,0.50000000,9.50000000,5.00000000
7.70000000,0.96500000,0.10000000,2.10000000,0.11200000,11.00000000,22.00000000,0.99630000,3.26000000,0.50000000,9.50000000,5.00000000
8.20000000,0.59000000,0.00000000,2.50000000,0.09300000,19.00000000,58.00000000,1.00020000,3.50000000,0.65000000,9.30000000,6.00000000
9.00000000,0.46000000,0.23000000,2.80000000,0.09200000,28.00000000,104.00000000,0.99830000,3.10000000,0.56000000,9.20000000,5.00000000
9.00000000,0.69000000,0.00000000,2.40000000,0.08800000,19.00000000,38.00000000,0.99900000,3.35000000,0.60000000,9.30000000,5.00000000
8.30000000,0.76000000,0.29000000,4.20000000,0.07500000,12.00000000,16.00000000,0.99650000,3.45000000,0.68000000,11.50000000,6.00000000
9.20000000,0.53000000,0.24000000,2.60000000,0.07800000,28.00000000,139.00000000,0.99788000,3.21000000,0.57000000,9.50000000,5.00000000
6.50000000,0.61500000,0.00000000,1.90000000,0.06500000,9.00000000,18.00000000,0.99720000,3.46000000,0.65000000,9.20000000,5.00000000
11.60000000,0.41000000,0.58000000,2.80000000,0.09600000,25.00000000,101.00000000,1.00024000,3.13000000,0.53000000,10.00000000,5.00000000
11.10000000,0.39000000,0.54000000,2.70000000,0.09500000,21.00000000,101.00000000,1.00010000,3.13000000,0.51000000,9.50000000,5.00000000
7.30000000,0.51000000,0.18000000,2.10000000,0.07000000,12.00000000,28.00000000,0.99768000,3.52000000,0.73000000,9.50000000,6.00000000
8.20000000,0.34000000,0.38000000,2.50000000,0.08000000,12.00000000,57.00000000,0.99780000,3.30000000,0.47000000,9.00000000,6.00000000
8.60000000,0.33000000,0.40000000,2.60000000,0.08300000,16.00000000,68.00000000,0.99782000,3.30000000,0.48000000,9.40000000,5.00000000
7.20000000,0.50000000,0.18000000,2.10000000,0.07100000,12.00000000,31.00000000,0.99761000,3.52000000,0.72000000,9.60000000,6.00000000
7.30000000,0.51000000,0.18000000,2.10000000,0.07000000,12.00000000,28.00000000,0.99768000,3.52000000,0.73000000,9.50000000,6.00000000
8.30000000,0.65000000,0.10000000,2.90000000,0.08900000,17.00000000,40.00000000,0.99803000,3.29000000,0.55000000,9.50000000,5.00000000
8.30000000,0.65000000,0.10000000,2.90000000,0.08900000,17.00000000,40.00000000,0.99803000,3.29000000,0.55000000,9.50000000,5.00000000
7.60000000,0.54000000,0.13000000,2.50000000,0.09700000,24.00000000,66.00000000,0.99785000,3.39000000,0.61000000,9.40000000,5.00000000
8.30000000,0.65000000,0.10000000,2.90000000,0.08900000,17.00000000,40.00000000,0.99803000,3.29000000,0.55000000,9.50000000,5.00000000
7.80000000,0.48000000,0.68000000,1.70000000,0.41500000,14.00000000,32.00000000,0.99656000,3.09000000,1.06000000,9.10000000,6.00000000
7.80000000,0.91000000,0.07000000,1.90000000,0.05800000,22.00000000,47.00000000,0.99525000,3.51000000,0.43000000,10.70000000,6.00000000
6.30000000,0.98000000,0.01000000,2.00000000,0.05700000,15.00000000,33.00000000,0.99488000,3.60000000,0.46000000,11.20000000,6.00000000
8.10000000,0.87000000,0.00000000,2.20000000,0.08400000,10.00000000,31.00000000,0.99656000,3.25000000,0.50000000,9.80000000,5.00000000
8.10000000,0.87000000,0.00000000,2.20000000,0.08400000,10.00000000,31.00000000,0.99656000,3.25000000,0.50000000,9.80000000,5.00000000
8.80000000,0.42000000,0.21000000,2.50000000,0.09200000,33.00000000,88.00000000,0.99823000,3.19000000,0.52000000,9.20000000,5.00000000
9.00000000,0.58000000,0.25000000,2.80000000,0.07500000,9.00000000,104.00000000,0.99779000,3.23000000,0.57000000,9.70000000,5.00000000
9.30000000,0.65500000,0.26000000,2.00000000,0.09600000,5.00000000,35.00000000,0.99738000,3.25000000,0.42000000,9.60000000,5.00000000
8.80000000,0.70000000,0.00000000,1.70000000,0.06900000,8.00000000,19.00000000,0.99701000,3.31000000,0.53000000,10.00000000,6.00000000
9.30000000,0.65500000,0.26000000,2.00000000,0.09600000,5.00000000,35.00000000,0.99738000,3.25000000,0.42000000,9.60000000,5.00000000
9.10000000,0.68000000,0.11000000,2.80000000,0.09300000,11.00000000,44.00000000,0.99888000,3.31000000,0.55000000,9.50000000,6.00000000
9.20000000,0.67000000,0.10000000,3.00000000,0.09100000,12.00000000,48.00000000,0.99888000,3.31000000,0.54000000,9.50000000,6.00000000
8.80000000,0.59000000,0.18000000,2.90000000,0.08900000,12.00000000,74.00000000,0.99738000,3.14000000,0.54000000,9.40000000,5.00000000
7.50000000,0.60000000,0.32000000,2.70000000,0.10300000,13.00000000,98.00000000,0.99938000,3.45000000,0.62000000,9.50000000,5.00000000
7.10000000,0.59000000,0.02000000,2.30000000,0.08200000,24.00000000,94.00000000,0.99744000,3.55000000,0.53000000,9.70000000,6.00000000
7.90000000,0.72000000,0.01000000,1.90000000,0.07600000,7.00000000,32.00000000,0.99668000,3.39000000,0.54000000,9.60000000,5.00000000
7.10000000,0.59000000,0.02000000,2.30000000,0.08200000,24.00000000,94.00000000,0.99744000,3.55000000,0.53000000,9.70000000,6.00000000
9.40000000,0.68500000,0.26000000,2.40000000,0.08200000,23.00000000,143.00000000,0.99780000,3.28000000,0.55000000,9.40000000,5.00000000
9.50000000,0.57000000,0.27000000,2.30000000,0.08200000,23.00000000,144.00000000,0.99782000,3.27000000,0.55000000,9.40000000,5.00000000
7.90000000,0.40000000,0.29000000,1.80000000,0.15700000,1.00000000,44.00000000,0.99730000,3.30000000,0.92000000,9.50000000,6.00000000
7.90000000,0.40000000,0.30000000,1.80000000,0.15700000,2.00000000,45.00000000,0.99727000,3.31000000,0.91000000,9.50000000,6.00000000
7.20000000,1.00000000,0.00000000,3.00000000,0.10200000,7.00000000,16.00000000,0.99586000,3.43000000,0.46000000,10.00000000,5.00000000
6.90000000,0.76500000,0.18000000,2.40000000,0.24300000,5.50000000,48.00000000,0.99612000,3.40000000,0.60000000,10.30000000,6.00000000
6.90000000,0.63500000,0.17000000,2.40000000,0.24100000,6.00000000,18.00000000,0.99610000,3.40000000,0.59000000,10.30000000,6.00000000
8.30000000,0.43000000,0.30000000,3.40000000,0.07900000,7.00000000,34.00000000,0.99788000,3.36000000,0.61000000,10.50000000,5.00000000
7.10000000,0.52000000,0.03000000,2.60000000,0.07600000,21.00000000,92.00000000,0.99745000,3.50000000,0.60000000,9.80000000,5.00000000
7.00000000,0.57000000,0.00000000,2.00000000,0.19000000,12.00000000,45.00000000,0.99676000,3.31000000,0.60000000,9.40000000,6.00000000
6.50000000,0.46000000,0.14000000,2.40000000,0.11400000,9.00000000,37.00000000,0.99732000,3.66000000,0.65000000,9.80000000,5.00000000
9.00000000,0.82000000,0.05000000,2.40000000,0.08100000,26.00000000,96.00000000,0.99814000,3.36000000,0.53000000,10.00000000,5.00000000
6.50000000,0.46000000,0.14000000,2.40000000,0.11400000,9.00000000,37.00000000,0.99732000,3.66000000,0.65000000,9.80000000,5.00000000
7.10000000,0.59000000,0.01000000,2.50000000,0.07700000,20.00000000,85.00000000,0.99746000,3.55000000,0.59000000,9.80000000,5.00000000
9.90000000,0.35000000,0.41000000,2.30000000,0.08300000,11.00000000,61.00000000,0.99820000,3.21000000,0.50000000,9.50000000,5.00000000
9.90000000,0.35000000,0.41000000,2.30000000,0.08300000,11.00000000,61.00000000,0.99820000,3.21000000,0.50000000,9.50000000,5.00000000
10.00000000,0.56000000,0.24000000,2.20000000,0.07900000,19.00000000,58.00000000,0.99910000,3.18000000,0.56000000,10.10000000,6.00000000
10.00000000,0.56000000,0.24000000,2.20000000,0.07900000,19.00000000,58.00000000,0.99910000,3.18000000,0.56000000,10.10000000,6.00000000
8.60000000,0.63000000,0.17000000,2.90000000,0.09900000,21.00000000,119.00000000,0.99800000,3.09000000,0.52000000,9.30000000,5.00000000
7.40000000,0.37000000,0.43000000,2.60000000,0.08200000,18.00000000,82.00000000,0.99708000,3.33000000,0.68000000,9.70000000,6.00000000
8.80000000,0.64000000,0.17000000,2.90000000,0.08400000,25.00000000,130.00000000,0.99818000,3.23000000,0.54000000,9.60000000,5.00000000
7.10000000,0.61000000,0.02000000,2.50000000,0.08100000,17.00000000,87.00000000,0.99745000,3.48000000,0.60000000,9.70000000,6.00000000
7.70000000,0.60000000,0.00000000,2.60000000,0.05500000,7.00000000,13.00000000,0.99639000,3.38000000,0.56000000,10.80000000,5.00000000
10.10000000,0.27000000,0.54000000,2.30000000,0.06500000,7.00000000,26.00000000,0.99531000,3.17000000,0.53000000,12.50000000,6.00000000
10.80000000,0.89000000,0.30000000,2.60000000,0.13200000,7.00000000,60.00000000,0.99786000,2.99000000,1.18000000,10.20000000,5.00000000
8.70000000,0.46000000,0.31000000,2.50000000,0.12600000,24.00000000,64.00000000,0.99746000,3.10000000,0.74000000,9.60000000,5.00000000
9.30000000,0.37000000,0.44000000,1.60000000,0.03800000,21.00000000,42.00000000,0.99526000,3.24000000,0.81000000,10.80000000,7.00000000
9.40000000,0.50000000,0.34000000,3.60000000,0.08200000,5.00000000,14.00000000,0.99870000,3.29000000,0.52000000,10.70000000,6.00000000
9.40000000,0.50000000,0.34000000,3.60000000,0.08200000,5.00000000,14.00000000,0.99870000,3.29000000,0.52000000,10.70000000,6.00000000
7.20000000,0.61000000,0.08000000,4.00000000,0.08200000,26.00000000,108.00000000,0.99641000,3.25000000,0.51000000,9.40000000,5.00000000
8.60000000,0.55000000,0.09000000,3.30000000,0.06800000,8.00000000,17.00000000,0.99735000,3.23000000,0.44000000,10.00000000,5.00000000
5.10000000,0.58500000,0.00000000,1.70000000,0.04400000,14.00000000,86.00000000,0.99264000,3.56000000,0.94000000,12.90000000,7.00000000
7.70000000,0.56000000,0.08000000,2.50000000,0.11400000,14.00000000,46.00000000,0.99710000,3.24000000,0.66000000,9.60000000,6.00000000
8.40000000,0.52000000,0.22000000,2.70000000,0.08400000,4.00000000,18.00000000,0.99682000,3.26000000,0.57000000,9.90000000,6.00000000
8.20000000,0.28000000,0.40000000,2.40000000,0.05200000,4.00000000,10.00000000,0.99356000,3.33000000,0.70000000,12.80000000,7.00000000
8.40000000,0.25000000,0.39000000,2.00000000,0.04100000,4.00000000,10.00000000,0.99386000,3.27000000,0.71000000,12.50000000,7.00000000
8.20000000,0.28000000,0.40000000,2.40000000,0.05200000,4.00000000,10.00000000,0.99356000,3.33000000,0.70000000,12.80000000,7.00000000
7.40000000,0.53000000,0.12000000,1.90000000,0.16500000,4.00000000,12.00000000,0.99702000,3.26000000,0.86000000,9.20000000,5.00000000
7.60000000,0.48000000,0.31000000,2.80000000,0.07000000,4.00000000,15.00000000,0.99693000,3.22000000,0.55000000,10.30000000,6.00000000
7.30000000,0.49000000,0.10000000,2.60000000,0.06800000,4.00000000,14.00000000,0.99562000,3.30000000,0.47000000,10.50000000,5.00000000
12.90000000,0.50000000,0.55000000,2.80000000,0.07200000,7.00000000,24.00000000,1.00012000,3.09000000,0.68000000,10.90000000,6.00000000
10.80000000,0.45000000,0.33000000,2.50000000,0.09900000,20.00000000,38.00000000,0.99818000,3.24000000,0.71000000,10.80000000,5.00000000
6.90000000,0.39000000,0.24000000,2.10000000,0.10200000,4.00000000,7.00000000,0.99462000,3.44000000,0.58000000,11.40000000,4.00000000
12.60000000,0.41000000,0.54000000,2.80000000,0.10300000,19.00000000,41.00000000,0.99939000,3.21000000,0.76000000,11.30000000,6.00000000
10.80000000,0.45000000,0.33000000,2.50000000,0.09900000,20.00000000,38.00000000,0.99818000,3.24000000,0.71000000,10.80000000,5.00000000
9.80000000,0.51000000,0.19000000,3.20000000,0.08100000,8.00000000,30.00000000,0.99840000,3.23000000,0.58000000,10.50000000,6.00000000
10.80000000,0.29000000,0.42000000,1.60000000,0.08400000,19.00000000,27.00000000,0.99545000,3.28000000,0.73000000,11.90000000,6.00000000
7.10000000,0.71500000,0.00000000,2.35000000,0.07100000,21.00000000,47.00000000,0.99632000,3.29000000,0.45000000,9.40000000,5.00000000
9.10000000,0.66000000,0.15000000,3.20000000,0.09700000,9.00000000,59.00000000,0.99976000,3.28000000,0.54000000,9.60000000,5.00000000
7.00000000,0.68500000,0.00000000,1.90000000,0.09900000,9.00000000,22.00000000,0.99606000,3.34000000,0.60000000,9.70000000,5.00000000
4.90000000,0.42000000,0.00000000,2.10000000,0.04800000,16.00000000,42.00000000,0.99154000,3.71000000,0.74000000,14.00000000,7.00000000
6.70000000,0.54000000,0.13000000,2.00000000,0.07600000,15.00000000,36.00000000,0.99730000,3.61000000,0.64000000,9.80000000,5.00000000
6.70000000,0.54000000,0.13000000,2.00000000,0.07600000,15.00000000,36.00000000,0.99730000,3.61000000,0.64000000,9.80000000,5.00000000
7.10000000,0.48000000,0.28000000,2.80000000,0.06800000,6.00000000,16.00000000,0.99682000,3.24000000,0.53000000,10.30000000,5.00000000
7.10000000,0.46000000,0.14000000,2.80000000,0.07600000,15.00000000,37.00000000,0.99624000,3.36000000,0.49000000,10.70000000,5.00000000
7.50000000,0.27000000,0.34000000,2.30000000,0.05000000,4.00000000,8.00000000,0.99510000,3.40000000,0.64000000,11.00000000,7.00000000
7.10000000,0.46000000,0.14000000,2.80000000,0.07600000,15.00000000,37.00000000,0.99624000,3.36000000,0.49000000,10.70000000,5.00000000
7.80000000,0.57000000,0.09000000,2.30000000,0.06500000,34.00000000,45.00000000,0.99417000,3.46000000,0.74000000,12.70000000,8.00000000
5.90000000,0.61000000,0.08000000,2.10000000,0.07100000,16.00000000,24.00000000,0.99376000,3.56000000,0.77000000,11.10000000,6.00000000
7.50000000,0.68500000,0.07000000,2.50000000,0.05800000,5.00000000,9.00000000,0.99632000,3.38000000,0.55000000,10.90000000,4.00000000
5.90000000,0.61000000,0.08000000,2.10000000,0.07100000,16.00000000,24.00000000,0.99376000,3.56000000,0.77000000,11.10000000,6.00000000
10.40000000,0.44000000,0.42000000,1.50000000,0.14500000,34.00000000,48.00000000,0.99832000,3.38000000,0.86000000,9.90000000,3.00000000
11.60000000,0.47000000,0.44000000,1.60000000,0.14700000,36.00000000,51.00000000,0.99836000,3.38000000,0.86000000,9.90000000,4.00000000
8.80000000,0.68500000,0.26000000,1.60000000,0.08800000,16.00000000,23.00000000,0.99694000,3.32000000,0.47000000,9.40000000,5.00000000
7.60000000,0.66500000,0.10000000,1.50000000,0.06600000,27.00000000,55.00000000,0.99655000,3.39000000,0.51000000,9.30000000,5.00000000
6.70000000,0.28000000,0.28000000,2.40000000,0.01200000,36.00000000,100.00000000,0.99064000,3.26000000,0.39000000,11.70000000,7.00000000
6.70000000,0.28000000,0.28000000,2.40000000,0.01200000,36.00000000,100.00000000,0.99064000,3.26000000,0.39000000,11.70000000,7.00000000
10.10000000,0.31000000,0.35000000,1.60000000,0.07500000,9.00000000,28.00000000,0.99672000,3.24000000,0.83000000,11.20000000,7.00000000
6.00000000,0.50000000,0.04000000,2.20000000,0.09200000,13.00000000,26.00000000,0.99647000,3.46000000,0.47000000,10.00000000,5.00000000
11.10000000,0.42000000,0.47000000,2.65000000,0.08500000,9.00000000,34.00000000,0.99736000,3.24000000,0.77000000,12.10000000,7.00000000
6.60000000,0.66000000,0.00000000,3.00000000,0.11500000,21.00000000,31.00000000,0.99629000,3.45000000,0.63000000,10.30000000,5.00000000
10.60000000,0.50000000,0.45000000,2.60000000,0.11900000,34.00000000,68.00000000,0.99708000,3.23000000,0.72000000,10.90000000,6.00000000
7.10000000,0.68500000,0.35000000,2.00000000,0.08800000,9.00000000,92.00000000,0.99630000,3.28000000,0.62000000,9.40000000,5.00000000
9.90000000,0.25000000,0.46000000,1.70000000,0.06200000,26.00000000,42.00000000,0.99590000,3.18000000,0.83000000,10.60000000,6.00000000
6.40000000,0.64000000,0.21000000,1.80000000,0.08100000,14.00000000,31.00000000,0.99689000,3.59000000,0.66000000,9.80000000,5.00000000
6.40000000,0.64000000,0.21000000,1.80000000,0.08100000,14.00000000,31.00000000,0.99689000,3.59000000,0.66000000,9.80000000,5.00000000
7.40000000,0.68000000,0.16000000,1.80000000,0.07800000,12.00000000,39.00000000,0.99770000,3.50000000,0.70000000,9.90000000,6.00000000
6.40000000,0.64000000,0.21000000,1.80000000,0.08100000,14.00000000,31.00000000,0.99689000,3.59000000,0.66000000,9.80000000,5.00000000
6.40000000,0.63000000,0.21000000,1.60000000,0.08000000,12.00000000,32.00000000,0.99689000,3.58000000,0.66000000,9.80000000,5.00000000
9.30000000,0.43000000,0.44000000,1.90000000,0.08500000,9.00000000,22.00000000,0.99708000,3.28000000,0.55000000,9.50000000,5.00000000
9.30000000,0.43000000,0.44000000,1.90000000,0.08500000,9.00000000,22.00000000,0.99708000,3.28000000,0.55000000,9.50000000,5.00000000
8.00000000,0.42000000,0.32000000,2.50000000,0.08000000,26.00000000,122.00000000,0.99801000,3.22000000,1.07000000,9.70000000,5.00000000
9.30000000,0.36000000,0.39000000,1.50000000,0.08000000,41.00000000,55.00000000,0.99652000,3.47000000,0.73000000,10.90000000,6.00000000
9.30000000,0.36000000,0.39000000,1.50000000,0.08000000,41.00000000,55.00000000,0.99652000,3.47000000,0.73000000,10.90000000,6.00000000
7.60000000,0.73500000,0.02000000,2.50000000,0.07100000,10.00000000,14.00000000,0.99538000,3.51000000,0.71000000,11.70000000,7.00000000
9.30000000,0.36000000,0.39000000,1.50000000,0.08000000,41.00000000,55.00000000,0.99652000,3.47000000,0.73000000,10.90000000,6.00000000
8.20000000,0.26000000,0.34000000,2.50000000,0.07300000,16.00000000,47.00000000,0.99594000,3.40000000,0.78000000,11.30000000,7.00000000
11.70000000,0.28000000,0.47000000,1.70000000,0.05400000,17.00000000,32.00000000,0.99686000,3.15000000,0.67000000,10.60000000,7.00000000
6.80000000,0.56000000,0.22000000,1.80000000,0.07400000,15.00000000,24.00000000,0.99438000,3.40000000,0.82000000,11.20000000,6.00000000
7.20000000,0.62000000,0.06000000,2.70000000,0.07700000,15.00000000,85.00000000,0.99746000,3.51000000,0.54000000,9.50000000,5.00000000
5.80000000,1.01000000,0.66000000,2.00000000,0.03900000,15.00000000,88.00000000,0.99357000,3.66000000,0.60000000,11.50000000,6.00000000
7.50000000,0.42000000,0.32000000,2.70000000,0.06700000,7.00000000,25.00000000,0.99628000,3.24000000,0.44000000,10.40000000,5.00000000
7.20000000,0.62000000,0.06000000,2.50000000,0.07800000,17.00000000,84.00000000,0.99746000,3.51000000,0.53000000,9.70000000,5.00000000
7.20000000,0.62000000,0.06000000,2.70000000,0.07700000,15.00000000,85.00000000,0.99746000,3.51000000,0.54000000,9.50000000,5.00000000
7.20000000,0.63500000,0.07000000,2.60000000,0.07700000,16.00000000,86.00000000,0.99748000,3.51000000,0.54000000,9.70000000,5.00000000
6.80000000,0.49000000,0.22000000,2.30000000,0.07100000,13.00000000,24.00000000,0.99438000,3.41000000,0.83000000,11.30000000,6.00000000
6.90000000,0.51000000,0.23000000,2.00000000,0.07200000,13.00000000,22.00000000,0.99438000,3.40000000,0.84000000,11.20000000,6.00000000
6.80000000,0.56000000,0.22000000,1.80000000,0.07400000,15.00000000,24.00000000,0.99438000,3.40000000,0.82000000,11.20000000,6.00000000
7.60000000,0.63000000,0.03000000,2.00000000,0.08000000,27.00000000,43.00000000,0.99578000,3.44000000,0.64000000,10.90000000,6.00000000
7.70000000,0.71500000,0.01000000,2.10000000,0.06400000,31.00000000,43.00000000,0.99371000,3.41000000,0.57000000,11.80000000,6.00000000
6.90000000,0.56000000,0.03000000,1.50000000,0.08600000,36.00000000,46.00000000,0.99522000,3.53000000,0.57000000,10.60000000,5.00000000
7.30000000,0.35000000,0.24000000,2.00000000,0.06700000,28.00000000,48.00000000,0.99576000,3.43000000,0.54000000,10.00000000,4.00000000
9.10000000,0.21000000,0.37000000,1.60000000,0.06700000,6.00000000,10.00000000,0.99552000,3.23000000,0.58000000,11.10000000,7.00000000
10.40000000,0.38000000,0.46000000,2.10000000,0.10400000,6.00000000,10.00000000,0.99664000,3.12000000,0.65000000,11.80000000,7.00000000
8.80000000,0.31000000,0.40000000,2.80000000,0.10900000,7.00000000,16.00000000,0.99614000,3.31000000,0.79000000,11.80000000,7.00000000
7.10000000,0.47000000,0.00000000,2.20000000,0.06700000,7.00000000,14.00000000,0.99517000,3.40000000,0.58000000,10.90000000,4.00000000
7.70000000,0.71500000,0.01000000,2.10000000,0.06400000,31.00000000,43.00000000,0.99371000,3.41000000,0.57000000,11.80000000,6.00000000
8.80000000,0.61000000,0.19000000,4.00000000,0.09400000,30.00000000,69.00000000,0.99787000,3.22000000,0.50000000,10.00000000,6.00000000
7.20000000,0.60000000,0.04000000,2.50000000,0.07600000,18.00000000,88.00000000,0.99745000,3.53000000,0.55000000,9.50000000,5.00000000
9.20000000,0.56000000,0.18000000,1.60000000,0.07800000,10.00000000,21.00000000,0.99576000,3.15000000,0.49000000,9.90000000,5.00000000
7.60000000,0.71500000,0.00000000,2.10000000,0.06800000,30.00000000,35.00000000,0.99533000,3.48000000,0.65000000,11.40000000,6.00000000
8.40000000,0.31000000,0.29000000,3.10000000,0.19400000,14.00000000,26.00000000,0.99536000,3.22000000,0.78000000,12.00000000,6.00000000
7.20000000,0.60000000,0.04000000,2.50000000,0.07600000,18.00000000,88.00000000,0.99745000,3.53000000,0.55000000,9.50000000,5.00000000
8.80000000,0.61000000,0.19000000,4.00000000,0.09400000,30.00000000,69.00000000,0.99787000,3.22000000,0.50000000,10.00000000,6.00000000
8.90000000,0.75000000,0.14000000,2.50000000,0.08600000,9.00000000,30.00000000,0.99824000,3.34000000,0.64000000,10.50000000,5.00000000
9.00000000,0.80000000,0.12000000,2.40000000,0.08300000,8.00000000,28.00000000,0.99836000,3.33000000,0.65000000,10.40000000,6.00000000
10.70000000,0.52000000,0.38000000,2.60000000,0.06600000,29.00000000,56.00000000,0.99577000,3.15000000,0.79000000,12.10000000,7.00000000
6.80000000,0.57000000,0.00000000,2.50000000,0.07200000,32.00000000,64.00000000,0.99491000,3.43000000,0.56000000,11.20000000,6.00000000
10.70000000,0.90000000,0.34000000,6.60000000,0.11200000,23.00000000,99.00000000,1.00289000,3.22000000,0.68000000,9.30000000,5.00000000
7.20000000,0.34000000,0.24000000,2.00000000,0.07100000,30.00000000,52.00000000,0.99576000,3.44000000,0.58000000,10.10000000,5.00000000
7.20000000,0.66000000,0.03000000,2.30000000,0.07800000,16.00000000,86.00000000,0.99743000,3.53000000,0.57000000,9.70000000,5.00000000
10.10000000,0.45000000,0.23000000,1.90000000,0.08200000,10.00000000,18.00000000,0.99774000,3.22000000,0.65000000,9.30000000,6.00000000
7.20000000,0.66000000,0.03000000,2.30000000,0.07800000,16.00000000,86.00000000,0.99743000,3.53000000,0.57000000,9.70000000,5.00000000
7.20000000,0.63000000,0.03000000,2.20000000,0.08000000,17.00000000,88.00000000,0.99745000,3.53000000,0.58000000,9.80000000,6.00000000
7.10000000,0.59000000,0.01000000,2.30000000,0.08000000,27.00000000,43.00000000,0.99550000,3.42000000,0.58000000,10.70000000,6.00000000
8.30000000,0.31000000,0.39000000,2.40000000,0.07800000,17.00000000,43.00000000,0.99444000,3.31000000,0.77000000,12.50000000,7.00000000
7.10000000,0.59000000,0.01000000,2.30000000,0.08000000,27.00000000,43.00000000,0.99550000,3.42000000,0.58000000,10.70000000,6.00000000
8.30000000,0.31000000,0.39000000,2.40000000,0.07800000,17.00000000,43.00000000,0.99444000,3.31000000,0.77000000,12.50000000,7.00000000
8.30000000,1.02000000,0.02000000,3.40000000,0.08400000,6.00000000,11.00000000,0.99892000,3.48000000,0.49000000,11.00000000,3.00000000
8.90000000,0.31000000,0.36000000,2.60000000,0.05600000,10.00000000,39.00000000,0.99562000,3.40000000,0.69000000,11.80000000,5.00000000
7.40000000,0.63500000,0.10000000,2.40000000,0.08000000,16.00000000,33.00000000,0.99736000,3.58000000,0.69000000,10.80000000,7.00000000
7.40000000,0.63500000,0.10000000,2.40000000,0.08000000,16.00000000,33.00000000,0.99736000,3.58000000,0.69000000,10.80000000,7.00000000
6.80000000,0.59000000,0.06000000,6.00000000,0.06000000,11.00000000,18.00000000,0.99620000,3.41000000,0.59000000,10.80000000,7.00000000
6.80000000,0.59000000,0.06000000,6.00000000,0.06000000,11.00000000,18.00000000,0.99620000,3.41000000,0.59000000,10.80000000,7.00000000
9.20000000,0.58000000,0.20000000,3.00000000,0.08100000,15.00000000,115.00000000,0.99800000,3.23000000,0.59000000,9.50000000,5.00000000
7.20000000,0.54000000,0.27000000,2.60000000,0.08400000,12.00000000,78.00000000,0.99640000,3.39000000,0.71000000,11.00000000,5.00000000
6.10000000,0.56000000,0.00000000,2.20000000,0.07900000,6.00000000,9.00000000,0.99480000,3.59000000,0.54000000,11.50000000,6.00000000
7.40000000,0.52000000,0.13000000,2.40000000,0.07800000,34.00000000,61.00000000,0.99528000,3.43000000,0.59000000,10.80000000,6.00000000
7.30000000,0.30500000,0.39000000,1.20000000,0.05900000,7.00000000,11.00000000,0.99331000,3.29000000,0.52000000,11.50000000,6.00000000
9.30000000,0.38000000,0.48000000,3.80000000,0.13200000,3.00000000,11.00000000,0.99577000,3.23000000,0.57000000,13.20000000,6.00000000
9.10000000,0.28000000,0.46000000,9.00000000,0.11400000,3.00000000,9.00000000,0.99901000,3.18000000,0.60000000,10.90000000,6.00000000
10.00000000,0.46000000,0.44000000,2.90000000,0.06500000,4.00000000,8.00000000,0.99674000,3.33000000,0.62000000,12.20000000,6.00000000
9.40000000,0.39500000,0.46000000,4.60000000,0.09400000,3.00000000,10.00000000,0.99639000,3.27000000,0.64000000,12.20000000,7.00000000
7.30000000,0.30500000,0.39000000,1.20000000,0.05900000,7.00000000,11.00000000,0.99331000,3.29000000,0.52000000,11.50000000,6.00000000
8.60000000,0.31500000,0.40000000,2.20000000,0.07900000,3.00000000,6.00000000,0.99512000,3.27000000,0.67000000,11.90000000,6.00000000
5.30000000,0.71500000,0.19000000,1.50000000,0.16100000,7.00000000,62.00000000,0.99395000,3.62000000,0.61000000,11.00000000,5.00000000
6.80000000,0.41000000,0.31000000,8.80000000,0.08400000,26.00000000,45.00000000,0.99824000,3.38000000,0.64000000,10.10000000,6.00000000
8.40000000,0.36000000,0.32000000,2.20000000,0.08100000,32.00000000,79.00000000,0.99640000,3.30000000,0.72000000,11.00000000,6.00000000
8.40000000,0.62000000,0.12000000,1.80000000,0.07200000,38.00000000,46.00000000,0.99504000,3.38000000,0.89000000,11.80000000,6.00000000
9.60000000,0.41000000,0.37000000,2.30000000,0.09100000,10.00000000,23.00000000,0.99786000,3.24000000,0.56000000,10.50000000,5.00000000
8.40000000,0.36000000,0.32000000,2.20000000,0.08100000,32.00000000,79.00000000,0.99640000,3.30000000,0.72000000,11.00000000,6.00000000
8.40000000,0.62000000,0.12000000,1.80000000,0.07200000,38.00000000,46.00000000,0.99504000,3.38000000,0.89000000,11.80000000,6.00000000
6.80000000,0.41000000,0.31000000,8.80000000,0.08400000,26.00000000,45.00000000,0.99824000,3.38000000,0.64000000,10.10000000,6.00000000
8.60000000,0.47000000,0.27000000,2.30000000,0.05500000,14.00000000,28.00000000,0.99516000,3.18000000,0.80000000,11.20000000,5.00000000
8.60000000,0.22000000,0.36000000,1.90000000,0.06400000,53.00000000,77.00000000,0.99604000,3.47000000,0.87000000,11.00000000,7.00000000
9.40000000,0.24000000,0.33000000,2.30000000,0.06100000,52.00000000,73.00000000,0.99786000,3.47000000,0.90000000,10.20000000,6.00000000
8.40000000,0.67000000,0.19000000,2.20000000,0.09300000,11.00000000,75.00000000,0.99736000,3.20000000,0.59000000,9.20000000,4.00000000
8.60000000,0.47000000,0.27000000,2.30000000,0.05500000,14.00000000,28.00000000,0.99516000,3.18000000,0.80000000,11.20000000,5.00000000
8.70000000,0.33000000,0.38000000,3.30000000,0.06300000,10.00000000,19.00000000,0.99468000,3.30000000,0.73000000,12.00000000,7.00000000
6.60000000,0.61000000,0.01000000,1.90000000,0.08000000,8.00000000,25.00000000,0.99746000,3.69000000,0.73000000,10.50000000,5.00000000
7.40000000,0.61000000,0.01000000,2.00000000,0.07400000,13.00000000,38.00000000,0.99748000,3.48000000,0.65000000,9.80000000,5.00000000
7.60000000,0.40000000,0.29000000,1.90000000,0.07800000,29.00000000,66.00000000,0.99710000,3.45000000,0.59000000,9.50000000,6.00000000
7.40000000,0.61000000,0.01000000,2.00000000,0.07400000,13.00000000,38.00000000,0.99748000,3.48000000,0.65000000,9.80000000,5.00000000
6.60000000,0.61000000,0.01000000,1.90000000,0.08000000,8.00000000,25.00000000,0.99746000,3.69000000,0.73000000,10.50000000,5.00000000
8.80000000,0.30000000,0.38000000,2.30000000,0.06000000,19.00000000,72.00000000,0.99543000,3.39000000,0.72000000,11.80000000,6.00000000
8.80000000,0.30000000,0.38000000,2.30000000,0.06000000,19.00000000,72.00000000,0.99543000,3.39000000,0.72000000,11.80000000,6.00000000
12.00000000,0.63000000,0.50000000,1.40000000,0.07100000,6.00000000,26.00000000,0.99791000,3.07000000,0.60000000,10.40000000,4.00000000
7.20000000,0.38000000,0.38000000,2.80000000,0.06800000,23.00000000,42.00000000,0.99356000,3.34000000,0.72000000,12.90000000,7.00000000
6.20000000,0.46000000,0.17000000,1.60000000,0.07300000,7.00000000,11.00000000,0.99425000,3.61000000,0.54000000,11.40000000,5.00000000
9.60000000,0.33000000,0.52000000,2.20000000,0.07400000,13.00000000,25.00000000,0.99509000,3.36000000,0.76000000,12.40000000,7.00000000
9.90000000,0.27000000,0.49000000,5.00000000,0.08200000,9.00000000,17.00000000,0.99484000,3.19000000,0.52000000,12.50000000,7.00000000
10.10000000,0.43000000,0.40000000,2.60000000,0.09200000,13.00000000,52.00000000,0.99834000,3.22000000,0.64000000,10.00000000,7.00000000
9.80000000,0.50000000,0.34000000,2.30000000,0.09400000,10.00000000,45.00000000,0.99864000,3.24000000,0.60000000,9.70000000,7.00000000
8.30000000,0.30000000,0.49000000,3.80000000,0.09000000,11.00000000,24.00000000,0.99498000,3.27000000,0.64000000,12.10000000,7.00000000
10.20000000,0.44000000,0.42000000,2.00000000,0.07100000,7.00000000,20.00000000,0.99566000,3.14000000,0.79000000,11.10000000,7.00000000
10.20000000,0.44000000,0.58000000,4.10000000,0.09200000,11.00000000,24.00000000,0.99745000,3.29000000,0.99000000,12.00000000,7.00000000
8.30000000,0.28000000,0.48000000,2.10000000,0.09300000,6.00000000,12.00000000,0.99408000,3.26000000,0.62000000,12.40000000,7.00000000
8.90000000,0.12000000,0.45000000,1.80000000,0.07500000,10.00000000,21.00000000,0.99552000,3.41000000,0.76000000,11.90000000,7.00000000
8.90000000,0.12000000,0.45000000,1.80000000,0.07500000,10.00000000,21.00000000,0.99552000,3.41000000,0.76000000,11.90000000,7.00000000
8.90000000,0.12000000,0.45000000,1.80000000,0.07500000,10.00000000,21.00000000,0.99552000,3.41000000,0.76000000,11.90000000,7.00000000
8.30000000,0.28000000,0.48000000,2.10000000,0.09300000,6.00000000,12.00000000,0.99408000,3.26000000,0.62000000,12.40000000,7.00000000
8.20000000,0.31000000,0.40000000,2.20000000,0.05800000,6.00000000,10.00000000,0.99536000,3.31000000,0.68000000,11.20000000,7.00000000
10.20000000,0.34000000,0.48000000,2.10000000,0.05200000,5.00000000,9.00000000,0.99458000,3.20000000,0.69000000,12.10000000,7.00000000
7.60000000,0.43000000,0.40000000,2.70000000,0.08200000,6.00000000,11.00000000,0.99538000,3.44000000,0.54000000,12.20000000,6.00000000
8.50000000,0.21000000,0.52000000,1.90000000,0.09000000,9.00000000,23.00000000,0.99648000,3.36000000,0.67000000,10.40000000,5.00000000
9.00000000,0.36000000,0.52000000,2.10000000,0.11100000,5.00000000,10.00000000,0.99568000,3.31000000,0.62000000,11.30000000,6.00000000
9.50000000,0.37000000,0.52000000,2.00000000,0.08800000,12.00000000,51.00000000,0.99613000,3.29000000,0.58000000,11.10000000,6.00000000
6.40000000,0.57000000,0.12000000,2.30000000,0.12000000,25.00000000,36.00000000,0.99519000,3.47000000,0.71000000,11.30000000,7.00000000
8.00000000,0.59000000,0.05000000,2.00000000,0.08900000,12.00000000,32.00000000,0.99735000,3.36000000,0.61000000,10.00000000,5.00000000
8.50000000,0.47000000,0.27000000,1.90000000,0.05800000,18.00000000,38.00000000,0.99518000,3.16000000,0.85000000,11.10000000,6.00000000
7.10000000,0.56000000,0.14000000,1.60000000,0.07800000,7.00000000,18.00000000,0.99592000,3.27000000,0.62000000,9.30000000,5.00000000
6.60000000,0.57000000,0.02000000,2.10000000,0.11500000,6.00000000,16.00000000,0.99654000,3.38000000,0.69000000,9.50000000,5.00000000
8.80000000,0.27000000,0.39000000,2.00000000,0.10000000,20.00000000,27.00000000,0.99546000,3.15000000,0.69000000,11.20000000,6.00000000
8.50000000,0.47000000,0.27000000,1.90000000,0.05800000,18.00000000,38.00000000,0.99518000,3.16000000,0.85000000,11.10000000,6.00000000
8.30000000,0.34000000,0.40000000,2.40000000,0.06500000,24.00000000,48.00000000,0.99554000,3.34000000,0.86000000,11.00000000,6.00000000
9.00000000,0.38000000,0.41000000,2.40000000,0.10300000,6.00000000,10.00000000,0.99604000,3.13000000,0.58000000,11.90000000,7.00000000
8.50000000,0.66000000,0.20000000,2.10000000,0.09700000,23.00000000,113.00000000,0.99733000,3.13000000,0.48000000,9.20000000,5.00000000
9.00000000,0.40000000,0.43000000,2.40000000,0.06800000,29.00000000,46.00000000,0.99430000,3.20000000,0.60000000,12.20000000,6.00000000
6.70000000,0.56000000,0.09000000,2.90000000,0.07900000,7.00000000,22.00000000,0.99669000,3.46000000,0.61000000,10.20000000,5.00000000
10.40000000,0.26000000,0.48000000,1.90000000,0.06600000,6.00000000,10.00000000,0.99724000,3.33000000,0.87000000,10.90000000,6.00000000
10.40000000,0.26000000,0.48000000,1.90000000,0.06600000,6.00000000,10.00000000,0.99724000,3.33000000,0.87000000,10.90000000,6.00000000
10.10000000,0.38000000,0.50000000,2.40000000,0.10400000,6.00000000,13.00000000,0.99643000,3.22000000,0.65000000,11.60000000,7.00000000
8.50000000,0.34000000,0.44000000,1.70000000,0.07900000,6.00000000,12.00000000,0.99605000,3.52000000,0.63000000,10.70000000,5.00000000
8.80000000,0.33000000,0.41000000,5.90000000,0.07300000,7.00000000,13.00000000,0.99658000,3.30000000,0.62000000,12.10000000,7.00000000
7.20000000,0.41000000,0.30000000,2.10000000,0.08300000,35.00000000,72.00000000,0.99700000,3.44000000,0.52000000,9.40000000,5.00000000
7.20000000,0.41000000,0.30000000,2.10000000,0.08300000,35.00000000,72.00000000,0.99700000,3.44000000,0.52000000,9.40000000,5.00000000
8.40000000,0.59000000,0.29000000,2.60000000,0.10900000,31.00000000,119.00000000,0.99801000,3.15000000,0.50000000,9.10000000,5.00000000
7.00000000,0.40000000,0.32000000,3.60000000,0.06100000,9.00000000,29.00000000,0.99416000,3.28000000,0.49000000,11.30000000,7.00000000
12.20000000,0.45000000,0.49000000,1.40000000,0.07500000,3.00000000,6.00000000,0.99690000,3.13000000,0.63000000,10.40000000,5.00000000
9.10000000,0.50000000,0.30000000,1.90000000,0.06500000,8.00000000,17.00000000,0.99774000,3.32000000,0.71000000,10.50000000,6.00000000
9.50000000,0.86000000,0.26000000,1.90000000,0.07900000,13.00000000,28.00000000,0.99712000,3.25000000,0.62000000,10.00000000,5.00000000
7.30000000,0.52000000,0.32000000,2.10000000,0.07000000,51.00000000,70.00000000,0.99418000,3.34000000,0.82000000,12.90000000,6.00000000
9.10000000,0.50000000,0.30000000,1.90000000,0.06500000,8.00000000,17.00000000,0.99774000,3.32000000,0.71000000,10.50000000,6.00000000
12.20000000,0.45000000,0.49000000,1.40000000,0.07500000,3.00000000,6.00000000,0.99690000,3.13000000,0.63000000,10.40000000,5.00000000
7.40000000,0.58000000,0.00000000,2.00000000,0.06400000,7.00000000,11.00000000,0.99562000,3.45000000,0.58000000,11.30000000,6.00000000
9.80000000,0.34000000,0.39000000,1.40000000,0.06600000,3.00000000,7.00000000,0.99470000,3.19000000,0.55000000,11.40000000,7.00000000
7.10000000,0.36000000,0.30000000,1.60000000,0.08000000,35.00000000,70.00000000,0.99693000,3.44000000,0.50000000,9.40000000,5.00000000
7.70000000,0.39000000,0.12000000,1.70000000,0.09700000,19.00000000,27.00000000,0.99596000,3.16000000,0.49000000,9.40000000,5.00000000
9.70000000,0.29500000,0.40000000,1.50000000,0.07300000,14.00000000,21.00000000,0.99556000,3.14000000,0.51000000,10.90000000,6.00000000
7.70000000,0.39000000,0.12000000,1.70000000,0.09700000,19.00000000,27.00000000,0.99596000,3.16000000,0.49000000,9.40000000,5.00000000
7.10000000,0.34000000,0.28000000,2.00000000,0.08200000,31.00000000,68.00000000,0.99694000,3.45000000,0.48000000,9.40000000,5.00000000
6.50000000,0.40000000,0.10000000,2.00000000,0.07600000,30.00000000,47.00000000,0.99554000,3.36000000,0.48000000,9.40000000,6.00000000
7.10000000,0.34000000,0.28000000,2.00000000,0.08200000,31.00000000,68.00000000,0.99694000,3.45000000,0.48000000,9.40000000,5.00000000
10.00000000,0.35000000,0.45000000,2.50000000,0.09200000,20.00000000,88.00000000,0.99918000,3.15000000,0.43000000,9.40000000,5.00000000
7.70000000,0.60000000,0.06000000,2.00000000,0.07900000,19.00000000,41.00000000,0.99697000,3.39000000,0.62000000,10.10000000,6.00000000
5.60000000,0.66000000,0.00000000,2.20000000,0.08700000,3.00000000,11.00000000,0.99378000,3.71000000,0.63000000,12.80000000,7.00000000
5.60000000,0.66000000,0.00000000,2.20000000,0.08700000,3.00000000,11.00000000,0.99378000,3.71000000,0.63000000,12.80000000,7.00000000
8.90000000,0.84000000,0.34000000,1.40000000,0.05000000,4.00000000,10.00000000,0.99554000,3.12000000,0.48000000,9.10000000,6.00000000
6.40000000,0.69000000,0.00000000,1.65000000,0.05500000,7.00000000,12.00000000,0.99162000,3.47000000,0.53000000,12.90000000,6.00000000
7.50000000,0.43000000,0.30000000,2.20000000,0.06200000,6.00000000,12.00000000,0.99495000,3.44000000,0.72000000,11.50000000,7.00000000
9.90000000,0.35000000,0.38000000,1.50000000,0.05800000,31.00000000,47.00000000,0.99676000,3.26000000,0.82000000,10.60000000,7.00000000
9.10000000,0.29000000,0.33000000,2.05000000,0.06300000,13.00000000,27.00000000,0.99516000,3.26000000,0.84000000,11.70000000,7.00000000
6.80000000,0.36000000,0.32000000,1.80000000,0.06700000,4.00000000,8.00000000,0.99280000,3.36000000,0.55000000,12.80000000,7.00000000
8.20000000,0.43000000,0.29000000,1.60000000,0.08100000,27.00000000,45.00000000,0.99603000,3.25000000,0.54000000,10.30000000,5.00000000
6.80000000,0.36000000,0.32000000,1.80000000,0.06700000,4.00000000,8.00000000,0.99280000,3.36000000,0.55000000,12.80000000,7.00000000
9.10000000,0.29000000,0.33000000,2.05000000,0.06300000,13.00000000,27.00000000,0.99516000,3.26000000,0.84000000,11.70000000,7.00000000
9.10000000,0.30000000,0.34000000,2.00000000,0.06400000,12.00000000,25.00000000,0.99516000,3.26000000,0.84000000,11.70000000,7.00000000
8.90000000,0.35000000,0.40000000,3.60000000,0.11000000,12.00000000,24.00000000,0.99549000,3.23000000,0.70000000,12.00000000,7.00000000
9.60000000,0.50000000,0.36000000,2.80000000,0.11600000,26.00000000,55.00000000,0.99722000,3.18000000,0.68000000,10.90000000,5.00000000
8.90000000,0.28000000,0.45000000,1.70000000,0.06700000,7.00000000,12.00000000,0.99354000,3.25000000,0.55000000,12.30000000,7.00000000
8.90000000,0.32000000,0.31000000,2.00000000,0.08800000,12.00000000,19.00000000,0.99570000,3.17000000,0.55000000,10.40000000,6.00000000
7.70000000,1.00500000,0.15000000,2.10000000,0.10200000,11.00000000,32.00000000,0.99604000,3.23000000,0.48000000,10.00000000,5.00000000
7.50000000,0.71000000,0.00000000,1.60000000,0.09200000,22.00000000,31.00000000,0.99635000,3.38000000,0.58000000,10.00000000,6.00000000
8.00000000,0.58000000,0.16000000,2.00000000,0.12000000,3.00000000,7.00000000,0.99454000,3.22000000,0.58000000,11.20000000,6.00000000
10.50000000,0.39000000,0.46000000,2.20000000,0.07500000,14.00000000,27.00000000,0.99598000,3.06000000,0.84000000,11.40000000,6.00000000
8.90000000,0.38000000,0.40000000,2.20000000,0.06800000,12.00000000,28.00000000,0.99486000,3.27000000,0.75000000,12.60000000,7.00000000
8.00000000,0.18000000,0.37000000,0.90000000,0.04900000,36.00000000,109.00000000,0.99007000,2.89000000,0.44000000,12.70000000,6.00000000
8.00000000,0.18000000,0.37000000,0.90000000,0.04900000,36.00000000,109.00000000,0.99007000,2.89000000,0.44000000,12.70000000,6.00000000
7.00000000,0.50000000,0.14000000,1.80000000,0.07800000,10.00000000,23.00000000,0.99636000,3.53000000,0.61000000,10.40000000,5.00000000
11.30000000,0.36000000,0.66000000,2.40000000,0.12300000,3.00000000,8.00000000,0.99642000,3.20000000,0.53000000,11.90000000,6.00000000
11.30000000,0.36000000,0.66000000,2.40000000,0.12300000,3.00000000,8.00000000,0.99642000,3.20000000,0.53000000,11.90000000,6.00000000
7.00000000,0.51000000,0.09000000,2.10000000,0.06200000,4.00000000,9.00000000,0.99584000,3.35000000,0.54000000,10.50000000,5.00000000
8.20000000,0.32000000,0.42000000,2.30000000,0.09800000,3.00000000,9.00000000,0.99506000,3.27000000,0.55000000,12.30000000,6.00000000
7.70000000,0.58000000,0.01000000,1.80000000,0.08800000,12.00000000,18.00000000,0.99568000,3.32000000,0.56000000,10.50000000,7.00000000
8.60000000,0.83000000,0.00000000,2.80000000,0.09500000,17.00000000,43.00000000,0.99822000,3.33000000,0.60000000,10.40000000,6.00000000
7.90000000,0.31000000,0.32000000,1.90000000,0.06600000,14.00000000,36.00000000,0.99364000,3.41000000,0.56000000,12.60000000,6.00000000
6.40000000,0.79500000,0.00000000,2.20000000,0.06500000,28.00000000,52.00000000,0.99378000,3.49000000,0.52000000,11.60000000,5.00000000
7.20000000,0.34000000,0.21000000,2.50000000,0.07500000,41.00000000,68.00000000,0.99586000,3.37000000,0.54000000,10.10000000,6.00000000
7.70000000,0.58000000,0.01000000,1.80000000,0.08800000,12.00000000,18.00000000,0.99568000,3.32000000,0.56000000,10.50000000,7.00000000
7.10000000,0.59000000,0.00000000,2.10000000,0.09100000,9.00000000,14.00000000,0.99488000,3.42000000,0.55000000,11.50000000,7.00000000
7.30000000,0.55000000,0.01000000,1.80000000,0.09300000,9.00000000,15.00000000,0.99514000,3.35000000,0.58000000,11.00000000,7.00000000
8.10000000,0.82000000,0.00000000,4.10000000,0.09500000,5.00000000,14.00000000,0.99854000,3.36000000,0.53000000,9.60000000,5.00000000
7.50000000,0.57000000,0.08000000,2.60000000,0.08900000,14.00000000,27.00000000,0.99592000,3.30000000,0.59000000,10.40000000,6.00000000
8.90000000,0.74500000,0.18000000,2.50000000,0.07700000,15.00000000,48.00000000,0.99739000,3.20000000,0.47000000,9.70000000,6.00000000
10.10000000,0.37000000,0.34000000,2.40000000,0.08500000,5.00000000,17.00000000,0.99683000,3.17000000,0.65000000,10.60000000,7.00000000
7.60000000,0.31000000,0.34000000,2.50000000,0.08200000,26.00000000,35.00000000,0.99356000,3.22000000,0.59000000,12.50000000,7.00000000
7.30000000,0.91000000,0.10000000,1.80000000,0.07400000,20.00000000,56.00000000,0.99672000,3.35000000,0.56000000,9.20000000,5.00000000
8.70000000,0.41000000,0.41000000,6.20000000,0.07800000,25.00000000,42.00000000,0.99530000,3.24000000,0.77000000,12.60000000,7.00000000
8.90000000,0.50000000,0.21000000,2.20000000,0.08800000,21.00000000,39.00000000,0.99692000,3.33000000,0.83000000,11.10000000,6.00000000
7.40000000,0.96500000,0.00000000,2.20000000,0.08800000,16.00000000,32.00000000,0.99756000,3.58000000,0.67000000,10.20000000,5.00000000
6.90000000,0.49000000,0.19000000,1.70000000,0.07900000,13.00000000,26.00000000,0.99547000,3.38000000,0.64000000,9.80000000,6.00000000
8.90000000,0.50000000,0.21000000,2.20000000,0.08800000,21.00000000,39.00000000,0.99692000,3.33000000,0.83000000,11.10000000,6.00000000
9.50000000,0.39000000,0.41000000,8.90000000,0.06900000,18.00000000,39.00000000,0.99859000,3.29000000,0.81000000,10.90000000,7.00000000
6.40000000,0.39000000,0.33000000,3.30000000,0.04600000,12.00000000,53.00000000,0.99294000,3.36000000,0.62000000,12.20000000,6.00000000
6.90000000,0.44000000,0.00000000,1.40000000,0.07000000,32.00000000,38.00000000,0.99438000,3.32000000,0.58000000,11.40000000,6.00000000
7.60000000,0.78000000,0.00000000,1.70000000,0.07600000,33.00000000,45.00000000,0.99612000,3.31000000,0.62000000,10.70000000,6.00000000
7.10000000,0.43000000,0.17000000,1.80000000,0.08200000,27.00000000,51.00000000,0.99634000,3.49000000,0.64000000,10.40000000,5.00000000
9.30000000,0.49000000,0.36000000,1.70000000,0.08100000,3.00000000,14.00000000,0.99702000,3.27000000,0.78000000,10.90000000,6.00000000
9.30000000,0.50000000,0.36000000,1.80000000,0.08400000,6.00000000,17.00000000,0.99704000,3.27000000,0.77000000,10.80000000,6.00000000
7.10000000,0.43000000,0.17000000,1.80000000,0.08200000,27.00000000,51.00000000,0.99634000,3.49000000,0.64000000,10.40000000,5.00000000
8.50000000,0.46000000,0.59000000,1.40000000,0.41400000,16.00000000,45.00000000,0.99702000,3.03000000,1.34000000,9.20000000,5.00000000
5.60000000,0.60500000,0.05000000,2.40000000,0.07300000,19.00000000,25.00000000,0.99258000,3.56000000,0.55000000,12.90000000,5.00000000
8.30000000,0.33000000,0.42000000,2.30000000,0.07000000,9.00000000,20.00000000,0.99426000,3.38000000,0.77000000,12.70000000,7.00000000
8.20000000,0.64000000,0.27000000,2.00000000,0.09500000,5.00000000,77.00000000,0.99747000,3.13000000,0.62000000,9.10000000,6.00000000
8.20000000,0.64000000,0.27000000,2.00000000,0.09500000,5.00000000,77.00000000,0.99747000,3.13000000,0.62000000,9.10000000,6.00000000
8.90000000,0.48000000,0.53000000,4.00000000,0.10100000,3.00000000,10.00000000,0.99586000,3.21000000,0.59000000,12.10000000,7.00000000
7.60000000,0.42000000,0.25000000,3.90000000,0.10400000,28.00000000,90.00000000,0.99784000,3.15000000,0.57000000,9.10000000,5.00000000
9.90000000,0.53000000,0.57000000,2.40000000,0.09300000,30.00000000,52.00000000,0.99710000,3.19000000,0.76000000,11.60000000,7.00000000
8.90000000,0.48000000,0.53000000,4.00000000,0.10100000,3.00000000,10.00000000,0.99586000,3.21000000,0.59000000,12.10000000,7.00000000
11.60000000,0.23000000,0.57000000,1.80000000,0.07400000,3.00000000,8.00000000,0.99810000,3.14000000,0.70000000,9.90000000,6.00000000
9.10000000,0.40000000,0.50000000,1.80000000,0.07100000,7.00000000,16.00000000,0.99462000,3.21000000,0.69000000,12.50000000,8.00000000
8.00000000,0.38000000,0.44000000,1.90000000,0.09800000,6.00000000,15.00000000,0.99560000,3.30000000,0.64000000,11.40000000,6.00000000
10.20000000,0.29000000,0.65000000,2.40000000,0.07500000,6.00000000,17.00000000,0.99565000,3.22000000,0.63000000,11.80000000,6.00000000
8.20000000,0.74000000,0.09000000,2.00000000,0.06700000,5.00000000,10.00000000,0.99418000,3.28000000,0.57000000,11.80000000,6.00000000
7.70000000,0.61000000,0.18000000,2.40000000,0.08300000,6.00000000,20.00000000,0.99630000,3.29000000,0.60000000,10.20000000,6.00000000
6.60000000,0.52000000,0.08000000,2.40000000,0.07000000,13.00000000,26.00000000,0.99358000,3.40000000,0.72000000,12.50000000,7.00000000
11.10000000,0.31000000,0.53000000,2.20000000,0.06000000,3.00000000,10.00000000,0.99572000,3.02000000,0.83000000,10.90000000,7.00000000
11.10000000,0.31000000,0.53000000,2.20000000,0.06000000,3.00000000,10.00000000,0.99572000,3.02000000,0.83000000,10.90000000,7.00000000
8.00000000,0.62000000,0.35000000,2.80000000,0.08600000,28.00000000,52.00000000,0.99700000,3.31000000,0.62000000,10.80000000,5.00000000
9.30000000,0.33000000,0.45000000,1.50000000,0.05700000,19.00000000,37.00000000,0.99498000,3.18000000,0.89000000,11.10000000,7.00000000
7.50000000,0.77000000,0.20000000,8.10000000,0.09800000,30.00000000,92.00000000,0.99892000,3.20000000,0.58000000,9.20000000,5.00000000
7.20000000,0.35000000,0.26000000,1.80000000,0.08300000,33.00000000,75.00000000,0.99680000,3.40000000,0.58000000,9.50000000,6.00000000
8.00000000,0.62000000,0.33000000,2.70000000,0.08800000,16.00000000,37.00000000,0.99720000,3.31000000,0.58000000,10.70000000,6.00000000
7.50000000,0.77000000,0.20000000,8.10000000,0.09800000,30.00000000,92.00000000,0.99892000,3.20000000,0.58000000,9.20000000,5.00000000
9.10000000,0.25000000,0.34000000,2.00000000,0.07100000,45.00000000,67.00000000,0.99769000,3.44000000,0.86000000,10.20000000,7.00000000
9.90000000,0.32000000,0.56000000,2.00000000,0.07300000,3.00000000,8.00000000,0.99534000,3.15000000,0.73000000,11.40000000,6.00000000
8.60000000,0.37000000,0.65000000,6.40000000,0.08000000,3.00000000,8.00000000,0.99817000,3.27000000,0.58000000,11.00000000,5.00000000
8.60000000,0.37000000,0.65000000,6.40000000,0.08000000,3.00000000,8.00000000,0.99817000,3.27000000,0.58000000,11.00000000,5.00000000
7.90000000,0.30000000,0.68000000,8.30000000,0.05000000,37.50000000,278.00000000,0.99316000,3.01000000,0.51000000,12.30000000,7.00000000
10.30000000,0.27000000,0.56000000,1.40000000,0.04700000,3.00000000,8.00000000,0.99471000,3.16000000,0.51000000,11.80000000,6.00000000
7.90000000,0.30000000,0.68000000,8.30000000,0.05000000,37.50000000,289.00000000,0.99316000,3.01000000,0.51000000,12.30000000,7.00000000
7.20000000,0.38000000,0.30000000,1.80000000,0.07300000,31.00000000,70.00000000,0.99685000,3.42000000,0.59000000,9.50000000,6.00000000
8.70000000,0.42000000,0.45000000,2.40000000,0.07200000,32.00000000,59.00000000,0.99617000,3.33000000,0.77000000,12.00000000,6.00000000
7.20000000,0.38000000,0.30000000,1.80000000,0.07300000,31.00000000,70.00000000,0.99685000,3.42000000,0.59000000,9.50000000,6.00000000
6.80000000,0.48000000,0.08000000,1.80000000,0.07400000,40.00000000,64.00000000,0.99529000,3.12000000,0.49000000,9.60000000,5.00000000
8.50000000,0.34000000,0.40000000,4.70000000,0.05500000,3.00000000,9.00000000,0.99738000,3.38000000,0.66000000,11.60000000,7.00000000
7.90000000,0.19000000,0.42000000,1.60000000,0.05700000,18.00000000,30.00000000,0.99400000,3.29000000,0.69000000,11.20000000,6.00000000
11.60000000,0.41000000,0.54000000,1.50000000,0.09500000,22.00000000,41.00000000,0.99735000,3.02000000,0.76000000,9.90000000,7.00000000
11.60000000,0.41000000,0.54000000,1.50000000,0.09500000,22.00000000,41.00000000,0.99735000,3.02000000,0.76000000,9.90000000,7.00000000
10.00000000,0.26000000,0.54000000,1.90000000,0.08300000,42.00000000,74.00000000,0.99451000,2.98000000,0.63000000,11.80000000,8.00000000
7.90000000,0.34000000,0.42000000,2.00000000,0.08600000,8.00000000,19.00000000,0.99546000,3.35000000,0.60000000,11.40000000,6.00000000
7.00000000,0.54000000,0.09000000,2.00000000,0.08100000,10.00000000,16.00000000,0.99479000,3.43000000,0.59000000,11.50000000,6.00000000
9.20000000,0.31000000,0.36000000,2.20000000,0.07900000,11.00000000,31.00000000,0.99615000,3.33000000,0.86000000,12.00000000,7.00000000
6.60000000,0.72500000,0.09000000,5.50000000,0.11700000,9.00000000,17.00000000,0.99655000,3.35000000,0.49000000,10.80000000,6.00000000
9.40000000,0.40000000,0.47000000,2.50000000,0.08700000,6.00000000,20.00000000,0.99772000,3.15000000,0.50000000,10.50000000,5.00000000
6.60000000,0.72500000,0.09000000,5.50000000,0.11700000,9.00000000,17.00000000,0.99655000,3.35000000,0.49000000,10.80000000,6.00000000
8.60000000,0.52000000,0.38000000,1.50000000,0.09600000,5.00000000,18.00000000,0.99666000,3.20000000,0.52000000,9.40000000,5.00000000
8.00000000,0.31000000,0.45000000,2.10000000,0.21600000,5.00000000,16.00000000,0.99358000,3.15000000,0.81000000,12.50000000,7.00000000
8.60000000,0.52000000,0.38000000,1.50000000,0.09600000,5.00000000,18.00000000,0.99666000,3.20000000,0.52000000,9.40000000,5.00000000
8.40000000,0.34000000,0.42000000,2.10000000,0.07200000,23.00000000,36.00000000,0.99392000,3.11000000,0.78000000,12.40000000,6.00000000
7.40000000,0.49000000,0.27000000,2.10000000,0.07100000,14.00000000,25.00000000,0.99388000,3.35000000,0.63000000,12.00000000,6.00000000
6.10000000,0.48000000,0.09000000,1.70000000,0.07800000,18.00000000,30.00000000,0.99402000,3.45000000,0.54000000,11.20000000,6.00000000
7.40000000,0.49000000,0.27000000,2.10000000,0.07100000,14.00000000,25.00000000,0.99388000,3.35000000,0.63000000,12.00000000,6.00000000
8.00000000,0.48000000,0.34000000,2.20000000,0.07300000,16.00000000,25.00000000,0.99360000,3.28000000,0.66000000,12.40000000,6.00000000
6.30000000,0.57000000,0.28000000,2.10000000,0.04800000,13.00000000,49.00000000,0.99374000,3.41000000,0.60000000,12.80000000,5.00000000
8.20000000,0.23000000,0.42000000,1.90000000,0.06900000,9.00000000,17.00000000,0.99376000,3.21000000,0.54000000,12.30000000,6.00000000
9.10000000,0.30000000,0.41000000,2.00000000,0.06800000,10.00000000,24.00000000,0.99523000,3.27000000,0.85000000,11.70000000,7.00000000
8.10000000,0.78000000,0.10000000,3.30000000,0.09000000,4.00000000,13.00000000,0.99855000,3.36000000,0.49000000,9.50000000,5.00000000
10.80000000,0.47000000,0.43000000,2.10000000,0.17100000,27.00000000,66.00000000,0.99820000,3.17000000,0.76000000,10.80000000,6.00000000
8.30000000,0.53000000,0.00000000,1.40000000,0.07000000,6.00000000,14.00000000,0.99593000,3.25000000,0.64000000,10.00000000,6.00000000
5.40000000,0.42000000,0.27000000,2.00000000,0.09200000,23.00000000,55.00000000,0.99471000,3.78000000,0.64000000,12.30000000,7.00000000
7.90000000,0.33000000,0.41000000,1.50000000,0.05600000,6.00000000,35.00000000,0.99396000,3.29000000,0.71000000,11.00000000,6.00000000
8.90000000,0.24000000,0.39000000,1.60000000,0.07400000,3.00000000,10.00000000,0.99698000,3.12000000,0.59000000,9.50000000,6.00000000
5.00000000,0.40000000,0.50000000,4.30000000,0.04600000,29.00000000,80.00000000,0.99020000,3.49000000,0.66000000,13.60000000,6.00000000
7.00000000,0.69000000,0.07000000,2.50000000,0.09100000,15.00000000,21.00000000,0.99572000,3.38000000,0.60000000,11.30000000,6.00000000
7.00000000,0.69000000,0.07000000,2.50000000,0.09100000,15.00000000,21.00000000,0.99572000,3.38000000,0.60000000,11.30000000,6.00000000
7.00000000,0.69000000,0.07000000,2.50000000,0.09100000,15.00000000,21.00000000,0.99572000,3.38000000,0.60000000,11.30000000,6.00000000
7.10000000,0.39000000,0.12000000,2.10000000,0.06500000,14.00000000,24.00000000,0.99252000,3.30000000,0.53000000,13.30000000,6.00000000
5.60000000,0.66000000,0.00000000,2.50000000,0.06600000,7.00000000,15.00000000,0.99256000,3.52000000,0.58000000,12.90000000,5.00000000
7.90000000,0.54000000,0.34000000,2.50000000,0.07600000,8.00000000,17.00000000,0.99235000,3.20000000,0.72000000,13.10000000,8.00000000
6.60000000,0.50000000,0.00000000,1.80000000,0.06200000,21.00000000,28.00000000,0.99352000,3.44000000,0.55000000,12.30000000,6.00000000
6.30000000,0.47000000,0.00000000,1.40000000,0.05500000,27.00000000,33.00000000,0.99220000,3.45000000,0.48000000,12.30000000,6.00000000
10.70000000,0.40000000,0.37000000,1.90000000,0.08100000,17.00000000,29.00000000,0.99674000,3.12000000,0.65000000,11.20000000,6.00000000
6.50000000,0.58000000,0.00000000,2.20000000,0.09600000,3.00000000,13.00000000,0.99557000,3.62000000,0.62000000,11.50000000,4.00000000
8.80000000,0.24000000,0.35000000,1.70000000,0.05500000,13.00000000,27.00000000,0.99394000,3.14000000,0.59000000,11.30000000,7.00000000
5.80000000,0.29000000,0.26000000,1.70000000,0.06300000,3.00000000,11.00000000,0.99150000,3.39000000,0.54000000,13.50000000,6.00000000
6.30000000,0.76000000,0.00000000,2.90000000,0.07200000,26.00000000,52.00000000,0.99379000,3.51000000,0.60000000,11.50000000,6.00000000
10.00000000,0.43000000,0.33000000,2.70000000,0.09500000,28.00000000,89.00000000,0.99840000,3.22000000,0.68000000,10.00000000,5.00000000
10.50000000,0.43000000,0.35000000,3.30000000,0.09200000,24.00000000,70.00000000,0.99798000,3.21000000,0.69000000,10.50000000,6.00000000
9.10000000,0.60000000,0.00000000,1.90000000,0.05800000,5.00000000,10.00000000,0.99770000,3.18000000,0.63000000,10.40000000,6.00000000
5.90000000,0.19000000,0.21000000,1.70000000,0.04500000,57.00000000,135.00000000,0.99341000,3.32000000,0.44000000,9.50000000,5.00000000
7.40000000,0.36000000,0.34000000,1.80000000,0.07500000,18.00000000,38.00000000,0.99330000,3.38000000,0.88000000,13.60000000,7.00000000
7.20000000,0.48000000,0.07000000,5.50000000,0.08900000,10.00000000,18.00000000,0.99684000,3.37000000,0.68000000,11.20000000,7.00000000
8.50000000,0.28000000,0.35000000,1.70000000,0.06100000,6.00000000,15.00000000,0.99524000,3.30000000,0.74000000,11.80000000,7.00000000
8.00000000,0.25000000,0.43000000,1.70000000,0.06700000,22.00000000,50.00000000,0.99460000,3.38000000,0.60000000,11.90000000,6.00000000
10.40000000,0.52000000,0.45000000,2.00000000,0.08000000,6.00000000,13.00000000,0.99774000,3.22000000,0.76000000,11.40000000,6.00000000
10.40000000,0.52000000,0.45000000,2.00000000,0.08000000,6.00000000,13.00000000,0.99774000,3.22000000,0.76000000,11.40000000,6.00000000
7.50000000,0.41000000,0.15000000,3.70000000,0.10400000,29.00000000,94.00000000,0.99786000,3.14000000,0.58000000,9.10000000,5.00000000
8.20000000,0.51000000,0.24000000,2.00000000,0.07900000,16.00000000,86.00000000,0.99764000,3.34000000,0.64000000,9.50000000,6.00000000
7.30000000,0.40000000,0.30000000,1.70000000,0.08000000,33.00000000,79.00000000,0.99690000,3.41000000,0.65000000,9.50000000,6.00000000
8.20000000,0.38000000,0.32000000,2.50000000,0.08000000,24.00000000,71.00000000,0.99624000,3.27000000,0.85000000,11.00000000,6.00000000
6.90000000,0.45000000,0.11000000,2.40000000,0.04300000,6.00000000,12.00000000,0.99354000,3.30000000,0.65000000,11.40000000,6.00000000
7.00000000,0.22000000,0.30000000,1.80000000,0.06500000,16.00000000,20.00000000,0.99672000,3.61000000,0.82000000,10.00000000,6.00000000
7.30000000,0.32000000,0.23000000,2.30000000,0.06600000,35.00000000,70.00000000,0.99588000,3.43000000,0.62000000,10.10000000,5.00000000
8.20000000,0.20000000,0.43000000,2.50000000,0.07600000,31.00000000,51.00000000,0.99672000,3.53000000,0.81000000,10.40000000,6.00000000
7.80000000,0.50000000,0.12000000,1.80000000,0.17800000,6.00000000,21.00000000,0.99600000,3.28000000,0.87000000,9.80000000,6.00000000
10.00000000,0.41000000,0.45000000,6.20000000,0.07100000,6.00000000,14.00000000,0.99702000,3.21000000,0.49000000,11.80000000,7.00000000
7.80000000,0.39000000,0.42000000,2.00000000,0.08600000,9.00000000,21.00000000,0.99526000,3.39000000,0.66000000,11.60000000,6.00000000
10.00000000,0.35000000,0.47000000,2.00000000,0.06100000,6.00000000,11.00000000,0.99585000,3.23000000,0.52000000,12.00000000,6.00000000
8.20000000,0.33000000,0.32000000,2.80000000,0.06700000,4.00000000,12.00000000,0.99473000,3.30000000,0.76000000,12.80000000,7.00000000
6.10000000,0.58000000,0.23000000,2.50000000,0.04400000,16.00000000,70.00000000,0.99352000,3.46000000,0.65000000,12.50000000,6.00000000
8.30000000,0.60000000,0.25000000,2.20000000,0.11800000,9.00000000,38.00000000,0.99616000,3.15000000,0.53000000,9.80000000,5.00000000
9.60000000,0.42000000,0.35000000,2.10000000,0.08300000,17.00000000,38.00000000,0.99622000,3.23000000,0.66000000,11.10000000,6.00000000
6.60000000,0.58000000,0.00000000,2.20000000,0.10000000,50.00000000,63.00000000,0.99544000,3.59000000,0.68000000,11.40000000,6.00000000
8.30000000,0.60000000,0.25000000,2.20000000,0.11800000,9.00000000,38.00000000,0.99616000,3.15000000,0.53000000,9.80000000,5.00000000
8.50000000,0.18000000,0.51000000,1.75000000,0.07100000,45.00000000,88.00000000,0.99524000,3.33000000,0.76000000,11.80000000,7.00000000
5.10000000,0.51000000,0.18000000,2.10000000,0.04200000,16.00000000,101.00000000,0.99240000,3.46000000,0.87000000,12.90000000,7.00000000
6.70000000,0.41000000,0.43000000,2.80000000,0.07600000,22.00000000,54.00000000,0.99572000,3.42000000,1.16000000,10.60000000,6.00000000
10.20000000,0.41000000,0.43000000,2.20000000,0.11000000,11.00000000,37.00000000,0.99728000,3.16000000,0.67000000,10.80000000,5.00000000
10.60000000,0.36000000,0.57000000,2.30000000,0.08700000,6.00000000,20.00000000,0.99676000,3.14000000,0.72000000,11.10000000,7.00000000
8.80000000,0.45000000,0.43000000,1.40000000,0.07600000,12.00000000,21.00000000,0.99551000,3.21000000,0.75000000,10.20000000,6.00000000
8.50000000,0.32000000,0.42000000,2.30000000,0.07500000,12.00000000,19.00000000,0.99434000,3.14000000,0.71000000,11.80000000,7.00000000
9.00000000,0.78500000,0.24000000,1.70000000,0.07800000,10.00000000,21.00000000,0.99692000,3.29000000,0.67000000,10.00000000,5.00000000
9.00000000,0.78500000,0.24000000,1.70000000,0.07800000,10.00000000,21.00000000,0.99692000,3.29000000,0.67000000,10.00000000,5.00000000
8.50000000,0.44000000,0.50000000,1.90000000,0.36900000,15.00000000,38.00000000,0.99634000,3.01000000,1.10000000,9.40000000,5.00000000
9.90000000,0.54000000,0.26000000,2.00000000,0.11100000,7.00000000,60.00000000,0.99709000,2.94000000,0.98000000,10.20000000,5.00000000
8.20000000,0.33000000,0.39000000,2.50000000,0.07400000,29.00000000,48.00000000,0.99528000,3.32000000,0.88000000,12.40000000,7.00000000
6.50000000,0.34000000,0.27000000,2.80000000,0.06700000,8.00000000,44.00000000,0.99384000,3.21000000,0.56000000,12.00000000,6.00000000
7.60000000,0.50000000,0.29000000,2.30000000,0.08600000,5.00000000,14.00000000,0.99502000,3.32000000,0.62000000,11.50000000,6.00000000
9.20000000,0.36000000,0.34000000,1.60000000,0.06200000,5.00000000,12.00000000,0.99667000,3.20000000,0.67000000,10.50000000,6.00000000
7.10000000,0.59000000,0.00000000,2.20000000,0.07800000,26.00000000,44.00000000,0.99522000,3.42000000,0.68000000,10.80000000,6.00000000
9.70000000,0.42000000,0.46000000,2.10000000,0.07400000,5.00000000,16.00000000,0.99649000,3.27000000,0.74000000,12.30000000,6.00000000
7.60000000,0.36000000,0.31000000,1.70000000,0.07900000,26.00000000,65.00000000,0.99716000,3.46000000,0.62000000,9.50000000,6.00000000
7.60000000,0.36000000,0.31000000,1.70000000,0.07900000,26.00000000,65.00000000,0.99716000,3.46000000,0.62000000,9.50000000,6.00000000
6.50000000,0.61000000,0.00000000,2.20000000,0.09500000,48.00000000,59.00000000,0.99541000,3.61000000,0.70000000,11.50000000,6.00000000
6.50000000,0.88000000,0.03000000,5.60000000,0.07900000,23.00000000,47.00000000,0.99572000,3.58000000,0.50000000,11.20000000,4.00000000
7.10000000,0.66000000,0.00000000,2.40000000,0.05200000,6.00000000,11.00000000,0.99318000,3.35000000,0.66000000,12.70000000,7.00000000
5.60000000,0.91500000,0.00000000,2.10000000,0.04100000,17.00000000,78.00000000,0.99346000,3.68000000,0.73000000,11.40000000,5.00000000
8.20000000,0.35000000,0.33000000,2.40000000,0.07600000,11.00000000,47.00000000,0.99599000,3.27000000,0.81000000,11.00000000,6.00000000
8.20000000,0.35000000,0.33000000,2.40000000,0.07600000,11.00000000,47.00000000,0.99599000,3.27000000,0.81000000,11.00000000,6.00000000
9.80000000,0.39000000,0.43000000,1.65000000,0.06800000,5.00000000,11.00000000,0.99478000,3.19000000,0.46000000,11.40000000,5.00000000
10.20000000,0.40000000,0.40000000,2.50000000,0.06800000,41.00000000,54.00000000,0.99754000,3.38000000,0.86000000,10.50000000,6.00000000
6.80000000,0.66000000,0.07000000,1.60000000,0.07000000,16.00000000,61.00000000,0.99572000,3.29000000,0.60000000,9.30000000,5.00000000
6.70000000,0.64000000,0.23000000,2.10000000,0.08000000,11.00000000,119.00000000,0.99538000,3.36000000,0.70000000,10.90000000,5.00000000
7.00000000,0.43000000,0.30000000,2.00000000,0.08500000,6.00000000,39.00000000,0.99346000,3.33000000,0.46000000,11.90000000,6.00000000
6.60000000,0.80000000,0.03000000,7.80000000,0.07900000,6.00000000,12.00000000,0.99630000,3.52000000,0.50000000,12.20000000,5.00000000
7.00000000,0.43000000,0.30000000,2.00000000,0.08500000,6.00000000,39.00000000,0.99346000,3.33000000,0.46000000,11.90000000,6.00000000
6.70000000,0.64000000,0.23000000,2.10000000,0.08000000,11.00000000,119.00000000,0.99538000,3.36000000,0.70000000,10.90000000,5.00000000
8.80000000,0.95500000,0.05000000,1.80000000,0.07500000,5.00000000,19.00000000,0.99616000,3.30000000,0.44000000,9.60000000,4.00000000
9.10000000,0.40000000,0.57000000,4.60000000,0.08000000,6.00000000,20.00000000,0.99652000,3.28000000,0.57000000,12.50000000,6.00000000
6.50000000,0.88500000,0.00000000,2.30000000,0.16600000,6.00000000,12.00000000,0.99551000,3.56000000,0.51000000,10.80000000,5.00000000
7.20000000,0.25000000,0.37000000,2.50000000,0.06300000,11.00000000,41.00000000,0.99439000,3.52000000,0.80000000,12.40000000,7.00000000
6.40000000,0.88500000,0.00000000,2.30000000,0.16600000,6.00000000,12.00000000,0.99551000,3.56000000,0.51000000,10.80000000,5.00000000
7.00000000,0.74500000,0.12000000,1.80000000,0.11400000,15.00000000,64.00000000,0.99588000,3.22000000,0.59000000,9.50000000,6.00000000
6.20000000,0.43000000,0.22000000,1.80000000,0.07800000,21.00000000,56.00000000,0.99633000,3.52000000,0.60000000,9.50000000,6.00000000
7.90000000,0.58000000,0.23000000,2.30000000,0.07600000,23.00000000,94.00000000,0.99686000,3.21000000,0.58000000,9.50000000,6.00000000
7.70000000,0.57000000,0.21000000,1.50000000,0.06900000,4.00000000,9.00000000,0.99458000,3.16000000,0.54000000,9.80000000,6.00000000
7.70000000,0.26000000,0.26000000,2.00000000,0.05200000,19.00000000,77.00000000,0.99510000,3.15000000,0.79000000,10.90000000,6.00000000
7.90000000,0.58000000,0.23000000,2.30000000,0.07600000,23.00000000,94.00000000,0.99686000,3.21000000,0.58000000,9.50000000,6.00000000
7.70000000,0.57000000,0.21000000,1.50000000,0.06900000,4.00000000,9.00000000,0.99458000,3.16000000,0.54000000,9.80000000,6.00000000
7.90000000,0.34000000,0.36000000,1.90000000,0.06500000,5.00000000,10.00000000,0.99419000,3.27000000,0.54000000,11.20000000,7.00000000
8.60000000,0.42000000,0.39000000,1.80000000,0.06800000,6.00000000,12.00000000,0.99516000,3.35000000,0.69000000,11.70000000,8.00000000
9.90000000,0.74000000,0.19000000,5.80000000,0.11100000,33.00000000,76.00000000,0.99878000,3.14000000,0.55000000,9.40000000,5.00000000
7.20000000,0.36000000,0.46000000,2.10000000,0.07400000,24.00000000,44.00000000,0.99534000,3.40000000,0.85000000,11.00000000,7.00000000
7.20000000,0.36000000,0.46000000,2.10000000,0.07400000,24.00000000,44.00000000,0.99534000,3.40000000,0.85000000,11.00000000,7.00000000
7.20000000,0.36000000,0.46000000,2.10000000,0.07400000,24.00000000,44.00000000,0.99534000,3.40000000,0.85000000,11.00000000,7.00000000
9.90000000,0.72000000,0.55000000,1.70000000,0.13600000,24.00000000,52.00000000,0.99752000,3.35000000,0.94000000,10.00000000,5.00000000
7.20000000,0.36000000,0.46000000,2.10000000,0.07400000,24.00000000,44.00000000,0.99534000,3.40000000,0.85000000,11.00000000,7.00000000
6.20000000,0.39000000,0.43000000,2.00000000,0.07100000,14.00000000,24.00000000,0.99428000,3.45000000,0.87000000,11.20000000,7.00000000
6.80000000,0.65000000,0.02000000,2.10000000,0.07800000,8.00000000,15.00000000,0.99498000,3.35000000,0.62000000,10.40000000,6.00000000
6.60000000,0.44000000,0.15000000,2.10000000,0.07600000,22.00000000,53.00000000,0.99570000,3.32000000,0.62000000,9.30000000,5.00000000
6.80000000,0.65000000,0.02000000,2.10000000,0.07800000,8.00000000,15.00000000,0.99498000,3.35000000,0.62000000,10.40000000,6.00000000
9.60000000,0.38000000,0.42000000,1.90000000,0.07100000,5.00000000,13.00000000,0.99659000,3.15000000,0.75000000,10.50000000,6.00000000
10.20000000,0.33000000,0.46000000,1.90000000,0.08100000,6.00000000,9.00000000,0.99628000,3.10000000,0.48000000,10.40000000,6.00000000
8.80000000,0.27000000,0.46000000,2.10000000,0.09500000,20.00000000,29.00000000,0.99488000,3.26000000,0.56000000,11.30000000,6.00000000
7.90000000,0.57000000,0.31000000,2.00000000,0.07900000,10.00000000,79.00000000,0.99677000,3.29000000,0.69000000,9.50000000,6.00000000
8.20000000,0.34000000,0.37000000,1.90000000,0.05700000,43.00000000,74.00000000,0.99408000,3.23000000,0.81000000,12.00000000,6.00000000
8.20000000,0.40000000,0.31000000,1.90000000,0.08200000,8.00000000,24.00000000,0.99600000,3.24000000,0.69000000,10.60000000,6.00000000
9.00000000,0.39000000,0.40000000,1.30000000,0.04400000,25.00000000,50.00000000,0.99478000,3.20000000,0.83000000,10.90000000,6.00000000
10.90000000,0.32000000,0.52000000,1.80000000,0.13200000,17.00000000,44.00000000,0.99734000,3.28000000,0.77000000,11.50000000,6.00000000
10.90000000,0.32000000,0.52000000,1.80000000,0.13200000,17.00000000,44.00000000,0.99734000,3.28000000,0.77000000,11.50000000,6.00000000
8.10000000,0.53000000,0.22000000,2.20000000,0.07800000,33.00000000,89.00000000,0.99678000,3.26000000,0.46000000,9.60000000,6.00000000
10.50000000,0.36000000,0.47000000,2.20000000,0.07400000,9.00000000,23.00000000,0.99638000,3.23000000,0.76000000,12.00000000,6.00000000
12.60000000,0.39000000,0.49000000,2.50000000,0.08000000,8.00000000,20.00000000,0.99920000,3.07000000,0.82000000,10.30000000,6.00000000
9.20000000,0.46000000,0.23000000,2.60000000,0.09100000,18.00000000,77.00000000,0.99922000,3.15000000,0.51000000,9.40000000,5.00000000
7.50000000,0.58000000,0.03000000,4.10000000,0.08000000,27.00000000,46.00000000,0.99592000,3.02000000,0.47000000,9.20000000,5.00000000
9.00000000,0.58000000,0.25000000,2.00000000,0.10400000,8.00000000,21.00000000,0.99769000,3.27000000,0.72000000,9.60000000,5.00000000
5.10000000,0.42000000,0.00000000,1.80000000,0.04400000,18.00000000,88.00000000,0.99157000,3.68000000,0.73000000,13.60000000,7.00000000
7.60000000,0.43000000,0.29000000,2.10000000,0.07500000,19.00000000,66.00000000,0.99718000,3.40000000,0.64000000,9.50000000,5.00000000
7.70000000,0.18000000,0.34000000,2.70000000,0.06600000,15.00000000,58.00000000,0.99470000,3.37000000,0.78000000,11.80000000,6.00000000
7.80000000,0.81500000,0.01000000,2.60000000,0.07400000,48.00000000,90.00000000,0.99621000,3.38000000,0.62000000,10.80000000,5.00000000
7.60000000,0.43000000,0.29000000,2.10000000,0.07500000,19.00000000,66.00000000,0.99718000,3.40000000,0.64000000,9.50000000,5.00000000
10.20000000,0.23000000,0.37000000,2.20000000,0.05700000,14.00000000,36.00000000,0.99614000,3.23000000,0.49000000,9.30000000,4.00000000
7.10000000,0.75000000,0.01000000,2.20000000,0.05900000,11.00000000,18.00000000,0.99242000,3.39000000,0.40000000,12.80000000,6.00000000
6.00000000,0.33000000,0.32000000,12.90000000,0.05400000,6.00000000,113.00000000,0.99572000,3.30000000,0.56000000,11.50000000,4.00000000
7.80000000,0.55000000,0.00000000,1.70000000,0.07000000,7.00000000,17.00000000,0.99659000,3.26000000,0.64000000,9.40000000,6.00000000
7.10000000,0.75000000,0.01000000,2.20000000,0.05900000,11.00000000,18.00000000,0.99242000,3.39000000,0.40000000,12.80000000,6.00000000
8.10000000,0.73000000,0.00000000,2.50000000,0.08100000,12.00000000,24.00000000,0.99798000,3.38000000,0.46000000,9.60000000,4.00000000
6.50000000,0.67000000,0.00000000,4.30000000,0.05700000,11.00000000,20.00000000,0.99488000,3.45000000,0.56000000,11.80000000,4.00000000
7.50000000,0.61000000,0.20000000,1.70000000,0.07600000,36.00000000,60.00000000,0.99494000,3.10000000,0.40000000,9.30000000,5.00000000
9.80000000,0.37000000,0.39000000,2.50000000,0.07900000,28.00000000,65.00000000,0.99729000,3.16000000,0.59000000,9.80000000,5.00000000
9.00000000,0.40000000,0.41000000,2.00000000,0.05800000,15.00000000,40.00000000,0.99414000,3.22000000,0.60000000,12.20000000,6.00000000
8.30000000,0.56000000,0.22000000,2.40000000,0.08200000,10.00000000,86.00000000,0.99830000,3.37000000,0.62000000,9.50000000,5.00000000
5.90000000,0.29000000,0.25000000,13.40000000,0.06700000,72.00000000,160.00000000,0.99721000,3.33000000,0.54000000,10.30000000,6.00000000
7.40000000,0.55000000,0.19000000,1.80000000,0.08200000,15.00000000,34.00000000,0.99655000,3.49000000,0.68000000,10.50000000,5.00000000
7.40000000,0.74000000,0.07000000,1.70000000,0.08600000,15.00000000,48.00000000,0.99502000,3.12000000,0.48000000,10.00000000,5.00000000
7.40000000,0.55000000,0.19000000,1.80000000,0.08200000,15.00000000,34.00000000,0.99655000,3.49000000,0.68000000,10.50000000,5.00000000
6.90000000,0.41000000,0.33000000,2.20000000,0.08100000,22.00000000,36.00000000,0.99490000,3.41000000,0.75000000,11.10000000,6.00000000
7.10000000,0.60000000,0.01000000,2.30000000,0.07900000,24.00000000,37.00000000,0.99514000,3.40000000,0.61000000,10.90000000,6.00000000
7.10000000,0.60000000,0.01000000,2.30000000,0.07900000,24.00000000,37.00000000,0.99514000,3.40000000,0.61000000,10.90000000,6.00000000
7.50000000,0.58000000,0.14000000,2.20000000,0.07700000,27.00000000,60.00000000,0.99630000,3.28000000,0.59000000,9.80000000,5.00000000
7.10000000,0.72000000,0.00000000,1.80000000,0.12300000,6.00000000,14.00000000,0.99627000,3.45000000,0.58000000,9.80000000,5.00000000
7.90000000,0.66000000,0.00000000,1.40000000,0.09600000,6.00000000,13.00000000,0.99569000,3.43000000,0.58000000,9.50000000,5.00000000
7.80000000,0.70000000,0.06000000,1.90000000,0.07900000,20.00000000,35.00000000,0.99628000,3.40000000,0.69000000,10.90000000,5.00000000
6.10000000,0.64000000,0.02000000,2.40000000,0.06900000,26.00000000,46.00000000,0.99358000,3.47000000,0.45000000,11.00000000,5.00000000
7.50000000,0.59000000,0.22000000,1.80000000,0.08200000,43.00000000,60.00000000,0.99499000,3.10000000,0.42000000,9.20000000,5.00000000
7.00000000,0.58000000,0.28000000,4.80000000,0.08500000,12.00000000,69.00000000,0.99633000,3.32000000,0.70000000,11.00000000,6.00000000
6.80000000,0.64000000,0.00000000,2.70000000,0.12300000,15.00000000,33.00000000,0.99538000,3.44000000,0.63000000,11.30000000,6.00000000
6.80000000,0.64000000,0.00000000,2.70000000,0.12300000,15.00000000,33.00000000,0.99538000,3.44000000,0.63000000,11.30000000,6.00000000
8.60000000,0.63500000,0.68000000,1.80000000,0.40300000,19.00000000,56.00000000,0.99632000,3.02000000,1.15000000,9.30000000,5.00000000
6.30000000,1.02000000,0.00000000,2.00000000,0.08300000,17.00000000,24.00000000,0.99437000,3.59000000,0.55000000,11.20000000,4.00000000
9.80000000,0.45000000,0.38000000,2.50000000,0.08100000,34.00000000,66.00000000,0.99726000,3.15000000,0.58000000,9.80000000,5.00000000
8.20000000,0.78000000,0.00000000,2.20000000,0.08900000,13.00000000,26.00000000,0.99780000,3.37000000,0.46000000,9.60000000,4.00000000
8.50000000,0.37000000,0.32000000,1.80000000,0.06600000,26.00000000,51.00000000,0.99456000,3.38000000,0.72000000,11.80000000,6.00000000
7.20000000,0.57000000,0.05000000,2.30000000,0.08100000,16.00000000,36.00000000,0.99564000,3.38000000,0.60000000,10.30000000,6.00000000
7.20000000,0.57000000,0.05000000,2.30000000,0.08100000,16.00000000,36.00000000,0.99564000,3.38000000,0.60000000,10.30000000,6.00000000
10.40000000,0.43000000,0.50000000,2.30000000,0.06800000,13.00000000,19.00000000,0.99600000,3.10000000,0.87000000,11.40000000,6.00000000
6.90000000,0.41000000,0.31000000,2.00000000,0.07900000,21.00000000,51.00000000,0.99668000,3.47000000,0.55000000,9.50000000,6.00000000
5.50000000,0.49000000,0.03000000,1.80000000,0.04400000,28.00000000,87.00000000,0.99080000,3.50000000,0.82000000,14.00000000,8.00000000
5.00000000,0.38000000,0.01000000,1.60000000,0.04800000,26.00000000,60.00000000,0.99084000,3.70000000,0.75000000,14.00000000,6.00000000
7.30000000,0.44000000,0.20000000,1.60000000,0.04900000,24.00000000,64.00000000,0.99350000,3.38000000,0.57000000,11.70000000,6.00000000
5.90000000,0.46000000,0.00000000,1.90000000,0.07700000,25.00000000,44.00000000,0.99385000,3.50000000,0.53000000,11.20000000,5.00000000
7.50000000,0.58000000,0.20000000,2.00000000,0.07300000,34.00000000,44.00000000,0.99494000,3.10000000,0.43000000,9.30000000,5.00000000
7.80000000,0.58000000,0.13000000,2.10000000,0.10200000,17.00000000,36.00000000,0.99440000,3.24000000,0.53000000,11.20000000,6.00000000
8.00000000,0.71500000,0.22000000,2.30000000,0.07500000,13.00000000,81.00000000,0.99688000,3.24000000,0.54000000,9.50000000,6.00000000
8.50000000,0.40000000,0.40000000,6.30000000,0.05000000,3.00000000,10.00000000,0.99566000,3.28000000,0.56000000,12.00000000,4.00000000
7.00000000,0.69000000,0.00000000,1.90000000,0.11400000,3.00000000,10.00000000,0.99636000,3.35000000,0.60000000,9.70000000,6.00000000
8.00000000,0.71500000,0.22000000,2.30000000,0.07500000,13.00000000,81.00000000,0.99688000,3.24000000,0.54000000,9.50000000,6.00000000
9.80000000,0.30000000,0.39000000,1.70000000,0.06200000,3.00000000,9.00000000,0.99480000,3.14000000,0.57000000,11.50000000,7.00000000
7.10000000,0.46000000,0.20000000,1.90000000,0.07700000,28.00000000,54.00000000,0.99560000,3.37000000,0.64000000,10.40000000,6.00000000
7.10000000,0.46000000,0.20000000,1.90000000,0.07700000,28.00000000,54.00000000,0.99560000,3.37000000,0.64000000,10.40000000,6.00000000
7.90000000,0.76500000,0.00000000,2.00000000,0.08400000,9.00000000,22.00000000,0.99619000,3.33000000,0.68000000,10.90000000,6.00000000
8.70000000,0.63000000,0.28000000,2.70000000,0.09600000,17.00000000,69.00000000,0.99734000,3.26000000,0.63000000,10.20000000,6.00000000
7.00000000,0.42000000,0.19000000,2.30000000,0.07100000,18.00000000,36.00000000,0.99476000,3.39000000,0.56000000,10.90000000,5.00000000
11.30000000,0.37000000,0.50000000,1.80000000,0.09000000,20.00000000,47.00000000,0.99734000,3.15000000,0.57000000,10.50000000,5.00000000
7.10000000,0.16000000,0.44000000,2.50000000,0.06800000,17.00000000,31.00000000,0.99328000,3.35000000,0.54000000,12.40000000,6.00000000
8.00000000,0.60000000,0.08000000,2.60000000,0.05600000,3.00000000,7.00000000,0.99286000,3.22000000,0.37000000,13.00000000,5.00000000
7.00000000,0.60000000,0.30000000,4.50000000,0.06800000,20.00000000,110.00000000,0.99914000,3.30000000,1.17000000,10.20000000,5.00000000
7.00000000,0.60000000,0.30000000,4.50000000,0.06800000,20.00000000,110.00000000,0.99914000,3.30000000,1.17000000,10.20000000,5.00000000
7.60000000,0.74000000,0.00000000,1.90000000,0.10000000,6.00000000,12.00000000,0.99521000,3.36000000,0.59000000,11.00000000,5.00000000
8.20000000,0.63500000,0.10000000,2.10000000,0.07300000,25.00000000,60.00000000,0.99638000,3.29000000,0.75000000,10.90000000,6.00000000
5.90000000,0.39500000,0.13000000,2.40000000,0.05600000,14.00000000,28.00000000,0.99362000,3.62000000,0.67000000,12.40000000,6.00000000
7.50000000,0.75500000,0.00000000,1.90000000,0.08400000,6.00000000,12.00000000,0.99672000,3.34000000,0.49000000,9.70000000,4.00000000
8.20000000,0.63500000,0.10000000,2.10000000,0.07300000,25.00000000,60.00000000,0.99638000,3.29000000,0.75000000,10.90000000,6.00000000
6.60000000,0.63000000,0.00000000,4.30000000,0.09300000,51.00000000,77.50000000,0.99558000,3.20000000,0.45000000,9.50000000,5.00000000
6.60000000,0.63000000,0.00000000,4.30000000,0.09300000,51.00000000,77.50000000,0.99558000,3.20000000,0.45000000,9.50000000,5.00000000
7.20000000,0.53000000,0.14000000,2.10000000,0.06400000,15.00000000,29.00000000,0.99323000,3.35000000,0.61000000,12.10000000,6.00000000
5.70000000,0.60000000,0.00000000,1.40000000,0.06300000,11.00000000,18.00000000,0.99191000,3.45000000,0.56000000,12.20000000,6.00000000
7.60000000,1.58000000,0.00000000,2.10000000,0.13700000,5.00000000,9.00000000,0.99476000,3.50000000,0.40000000,10.90000000,3.00000000
5.20000000,0.64500000,0.00000000,2.15000000,0.08000000,15.00000000,28.00000000,0.99444000,3.78000000,0.61000000,12.50000000,6.00000000
6.70000000,0.86000000,0.07000000,2.00000000,0.10000000,20.00000000,57.00000000,0.99598000,3.60000000,0.74000000,11.70000000,6.00000000
9.10000000,0.37000000,0.32000000,2.10000000,0.06400000,4.00000000,15.00000000,0.99576000,3.30000000,0.80000000,11.20000000,6.00000000
8.00000000,0.28000000,0.44000000,1.80000000,0.08100000,28.00000000,68.00000000,0.99501000,3.36000000,0.66000000,11.20000000,5.00000000
7.60000000,0.79000000,0.21000000,2.30000000,0.08700000,21.00000000,68.00000000,0.99550000,3.12000000,0.44000000,9.20000000,5.00000000
7.50000000,0.61000000,0.26000000,1.90000000,0.07300000,24.00000000,88.00000000,0.99612000,3.30000000,0.53000000,9.80000000,5.00000000
9.70000000,0.69000000,0.32000000,2.50000000,0.08800000,22.00000000,91.00000000,0.99790000,3.29000000,0.62000000,10.10000000,5.00000000
6.80000000,0.68000000,0.09000000,3.90000000,0.06800000,15.00000000,29.00000000,0.99524000,3.41000000,0.52000000,11.10000000,4.00000000
9.70000000,0.69000000,0.32000000,2.50000000,0.08800000,22.00000000,91.00000000,0.99790000,3.29000000,0.62000000,10.10000000,5.00000000
7.00000000,0.62000000,0.10000000,1.40000000,0.07100000,27.00000000,63.00000000,0.99600000,3.28000000,0.61000000,9.20000000,5.00000000
7.50000000,0.61000000,0.26000000,1.90000000,0.07300000,24.00000000,88.00000000,0.99612000,3.30000000,0.53000000,9.80000000,5.00000000
6.50000000,0.51000000,0.15000000,3.00000000,0.06400000,12.00000000,27.00000000,0.99290000,3.33000000,0.59000000,12.80000000,6.00000000
8.00000000,1.18000000,0.21000000,1.90000000,0.08300000,14.00000000,41.00000000,0.99532000,3.34000000,0.47000000,10.50000000,5.00000000
7.00000000,0.36000000,0.21000000,2.30000000,0.08600000,20.00000000,65.00000000,0.99558000,3.40000000,0.54000000,10.10000000,6.00000000
7.00000000,0.36000000,0.21000000,2.40000000,0.08600000,24.00000000,69.00000000,0.99556000,3.40000000,0.53000000,10.10000000,6.00000000
7.50000000,0.63000000,0.27000000,2.00000000,0.08300000,17.00000000,91.00000000,0.99616000,3.26000000,0.58000000,9.80000000,6.00000000
5.40000000,0.74000000,0.00000000,1.20000000,0.04100000,16.00000000,46.00000000,0.99258000,4.01000000,0.59000000,12.50000000,6.00000000
9.90000000,0.44000000,0.46000000,2.20000000,0.09100000,10.00000000,41.00000000,0.99638000,3.18000000,0.69000000,11.90000000,6.00000000
7.50000000,0.63000000,0.27000000,2.00000000,0.08300000,17.00000000,91.00000000,0.99616000,3.26000000,0.58000000,9.80000000,6.00000000
9.10000000,0.76000000,0.68000000,1.70000000,0.41400000,18.00000000,64.00000000,0.99652000,2.90000000,1.33000000,9.10000000,6.00000000
9.70000000,0.66000000,0.34000000,2.60000000,0.09400000,12.00000000,88.00000000,0.99796000,3.26000000,0.66000000,10.10000000,5.00000000
5.00000000,0.74000000,0.00000000,1.20000000,0.04100000,16.00000000,46.00000000,0.99258000,4.01000000,0.59000000,12.50000000,6.00000000
9.10000000,0.34000000,0.42000000,1.80000000,0.05800000,9.00000000,18.00000000,0.99392000,3.18000000,0.55000000,11.40000000,5.00000000
9.10000000,0.36000000,0.39000000,1.80000000,0.06000000,21.00000000,55.00000000,0.99495000,3.18000000,0.82000000,11.00000000,7.00000000
6.70000000,0.46000000,0.24000000,1.70000000,0.07700000,18.00000000,34.00000000,0.99480000,3.39000000,0.60000000,10.60000000,6.00000000
6.70000000,0.46000000,0.24000000,1.70000000,0.07700000,18.00000000,34.00000000,0.99480000,3.39000000,0.60000000,10.60000000,6.00000000
6.70000000,0.46000000,0.24000000,1.70000000,0.07700000,18.00000000,34.00000000,0.99480000,3.39000000,0.60000000,10.60000000,6.00000000
6.70000000,0.46000000,0.24000000,1.70000000,0.07700000,18.00000000,34.00000000,0.99480000,3.39000000,0.60000000,10.60000000,6.00000000
6.50000000,0.52000000,0.11000000,1.80000000,0.07300000,13.00000000,38.00000000,0.99550000,3.34000000,0.52000000,9.30000000,5.00000000
7.40000000,0.60000000,0.26000000,2.10000000,0.08300000,17.00000000,91.00000000,0.99616000,3.29000000,0.56000000,9.80000000,6.00000000
7.40000000,0.60000000,0.26000000,2.10000000,0.08300000,17.00000000,91.00000000,0.99616000,3.29000000,0.56000000,9.80000000,6.00000000
7.80000000,0.87000000,0.26000000,3.80000000,0.10700000,31.00000000,67.00000000,0.99668000,3.26000000,0.46000000,9.20000000,5.00000000
8.40000000,0.39000000,0.10000000,1.70000000,0.07500000,6.00000000,25.00000000,0.99581000,3.09000000,0.43000000,9.70000000,6.00000000
9.10000000,0.77500000,0.22000000,2.20000000,0.07900000,12.00000000,48.00000000,0.99760000,3.18000000,0.51000000,9.60000000,5.00000000
7.20000000,0.83500000,0.00000000,2.00000000,0.16600000,4.00000000,11.00000000,0.99608000,3.39000000,0.52000000,10.00000000,5.00000000
6.60000000,0.58000000,0.02000000,2.40000000,0.06900000,19.00000000,40.00000000,0.99387000,3.38000000,0.66000000,12.60000000,6.00000000
6.00000000,0.50000000,0.00000000,1.40000000,0.05700000,15.00000000,26.00000000,0.99448000,3.36000000,0.45000000,9.50000000,5.00000000
6.00000000,0.50000000,0.00000000,1.40000000,0.05700000,15.00000000,26.00000000,0.99448000,3.36000000,0.45000000,9.50000000,5.00000000
6.00000000,0.50000000,0.00000000,1.40000000,0.05700000,15.00000000,26.00000000,0.99448000,3.36000000,0.45000000,9.50000000,5.00000000
7.50000000,0.51000000,0.02000000,1.70000000,0.08400000,13.00000000,31.00000000,0.99538000,3.36000000,0.54000000,10.50000000,6.00000000
7.50000000,0.51000000,0.02000000,1.70000000,0.08400000,13.00000000,31.00000000,0.99538000,3.36000000,0.54000000,10.50000000,6.00000000
7.50000000,0.51000000,0.02000000,1.70000000,0.08400000,13.00000000,31.00000000,0.99538000,3.36000000,0.54000000,10.50000000,6.00000000
7.60000000,0.54000000,0.02000000,1.70000000,0.08500000,17.00000000,31.00000000,0.99589000,3.37000000,0.51000000,10.40000000,6.00000000
7.50000000,0.51000000,0.02000000,1.70000000,0.08400000,13.00000000,31.00000000,0.99538000,3.36000000,0.54000000,10.50000000,6.00000000
11.50000000,0.42000000,0.48000000,2.60000000,0.07700000,8.00000000,20.00000000,0.99852000,3.09000000,0.53000000,11.00000000,5.00000000
8.20000000,0.44000000,0.24000000,2.30000000,0.06300000,10.00000000,28.00000000,0.99613000,3.25000000,0.53000000,10.20000000,6.00000000
6.10000000,0.59000000,0.01000000,2.10000000,0.05600000,5.00000000,13.00000000,0.99472000,3.52000000,0.56000000,11.40000000,5.00000000
7.20000000,0.65500000,0.03000000,1.80000000,0.07800000,7.00000000,12.00000000,0.99587000,3.34000000,0.39000000,9.50000000,5.00000000
7.20000000,0.65500000,0.03000000,1.80000000,0.07800000,7.00000000,12.00000000,0.99587000,3.34000000,0.39000000,9.50000000,5.00000000
6.90000000,0.57000000,0.00000000,2.80000000,0.08100000,21.00000000,41.00000000,0.99518000,3.41000000,0.52000000,10.80000000,5.00000000
9.00000000,0.60000000,0.29000000,2.00000000,0.06900000,32.00000000,73.00000000,0.99654000,3.34000000,0.57000000,10.00000000,5.00000000
7.20000000,0.62000000,0.01000000,2.30000000,0.06500000,8.00000000,46.00000000,0.99332000,3.32000000,0.51000000,11.80000000,6.00000000
7.60000000,0.64500000,0.03000000,1.90000000,0.08600000,14.00000000,57.00000000,0.99690000,3.37000000,0.46000000,10.30000000,5.00000000
7.60000000,0.64500000,0.03000000,1.90000000,0.08600000,14.00000000,57.00000000,0.99690000,3.37000000,0.46000000,10.30000000,5.00000000
7.20000000,0.58000000,0.03000000,2.30000000,0.07700000,7.00000000,28.00000000,0.99568000,3.35000000,0.52000000,10.00000000,5.00000000
6.10000000,0.32000000,0.25000000,1.80000000,0.08600000,5.00000000,32.00000000,0.99464000,3.36000000,0.44000000,10.10000000,5.00000000
6.10000000,0.34000000,0.25000000,1.80000000,0.08400000,4.00000000,28.00000000,0.99464000,3.36000000,0.44000000,10.10000000,5.00000000
7.30000000,0.43000000,0.24000000,2.50000000,0.07800000,27.00000000,67.00000000,0.99648000,3.60000000,0.59000000,11.10000000,6.00000000
7.40000000,0.64000000,0.17000000,5.40000000,0.16800000,52.00000000,98.00000000,0.99736000,3.28000000,0.50000000,9.50000000,5.00000000
11.60000000,0.47500000,0.40000000,1.40000000,0.09100000,6.00000000,28.00000000,0.99704000,3.07000000,0.65000000,10.03333333,6.00000000
9.20000000,0.54000000,0.31000000,2.30000000,0.11200000,11.00000000,38.00000000,0.99699000,3.24000000,0.56000000,10.90000000,5.00000000
8.30000000,0.85000000,0.14000000,2.50000000,0.09300000,13.00000000,54.00000000,0.99724000,3.36000000,0.54000000,10.10000000,5.00000000
11.60000000,0.47500000,0.40000000,1.40000000,0.09100000,6.00000000,28.00000000,0.99704000,3.07000000,0.65000000,10.03333333,6.00000000
8.00000000,0.83000000,0.27000000,2.00000000,0.08000000,11.00000000,63.00000000,0.99652000,3.29000000,0.48000000,9.80000000,4.00000000
7.20000000,0.60500000,0.02000000,1.90000000,0.09600000,10.00000000,31.00000000,0.99500000,3.46000000,0.53000000,11.80000000,6.00000000
7.80000000,0.50000000,0.09000000,2.20000000,0.11500000,10.00000000,42.00000000,0.99710000,3.18000000,0.62000000,9.50000000,5.00000000
7.30000000,0.74000000,0.08000000,1.70000000,0.09400000,10.00000000,45.00000000,0.99576000,3.24000000,0.50000000,9.80000000,5.00000000
6.90000000,0.54000000,0.30000000,2.20000000,0.08800000,9.00000000,105.00000000,0.99725000,3.25000000,1.18000000,10.50000000,6.00000000
8.00000000,0.77000000,0.32000000,2.10000000,0.07900000,16.00000000,74.00000000,0.99656000,3.27000000,0.50000000,9.80000000,6.00000000
6.60000000,0.61000000,0.00000000,1.60000000,0.06900000,4.00000000,8.00000000,0.99396000,3.33000000,0.37000000,10.40000000,4.00000000
8.70000000,0.78000000,0.51000000,1.70000000,0.41500000,12.00000000,66.00000000,0.99623000,3.00000000,1.17000000,9.20000000,5.00000000
7.50000000,0.58000000,0.56000000,3.10000000,0.15300000,5.00000000,14.00000000,0.99476000,3.21000000,1.03000000,11.60000000,6.00000000
8.70000000,0.78000000,0.51000000,1.70000000,0.41500000,12.00000000,66.00000000,0.99623000,3.00000000,1.17000000,9.20000000,5.00000000
7.70000000,0.75000000,0.27000000,3.80000000,0.11000000,34.00000000,89.00000000,0.99664000,3.24000000,0.45000000,9.30000000,5.00000000
6.80000000,0.81500000,0.00000000,1.20000000,0.26700000,16.00000000,29.00000000,0.99471000,3.32000000,0.51000000,9.80000000,3.00000000
7.20000000,0.56000000,0.26000000,2.00000000,0.08300000,13.00000000,100.00000000,0.99586000,3.26000000,0.52000000,9.90000000,5.00000000
8.20000000,0.88500000,0.20000000,1.40000000,0.08600000,7.00000000,31.00000000,0.99460000,3.11000000,0.46000000,10.00000000,5.00000000
5.20000000,0.49000000,0.26000000,2.30000000,0.09000000,23.00000000,74.00000000,0.99530000,3.71000000,0.62000000,12.20000000,6.00000000
7.20000000,0.45000000,0.15000000,2.00000000,0.07800000,10.00000000,28.00000000,0.99609000,3.29000000,0.51000000,9.90000000,6.00000000
7.50000000,0.57000000,0.02000000,2.60000000,0.07700000,11.00000000,35.00000000,0.99557000,3.36000000,0.62000000,10.80000000,6.00000000
7.50000000,0.57000000,0.02000000,2.60000000,0.07700000,11.00000000,35.00000000,0.99557000,3.36000000,0.62000000,10.80000000,6.00000000
6.80000000,0.83000000,0.09000000,1.80000000,0.07400000,4.00000000,25.00000000,0.99534000,3.38000000,0.45000000,9.60000000,5.00000000
8.00000000,0.60000000,0.22000000,2.10000000,0.08000000,25.00000000,105.00000000,0.99613000,3.30000000,0.49000000,9.90000000,5.00000000
8.00000000,0.60000000,0.22000000,2.10000000,0.08000000,25.00000000,105.00000000,0.99613000,3.30000000,0.49000000,9.90000000,5.00000000
7.10000000,0.75500000,0.15000000,1.80000000,0.10700000,20.00000000,84.00000000,0.99593000,3.19000000,0.50000000,9.50000000,5.00000000
8.00000000,0.81000000,0.25000000,3.40000000,0.07600000,34.00000000,85.00000000,0.99668000,3.19000000,0.42000000,9.20000000,5.00000000
7.40000000,0.64000000,0.07000000,1.80000000,0.10000000,8.00000000,23.00000000,0.99610000,3.30000000,0.58000000,9.60000000,5.00000000
7.40000000,0.64000000,0.07000000,1.80000000,0.10000000,8.00000000,23.00000000,0.99610000,3.30000000,0.58000000,9.60000000,5.00000000
6.60000000,0.64000000,0.31000000,6.10000000,0.08300000,7.00000000,49.00000000,0.99718000,3.35000000,0.68000000,10.30000000,5.00000000
6.70000000,0.48000000,0.02000000,2.20000000,0.08000000,36.00000000,111.00000000,0.99524000,3.10000000,0.53000000,9.70000000,5.00000000
6.00000000,0.49000000,0.00000000,2.30000000,0.06800000,15.00000000,33.00000000,0.99292000,3.58000000,0.59000000,12.50000000,6.00000000
8.00000000,0.64000000,0.22000000,2.40000000,0.09400000,5.00000000,33.00000000,0.99612000,3.37000000,0.58000000,11.00000000,5.00000000
7.10000000,0.62000000,0.06000000,1.30000000,0.07000000,5.00000000,12.00000000,0.99420000,3.17000000,0.48000000,9.80000000,5.00000000
8.00000000,0.52000000,0.25000000,2.00000000,0.07800000,19.00000000,59.00000000,0.99612000,3.30000000,0.48000000,10.20000000,5.00000000
6.40000000,0.57000000,0.14000000,3.90000000,0.07000000,27.00000000,73.00000000,0.99669000,3.32000000,0.48000000,9.20000000,5.00000000
8.60000000,0.68500000,0.10000000,1.60000000,0.09200000,3.00000000,12.00000000,0.99745000,3.31000000,0.65000000,9.55000000,6.00000000
8.70000000,0.67500000,0.10000000,1.60000000,0.09000000,4.00000000,11.00000000,0.99745000,3.31000000,0.65000000,9.55000000,5.00000000
7.30000000,0.59000000,0.26000000,2.00000000,0.08000000,17.00000000,104.00000000,0.99584000,3.28000000,0.52000000,9.90000000,5.00000000
7.00000000,0.60000000,0.12000000,2.20000000,0.08300000,13.00000000,28.00000000,0.99660000,3.52000000,0.62000000,10.20000000,7.00000000
7.20000000,0.67000000,0.00000000,2.20000000,0.06800000,10.00000000,24.00000000,0.99560000,3.42000000,0.72000000,11.10000000,6.00000000
7.90000000,0.69000000,0.21000000,2.10000000,0.08000000,33.00000000,141.00000000,0.99620000,3.25000000,0.51000000,9.90000000,5.00000000
7.90000000,0.69000000,0.21000000,2.10000000,0.08000000,33.00000000,141.00000000,0.99620000,3.25000000,0.51000000,9.90000000,5.00000000
7.60000000,0.30000000,0.42000000,2.00000000,0.05200000,6.00000000,24.00000000,0.99630000,3.44000000,0.82000000,11.90000000,6.00000000
7.20000000,0.33000000,0.33000000,1.70000000,0.06100000,3.00000000,13.00000000,0.99600000,3.23000000,1.10000000,10.00000000,8.00000000
8.00000000,0.50000000,0.39000000,2.60000000,0.08200000,12.00000000,46.00000000,0.99850000,3.43000000,0.62000000,10.70000000,6.00000000
7.70000000,0.28000000,0.30000000,2.00000000,0.06200000,18.00000000,34.00000000,0.99520000,3.28000000,0.90000000,11.30000000,7.00000000
8.20000000,0.24000000,0.34000000,5.10000000,0.06200000,8.00000000,22.00000000,0.99740000,3.22000000,0.94000000,10.90000000,6.00000000
6.00000000,0.51000000,0.00000000,2.10000000,0.06400000,40.00000000,54.00000000,0.99500000,3.54000000,0.93000000,10.70000000,6.00000000
8.10000000,0.29000000,0.36000000,2.20000000,0.04800000,35.00000000,53.00000000,0.99500000,3.27000000,1.01000000,12.40000000,7.00000000
6.00000000,0.51000000,0.00000000,2.10000000,0.06400000,40.00000000,54.00000000,0.99500000,3.54000000,0.93000000,10.70000000,6.00000000
6.60000000,0.96000000,0.00000000,1.80000000,0.08200000,5.00000000,16.00000000,0.99360000,3.50000000,0.44000000,11.90000000,6.00000000
6.40000000,0.47000000,0.40000000,2.40000000,0.07100000,8.00000000,19.00000000,0.99630000,3.56000000,0.73000000,10.60000000,6.00000000
8.20000000,0.24000000,0.34000000,5.10000000,0.06200000,8.00000000,22.00000000,0.99740000,3.22000000,0.94000000,10.90000000,6.00000000
9.90000000,0.57000000,0.25000000,2.00000000,0.10400000,12.00000000,89.00000000,0.99630000,3.04000000,0.90000000,10.10000000,5.00000000
10.00000000,0.32000000,0.59000000,2.20000000,0.07700000,3.00000000,15.00000000,0.99940000,3.20000000,0.78000000,9.60000000,5.00000000
6.20000000,0.58000000,0.00000000,1.60000000,0.06500000,8.00000000,18.00000000,0.99660000,3.56000000,0.84000000,9.40000000,5.00000000
10.00000000,0.32000000,0.59000000,2.20000000,0.07700000,3.00000000,15.00000000,0.99940000,3.20000000,0.78000000,9.60000000,5.00000000
7.30000000,0.34000000,0.33000000,2.50000000,0.06400000,21.00000000,37.00000000,0.99520000,3.35000000,0.77000000,12.10000000,7.00000000
7.80000000,0.53000000,0.01000000,1.60000000,0.07700000,3.00000000,19.00000000,0.99500000,3.16000000,0.46000000,9.80000000,5.00000000
7.70000000,0.64000000,0.21000000,2.20000000,0.07700000,32.00000000,133.00000000,0.99560000,3.27000000,0.45000000,9.90000000,5.00000000
7.80000000,0.53000000,0.01000000,1.60000000,0.07700000,3.00000000,19.00000000,0.99500000,3.16000000,0.46000000,9.80000000,5.00000000
7.50000000,0.40000000,0.18000000,1.60000000,0.07900000,24.00000000,58.00000000,0.99650000,3.34000000,0.58000000,9.40000000,5.00000000
7.00000000,0.54000000,0.00000000,2.10000000,0.07900000,39.00000000,55.00000000,0.99560000,3.39000000,0.84000000,11.40000000,6.00000000
6.40000000,0.53000000,0.09000000,3.90000000,0.12300000,14.00000000,31.00000000,0.99680000,3.50000000,0.67000000,11.00000000,4.00000000
8.30000000,0.26000000,0.37000000,1.40000000,0.07600000,8.00000000,23.00000000,0.99740000,3.26000000,0.70000000,9.60000000,6.00000000
8.30000000,0.26000000,0.37000000,1.40000000,0.07600000,8.00000000,23.00000000,0.99740000,3.26000000,0.70000000,9.60000000,6.00000000
7.70000000,0.23000000,0.37000000,1.80000000,0.04600000,23.00000000,60.00000000,0.99710000,3.41000000,0.71000000,12.10000000,6.00000000
7.60000000,0.41000000,0.33000000,2.50000000,0.07800000,6.00000000,23.00000000,0.99570000,3.30000000,0.58000000,11.20000000,5.00000000
7.80000000,0.64000000,0.00000000,1.90000000,0.07200000,27.00000000,55.00000000,0.99620000,3.31000000,0.63000000,11.00000000,5.00000000
7.90000000,0.18000000,0.40000000,2.20000000,0.04900000,38.00000000,67.00000000,0.99600000,3.33000000,0.93000000,11.30000000,5.00000000
7.40000000,0.41000000,0.24000000,1.80000000,0.06600000,18.00000000,47.00000000,0.99560000,3.37000000,0.62000000,10.40000000,5.00000000
7.60000000,0.43000000,0.31000000,2.10000000,0.06900000,13.00000000,74.00000000,0.99580000,3.26000000,0.54000000,9.90000000,6.00000000
5.90000000,0.44000000,0.00000000,1.60000000,0.04200000,3.00000000,11.00000000,0.99440000,3.48000000,0.85000000,11.70000000,6.00000000
6.10000000,0.40000000,0.16000000,1.80000000,0.06900000,11.00000000,25.00000000,0.99550000,3.42000000,0.74000000,10.10000000,7.00000000
10.20000000,0.54000000,0.37000000,15.40000000,0.21400000,55.00000000,95.00000000,1.00369000,3.18000000,0.77000000,9.00000000,6.00000000
10.20000000,0.54000000,0.37000000,15.40000000,0.21400000,55.00000000,95.00000000,1.00369000,3.18000000,0.77000000,9.00000000,6.00000000
10.00000000,0.38000000,0.38000000,1.60000000,0.16900000,27.00000000,90.00000000,0.99914000,3.15000000,0.65000000,8.50000000,5.00000000
6.80000000,0.91500000,0.29000000,4.80000000,0.07000000,15.00000000,39.00000000,0.99577000,3.53000000,0.54000000,11.10000000,5.00000000
7.00000000,0.59000000,0.00000000,1.70000000,0.05200000,3.00000000,8.00000000,0.99600000,3.41000000,0.47000000,10.30000000,5.00000000
7.30000000,0.67000000,0.02000000,2.20000000,0.07200000,31.00000000,92.00000000,0.99566000,3.32000000,0.68000000,11.06666667,6.00000000
7.20000000,0.37000000,0.32000000,2.00000000,0.06200000,15.00000000,28.00000000,0.99470000,3.23000000,0.73000000,11.30000000,7.00000000
7.40000000,0.78500000,0.19000000,5.20000000,0.09400000,19.00000000,98.00000000,0.99713000,3.16000000,0.52000000,9.56666667,6.00000000
6.90000000,0.63000000,0.02000000,1.90000000,0.07800000,18.00000000,30.00000000,0.99712000,3.40000000,0.75000000,9.80000000,5.00000000
6.90000000,0.58000000,0.20000000,1.75000000,0.05800000,8.00000000,22.00000000,0.99322000,3.38000000,0.49000000,11.70000000,5.00000000
7.30000000,0.67000000,0.02000000,2.20000000,0.07200000,31.00000000,92.00000000,0.99566000,3.32000000,0.68000000,11.10000000,6.00000000
7.40000000,0.78500000,0.19000000,5.20000000,0.09400000,19.00000000,98.00000000,0.99713000,3.16000000,0.52000000,9.60000000,6.00000000
6.90000000,0.63000000,0.02000000,1.90000000,0.07800000,18.00000000,30.00000000,0.99712000,3.40000000,0.75000000,9.80000000,5.00000000
6.80000000,0.67000000,0.00000000,1.90000000,0.08000000,22.00000000,39.00000000,0.99701000,3.40000000,0.74000000,9.70000000,5.00000000
6.90000000,0.58000000,0.01000000,1.90000000,0.08000000,40.00000000,54.00000000,0.99683000,3.40000000,0.73000000,9.70000000,5.00000000
7.20000000,0.38000000,0.31000000,2.00000000,0.05600000,15.00000000,29.00000000,0.99472000,3.23000000,0.76000000,11.30000000,8.00000000
7.20000000,0.37000000,0.32000000,2.00000000,0.06200000,15.00000000,28.00000000,0.99470000,3.23000000,0.73000000,11.30000000,7.00000000
7.80000000,0.32000000,0.44000000,2.70000000,0.10400000,8.00000000,17.00000000,0.99732000,3.33000000,0.78000000,11.00000000,7.00000000
6.60000000,0.58000000,0.02000000,2.00000000,0.06200000,37.00000000,53.00000000,0.99374000,3.35000000,0.76000000,11.60000000,7.00000000
7.60000000,0.49000000,0.33000000,1.90000000,0.07400000,27.00000000,85.00000000,0.99706000,3.41000000,0.58000000,9.00000000,5.00000000
11.70000000,0.45000000,0.63000000,2.20000000,0.07300000,7.00000000,23.00000000,0.99974000,3.21000000,0.69000000,10.90000000,6.00000000
6.50000000,0.90000000,0.00000000,1.60000000,0.05200000,9.00000000,17.00000000,0.99467000,3.50000000,0.63000000,10.90000000,6.00000000
6.00000000,0.54000000,0.06000000,1.80000000,0.05000000,38.00000000,89.00000000,0.99236000,3.30000000,0.50000000,10.55000000,6.00000000
7.60000000,0.49000000,0.33000000,1.90000000,0.07400000,27.00000000,85.00000000,0.99706000,3.41000000,0.58000000,9.00000000,5.00000000
8.40000000,0.29000000,0.40000000,1.70000000,0.06700000,8.00000000,20.00000000,0.99603000,3.39000000,0.60000000,10.50000000,5.00000000
7.90000000,0.20000000,0.35000000,1.70000000,0.05400000,7.00000000,15.00000000,0.99458000,3.32000000,0.80000000,11.90000000,7.00000000
6.40000000,0.42000000,0.09000000,2.30000000,0.05400000,34.00000000,64.00000000,0.99724000,3.41000000,0.68000000,10.40000000,6.00000000
6.20000000,0.78500000,0.00000000,2.10000000,0.06000000,6.00000000,13.00000000,0.99664000,3.59000000,0.61000000,10.00000000,4.00000000
6.80000000,0.64000000,0.03000000,2.30000000,0.07500000,14.00000000,31.00000000,0.99545000,3.36000000,0.58000000,10.40000000,6.00000000
6.90000000,0.63000000,0.01000000,2.40000000,0.07600000,14.00000000,39.00000000,0.99522000,3.34000000,0.53000000,10.80000000,6.00000000
6.80000000,0.59000000,0.10000000,1.70000000,0.06300000,34.00000000,53.00000000,0.99580000,3.41000000,0.67000000,9.70000000,5.00000000
6.80000000,0.59000000,0.10000000,1.70000000,0.06300000,34.00000000,53.00000000,0.99580000,3.41000000,0.67000000,9.70000000,5.00000000
7.30000000,0.48000000,0.32000000,2.10000000,0.06200000,31.00000000,54.00000000,0.99728000,3.30000000,0.65000000,10.00000000,7.00000000
6.70000000,1.04000000,0.08000000,2.30000000,0.06700000,19.00000000,32.00000000,0.99648000,3.52000000,0.57000000,11.00000000,4.00000000
7.30000000,0.48000000,0.32000000,2.10000000,0.06200000,31.00000000,54.00000000,0.99728000,3.30000000,0.65000000,10.00000000,7.00000000
7.30000000,0.98000000,0.05000000,2.10000000,0.06100000,20.00000000,49.00000000,0.99705000,3.31000000,0.55000000,9.70000000,3.00000000
10.00000000,0.69000000,0.11000000,1.40000000,0.08400000,8.00000000,24.00000000,0.99578000,2.88000000,0.47000000,9.70000000,5.00000000
6.70000000,0.70000000,0.08000000,3.75000000,0.06700000,8.00000000,16.00000000,0.99334000,3.43000000,0.52000000,12.60000000,5.00000000
7.60000000,0.35000000,0.60000000,2.60000000,0.07300000,23.00000000,44.00000000,0.99656000,3.38000000,0.79000000,11.10000000,6.00000000
6.10000000,0.60000000,0.08000000,1.80000000,0.07100000,14.00000000,45.00000000,0.99336000,3.38000000,0.54000000,11.00000000,5.00000000
9.90000000,0.50000000,0.50000000,13.80000000,0.20500000,48.00000000,82.00000000,1.00242000,3.16000000,0.75000000,8.80000000,5.00000000
5.30000000,0.47000000,0.11000000,2.20000000,0.04800000,16.00000000,89.00000000,0.99182000,3.54000000,0.88000000,13.56666667,7.00000000
9.90000000,0.50000000,0.50000000,13.80000000,0.20500000,48.00000000,82.00000000,1.00242000,3.16000000,0.75000000,8.80000000,5.00000000
5.30000000,0.47000000,0.11000000,2.20000000,0.04800000,16.00000000,89.00000000,0.99182000,3.54000000,0.88000000,13.60000000,7.00000000
7.10000000,0.87500000,0.05000000,5.70000000,0.08200000,3.00000000,14.00000000,0.99808000,3.40000000,0.52000000,10.20000000,3.00000000
8.20000000,0.28000000,0.60000000,3.00000000,0.10400000,10.00000000,22.00000000,0.99828000,3.39000000,0.68000000,10.60000000,5.00000000
5.60000000,0.62000000,0.03000000,1.50000000,0.08000000,6.00000000,13.00000000,0.99498000,3.66000000,0.62000000,10.10000000,4.00000000
8.20000000,0.28000000,0.60000000,3.00000000,0.10400000,10.00000000,22.00000000,0.99828000,3.39000000,0.68000000,10.60000000,5.00000000
7.20000000,0.58000000,0.54000000,2.10000000,0.11400000,3.00000000,9.00000000,0.99719000,3.33000000,0.57000000,10.30000000,4.00000000
8.10000000,0.33000000,0.44000000,1.50000000,0.04200000,6.00000000,12.00000000,0.99542000,3.35000000,0.61000000,10.70000000,5.00000000
6.80000000,0.91000000,0.06000000,2.00000000,0.06000000,4.00000000,11.00000000,0.99592000,3.53000000,0.64000000,10.90000000,4.00000000
7.00000000,0.65500000,0.16000000,2.10000000,0.07400000,8.00000000,25.00000000,0.99606000,3.37000000,0.55000000,9.70000000,5.00000000
6.80000000,0.68000000,0.21000000,2.10000000,0.07000000,9.00000000,23.00000000,0.99546000,3.38000000,0.60000000,10.30000000,5.00000000
6.00000000,0.64000000,0.05000000,1.90000000,0.06600000,9.00000000,17.00000000,0.99496000,3.52000000,0.78000000,10.60000000,5.00000000
5.60000000,0.54000000,0.04000000,1.70000000,0.04900000,5.00000000,13.00000000,0.99420000,3.72000000,0.58000000,11.40000000,5.00000000
6.20000000,0.57000000,0.10000000,2.10000000,0.04800000,4.00000000,11.00000000,0.99448000,3.44000000,0.76000000,10.80000000,6.00000000
7.10000000,0.22000000,0.49000000,1.80000000,0.03900000,8.00000000,18.00000000,0.99344000,3.39000000,0.56000000,12.40000000,6.00000000
5.60000000,0.54000000,0.04000000,1.70000000,0.04900000,5.00000000,13.00000000,0.99420000,3.72000000,0.58000000,11.40000000,5.00000000
6.20000000,0.65000000,0.06000000,1.60000000,0.05000000,6.00000000,18.00000000,0.99348000,3.57000000,0.54000000,11.95000000,5.00000000
7.70000000,0.54000000,0.26000000,1.90000000,0.08900000,23.00000000,147.00000000,0.99636000,3.26000000,0.59000000,9.70000000,5.00000000
6.40000000,0.31000000,0.09000000,1.40000000,0.06600000,15.00000000,28.00000000,0.99459000,3.42000000,0.70000000,10.00000000,7.00000000
7.00000000,0.43000000,0.02000000,1.90000000,0.08000000,15.00000000,28.00000000,0.99492000,3.35000000,0.81000000,10.60000000,6.00000000
7.70000000,0.54000000,0.26000000,1.90000000,0.08900000,23.00000000,147.00000000,0.99636000,3.26000000,0.59000000,9.70000000,5.00000000
6.90000000,0.74000000,0.03000000,2.30000000,0.05400000,7.00000000,16.00000000,0.99508000,3.45000000,0.63000000,11.50000000,6.00000000
6.60000000,0.89500000,0.04000000,2.30000000,0.06800000,7.00000000,13.00000000,0.99582000,3.53000000,0.58000000,10.80000000,6.00000000
6.90000000,0.74000000,0.03000000,2.30000000,0.05400000,7.00000000,16.00000000,0.99508000,3.45000000,0.63000000,11.50000000,6.00000000
7.50000000,0.72500000,0.04000000,1.50000000,0.07600000,8.00000000,15.00000000,0.99508000,3.26000000,0.53000000,9.60000000,5.00000000
7.80000000,0.82000000,0.29000000,4.30000000,0.08300000,21.00000000,64.00000000,0.99642000,3.16000000,0.53000000,9.40000000,5.00000000
7.30000000,0.58500000,0.18000000,2.40000000,0.07800000,15.00000000,60.00000000,0.99638000,3.31000000,0.54000000,9.80000000,5.00000000
6.20000000,0.44000000,0.39000000,2.50000000,0.07700000,6.00000000,14.00000000,0.99555000,3.51000000,0.69000000,11.00000000,6.00000000
7.50000000,0.38000000,0.57000000,2.30000000,0.10600000,5.00000000,12.00000000,0.99605000,3.36000000,0.55000000,11.40000000,6.00000000
6.70000000,0.76000000,0.02000000,1.80000000,0.07800000,6.00000000,12.00000000,0.99600000,3.55000000,0.63000000,9.95000000,3.00000000
6.80000000,0.81000000,0.05000000,2.00000000,0.07000000,6.00000000,14.00000000,0.99562000,3.51000000,0.66000000,10.80000000,6.00000000
7.50000000,0.38000000,0.57000000,2.30000000,0.10600000,5.00000000,12.00000000,0.99605000,3.36000000,0.55000000,11.40000000,6.00000000
7.10000000,0.27000000,0.60000000,2.10000000,0.07400000,17.00000000,25.00000000,0.99814000,3.38000000,0.72000000,10.60000000,6.00000000
7.90000000,0.18000000,0.40000000,1.80000000,0.06200000,7.00000000,20.00000000,0.99410000,3.28000000,0.70000000,11.10000000,5.00000000
6.40000000,0.36000000,0.21000000,2.20000000,0.04700000,26.00000000,48.00000000,0.99661000,3.47000000,0.77000000,9.70000000,6.00000000
7.10000000,0.69000000,0.04000000,2.10000000,0.06800000,19.00000000,27.00000000,0.99712000,3.44000000,0.67000000,9.80000000,5.00000000
6.40000000,0.79000000,0.04000000,2.20000000,0.06100000,11.00000000,17.00000000,0.99588000,3.53000000,0.65000000,10.40000000,6.00000000
6.40000000,0.56000000,0.15000000,1.80000000,0.07800000,17.00000000,65.00000000,0.99294000,3.33000000,0.60000000,10.50000000,6.00000000
6.90000000,0.84000000,0.21000000,4.10000000,0.07400000,16.00000000,65.00000000,0.99842000,3.53000000,0.72000000,9.23333333,6.00000000
6.90000000,0.84000000,0.21000000,4.10000000,0.07400000,16.00000000,65.00000000,0.99842000,3.53000000,0.72000000,9.25000000,6.00000000
6.10000000,0.32000000,0.25000000,2.30000000,0.07100000,23.00000000,58.00000000,0.99633000,3.42000000,0.97000000,10.60000000,5.00000000
6.50000000,0.53000000,0.06000000,2.00000000,0.06300000,29.00000000,44.00000000,0.99489000,3.38000000,0.83000000,10.30000000,6.00000000
7.40000000,0.47000000,0.46000000,2.20000000,0.11400000,7.00000000,20.00000000,0.99647000,3.32000000,0.63000000,10.50000000,5.00000000
6.60000000,0.70000000,0.08000000,2.60000000,0.10600000,14.00000000,27.00000000,0.99665000,3.44000000,0.58000000,10.20000000,5.00000000
6.50000000,0.53000000,0.06000000,2.00000000,0.06300000,29.00000000,44.00000000,0.99489000,3.38000000,0.83000000,10.30000000,6.00000000
6.90000000,0.48000000,0.20000000,1.90000000,0.08200000,9.00000000,23.00000000,0.99585000,3.39000000,0.43000000,9.05000000,4.00000000
6.10000000,0.32000000,0.25000000,2.30000000,0.07100000,23.00000000,58.00000000,0.99633000,3.42000000,0.97000000,10.60000000,5.00000000
6.80000000,0.48000000,0.25000000,2.00000000,0.07600000,29.00000000,61.00000000,0.99530000,3.34000000,0.60000000,10.40000000,5.00000000
6.00000000,0.42000000,0.19000000,2.00000000,0.07500000,22.00000000,47.00000000,0.99522000,3.39000000,0.78000000,10.00000000,6.00000000
6.70000000,0.48000000,0.08000000,2.10000000,0.06400000,18.00000000,34.00000000,0.99552000,3.33000000,0.64000000,9.70000000,5.00000000
6.80000000,0.47000000,0.08000000,2.20000000,0.06400000,18.00000000,38.00000000,0.99553000,3.30000000,0.65000000,9.60000000,6.00000000
7.10000000,0.53000000,0.07000000,1.70000000,0.07100000,15.00000000,24.00000000,0.99510000,3.29000000,0.66000000,10.80000000,6.00000000
7.90000000,0.29000000,0.49000000,2.20000000,0.09600000,21.00000000,59.00000000,0.99714000,3.31000000,0.67000000,10.10000000,6.00000000
7.10000000,0.69000000,0.08000000,2.10000000,0.06300000,42.00000000,52.00000000,0.99608000,3.42000000,0.60000000,10.20000000,6.00000000
6.60000000,0.44000000,0.09000000,2.20000000,0.06300000,9.00000000,18.00000000,0.99444000,3.42000000,0.69000000,11.30000000,6.00000000
6.10000000,0.70500000,0.10000000,2.80000000,0.08100000,13.00000000,28.00000000,0.99631000,3.60000000,0.66000000,10.20000000,5.00000000
7.20000000,0.53000000,0.13000000,2.00000000,0.05800000,18.00000000,22.00000000,0.99573000,3.21000000,0.68000000,9.90000000,6.00000000
8.00000000,0.39000000,0.30000000,1.90000000,0.07400000,32.00000000,84.00000000,0.99717000,3.39000000,0.61000000,9.00000000,5.00000000
6.60000000,0.56000000,0.14000000,2.40000000,0.06400000,13.00000000,29.00000000,0.99397000,3.42000000,0.62000000,11.70000000,7.00000000
7.00000000,0.55000000,0.13000000,2.20000000,0.07500000,15.00000000,35.00000000,0.99590000,3.36000000,0.59000000,9.70000000,6.00000000
6.10000000,0.53000000,0.08000000,1.90000000,0.07700000,24.00000000,45.00000000,0.99528000,3.60000000,0.68000000,10.30000000,6.00000000
5.40000000,0.58000000,0.08000000,1.90000000,0.05900000,20.00000000,31.00000000,0.99484000,3.50000000,0.64000000,10.20000000,6.00000000
6.20000000,0.64000000,0.09000000,2.50000000,0.08100000,15.00000000,26.00000000,0.99538000,3.57000000,0.63000000,12.00000000,5.00000000
7.20000000,0.39000000,0.32000000,1.80000000,0.06500000,34.00000000,60.00000000,0.99714000,3.46000000,0.78000000,9.90000000,5.00000000
6.20000000,0.52000000,0.08000000,4.40000000,0.07100000,11.00000000,32.00000000,0.99646000,3.56000000,0.63000000,11.60000000,6.00000000
7.40000000,0.25000000,0.29000000,2.20000000,0.05400000,19.00000000,49.00000000,0.99666000,3.40000000,0.76000000,10.90000000,7.00000000
6.70000000,0.85500000,0.02000000,1.90000000,0.06400000,29.00000000,38.00000000,0.99472000,3.30000000,0.56000000,10.75000000,6.00000000
11.10000000,0.44000000,0.42000000,2.20000000,0.06400000,14.00000000,19.00000000,0.99758000,3.25000000,0.57000000,10.40000000,6.00000000
8.40000000,0.37000000,0.43000000,2.30000000,0.06300000,12.00000000,19.00000000,0.99550000,3.17000000,0.81000000,11.20000000,7.00000000
6.50000000,0.63000000,0.33000000,1.80000000,0.05900000,16.00000000,28.00000000,0.99531000,3.36000000,0.64000000,10.10000000,6.00000000
7.00000000,0.57000000,0.02000000,2.00000000,0.07200000,17.00000000,26.00000000,0.99575000,3.36000000,0.61000000,10.20000000,5.00000000
6.30000000,0.60000000,0.10000000,1.60000000,0.04800000,12.00000000,26.00000000,0.99306000,3.55000000,0.51000000,12.10000000,5.00000000
11.20000000,0.40000000,0.50000000,2.00000000,0.09900000,19.00000000,50.00000000,0.99783000,3.10000000,0.58000000,10.40000000,5.00000000
7.40000000,0.36000000,0.30000000,1.80000000,0.07400000,17.00000000,24.00000000,0.99419000,3.24000000,0.70000000,11.40000000,8.00000000
7.10000000,0.68000000,0.00000000,2.30000000,0.08700000,17.00000000,26.00000000,0.99783000,3.45000000,0.53000000,9.50000000,5.00000000
7.10000000,0.67000000,0.00000000,2.30000000,0.08300000,18.00000000,27.00000000,0.99768000,3.44000000,0.54000000,9.40000000,5.00000000
6.30000000,0.68000000,0.01000000,3.70000000,0.10300000,32.00000000,54.00000000,0.99586000,3.51000000,0.66000000,11.30000000,6.00000000
7.30000000,0.73500000,0.00000000,2.20000000,0.08000000,18.00000000,28.00000000,0.99765000,3.41000000,0.60000000,9.40000000,5.00000000
6.60000000,0.85500000,0.02000000,2.40000000,0.06200000,15.00000000,23.00000000,0.99627000,3.54000000,0.60000000,11.00000000,6.00000000
7.00000000,0.56000000,0.17000000,1.70000000,0.06500000,15.00000000,24.00000000,0.99514000,3.44000000,0.68000000,10.55000000,7.00000000
6.60000000,0.88000000,0.04000000,2.20000000,0.06600000,12.00000000,20.00000000,0.99636000,3.53000000,0.56000000,9.90000000,5.00000000
6.60000000,0.85500000,0.02000000,2.40000000,0.06200000,15.00000000,23.00000000,0.99627000,3.54000000,0.60000000,11.00000000,6.00000000
6.90000000,0.63000000,0.33000000,6.70000000,0.23500000,66.00000000,115.00000000,0.99787000,3.22000000,0.56000000,9.50000000,5.00000000
7.80000000,0.60000000,0.26000000,2.00000000,0.08000000,31.00000000,131.00000000,0.99622000,3.21000000,0.52000000,9.90000000,5.00000000
7.80000000,0.60000000,0.26000000,2.00000000,0.08000000,31.00000000,131.00000000,0.99622000,3.21000000,0.52000000,9.90000000,5.00000000
7.80000000,0.60000000,0.26000000,2.00000000,0.08000000,31.00000000,131.00000000,0.99622000,3.21000000,0.52000000,9.90000000,5.00000000
7.20000000,0.69500000,0.13000000,2.00000000,0.07600000,12.00000000,20.00000000,0.99546000,3.29000000,0.54000000,10.10000000,5.00000000
7.20000000,0.69500000,0.13000000,2.00000000,0.07600000,12.00000000,20.00000000,0.99546000,3.29000000,0.54000000,10.10000000,5.00000000
7.20000000,0.69500000,0.13000000,2.00000000,0.07600000,12.00000000,20.00000000,0.99546000,3.29000000,0.54000000,10.10000000,5.00000000
6.70000000,0.67000000,0.02000000,1.90000000,0.06100000,26.00000000,42.00000000,0.99489000,3.39000000,0.82000000,10.90000000,6.00000000
6.70000000,0.16000000,0.64000000,2.10000000,0.05900000,24.00000000,52.00000000,0.99494000,3.34000000,0.71000000,11.20000000,6.00000000
7.20000000,0.69500000,0.13000000,2.00000000,0.07600000,12.00000000,20.00000000,0.99546000,3.29000000,0.54000000,10.10000000,5.00000000
7.00000000,0.56000000,0.13000000,1.60000000,0.07700000,25.00000000,42.00000000,0.99629000,3.34000000,0.59000000,9.20000000,5.00000000
6.20000000,0.51000000,0.14000000,1.90000000,0.05600000,15.00000000,34.00000000,0.99396000,3.48000000,0.57000000,11.50000000,6.00000000
6.40000000,0.36000000,0.53000000,2.20000000,0.23000000,19.00000000,35.00000000,0.99340000,3.37000000,0.93000000,12.40000000,6.00000000
6.40000000,0.38000000,0.14000000,2.20000000,0.03800000,15.00000000,25.00000000,0.99514000,3.44000000,0.65000000,11.10000000,6.00000000
7.30000000,0.69000000,0.32000000,2.20000000,0.06900000,35.00000000,104.00000000,0.99632000,3.33000000,0.51000000,9.50000000,5.00000000
6.00000000,0.58000000,0.20000000,2.40000000,0.07500000,15.00000000,50.00000000,0.99467000,3.58000000,0.67000000,12.50000000,6.00000000
5.60000000,0.31000000,0.78000000,13.90000000,0.07400000,23.00000000,92.00000000,0.99677000,3.39000000,0.48000000,10.50000000,6.00000000
7.50000000,0.52000000,0.40000000,2.20000000,0.06000000,12.00000000,20.00000000,0.99474000,3.26000000,0.64000000,11.80000000,6.00000000
8.00000000,0.30000000,0.63000000,1.60000000,0.08100000,16.00000000,29.00000000,0.99588000,3.30000000,0.78000000,10.80000000,6.00000000
6.20000000,0.70000000,0.15000000,5.10000000,0.07600000,13.00000000,27.00000000,0.99622000,3.54000000,0.60000000,11.90000000,6.00000000
6.80000000,0.67000000,0.15000000,1.80000000,0.11800000,13.00000000,20.00000000,0.99540000,3.42000000,0.67000000,11.30000000,6.00000000
6.20000000,0.56000000,0.09000000,1.70000000,0.05300000,24.00000000,32.00000000,0.99402000,3.54000000,0.60000000,11.30000000,5.00000000
7.40000000,0.35000000,0.33000000,2.40000000,0.06800000,9.00000000,26.00000000,0.99470000,3.36000000,0.60000000,11.90000000,6.00000000
6.20000000,0.56000000,0.09000000,1.70000000,0.05300000,24.00000000,32.00000000,0.99402000,3.54000000,0.60000000,11.30000000,5.00000000
6.10000000,0.71500000,0.10000000,2.60000000,0.05300000,13.00000000,27.00000000,0.99362000,3.57000000,0.50000000,11.90000000,5.00000000
6.20000000,0.46000000,0.29000000,2.10000000,0.07400000,32.00000000,98.00000000,0.99578000,3.33000000,0.62000000,9.80000000,5.00000000
6.70000000,0.32000000,0.44000000,2.40000000,0.06100000,24.00000000,34.00000000,0.99484000,3.29000000,0.80000000,11.60000000,7.00000000
7.20000000,0.39000000,0.44000000,2.60000000,0.06600000,22.00000000,48.00000000,0.99494000,3.30000000,0.84000000,11.50000000,6.00000000
7.50000000,0.31000000,0.41000000,2.40000000,0.06500000,34.00000000,60.00000000,0.99492000,3.34000000,0.85000000,11.40000000,6.00000000
5.80000000,0.61000000,0.11000000,1.80000000,0.06600000,18.00000000,28.00000000,0.99483000,3.55000000,0.66000000,10.90000000,6.00000000
7.20000000,0.66000000,0.33000000,2.50000000,0.06800000,34.00000000,102.00000000,0.99414000,3.27000000,0.78000000,12.80000000,6.00000000
6.60000000,0.72500000,0.20000000,7.80000000,0.07300000,29.00000000,79.00000000,0.99770000,3.29000000,0.54000000,9.20000000,5.00000000
6.30000000,0.55000000,0.15000000,1.80000000,0.07700000,26.00000000,35.00000000,0.99314000,3.32000000,0.82000000,11.60000000,6.00000000
5.40000000,0.74000000,0.09000000,1.70000000,0.08900000,16.00000000,26.00000000,0.99402000,3.67000000,0.56000000,11.60000000,6.00000000
6.30000000,0.51000000,0.13000000,2.30000000,0.07600000,29.00000000,40.00000000,0.99574000,3.42000000,0.75000000,11.00000000,6.00000000
6.80000000,0.62000000,0.08000000,1.90000000,0.06800000,28.00000000,38.00000000,0.99651000,3.42000000,0.82000000,9.50000000,6.00000000
6.20000000,0.60000000,0.08000000,2.00000000,0.09000000,32.00000000,44.00000000,0.99490000,3.45000000,0.58000000,10.50000000,5.00000000
5.90000000,0.55000000,0.10000000,2.20000000,0.06200000,39.00000000,51.00000000,0.99512000,3.52000000,0.76000000,11.20000000,6.00000000
6.30000000,0.51000000,0.13000000,2.30000000,0.07600000,29.00000000,40.00000000,0.99574000,3.42000000,0.75000000,11.00000000,6.00000000
5.90000000,0.64500000,0.12000000,2.00000000,0.07500000,32.00000000,44.00000000,0.99547000,3.57000000,0.71000000,10.20000000,5.00000000
6.00000000,0.31000000,0.47000000,3.60000000,0.06700000,18.00000000,42.00000000,0.99549000,3.39000000,0.66000000,11.00000000,6.00000000
