0.406383220596604,1.665182580944839,1.454160741207453
-1.672762088696445,0.08662084158130412,-1.541679331493393
3.143575634781238,3.170344711467505,3.230893882777121
-2.99531751628931,-2.342056974894506,-2.557241815893679
-3.588262373593361,-0.4735212507949083,-1.555086784344223
-3.760990312971464,-0.3453342048423114,-1.543195962488727
1.193152380918086,-1.772101738816198,1.745543715891702
1.41003921584105,0.7269025393308066,3.125558634364873
-3.808144940982677,0.4708327039270559,-2.197322065640979
-1.925980424740277,-0.6791904239194428,-1.341718787199872
-1.73179934582945,1.545103346503971,-0.5186387853311318
-0.4763702586340841,-2.745058092200294,1.989841335519364
0.3571921442547579,2.242518116090936,0.8741206985263776
-1.549091740990562,-2.224336928542549,0.09669397347714964
-0.8962299395548099,3.491069198883443,0.9052116465126716
3.80796337978347,1.379069407302509,6.449625559144533
3.222672868307185,2.766006970345434,4.583486995346259
-0.9760476693688869,-3.262263929026206,1.509403057502182
1.227287220188289,0.4627260991076074,3.310232547199435
-1.107481895499375,-2.199563961281345,1.065269380523184
-0.747840668990011,-0.2484780104066475,0.1370794664480445
-1.84611537399151,-1.665657806196539,-0.9901752048402572
-0.3385088054161765,2.884271303575412,1.115645332208087
0.6900232357425713,-1.732097100542322,2.129070754537176
-1.776179947011189,-0.3630233958244258,-0.9312914645123773
-2.3567172431601,-2.388970311655415,-1.14062615088378
0.1122804785395353,-3.302165049753563,1.808071150665643
-0.1313157411873078,-1.102590300897333,-0.3065177344409361
1.661492974525369,1.973969784816036,2.441457283092708
1.528743374846115,1.513443310039313,3.319896773752116
-1.011199006808574,1.34507843788214,-0.4270788937899778
-1.281210688345457,0.5823509589510003,-0.5898604879374292
-1.393542735481004,-0.4388396058917436,-0.2228837877318118
-3.507768553360486,-2.058596622525295,-3.792134383855194
3.772820849388541,-2.155326365159408,4.235833667745993
1.531820087578642,1.203814865709917,3.265668768817799
1.791513115499857,-0.1992911149245495,3.406616982441433
0.7733101968149025,-3.464244608537389,0.1910298277281657
-3.419502897422133,-2.408191789623373,-1.589543777420035
-2.785112023931672,-3.199165243348443,-0.9197354488416869
-2.965649083129167,0.426221854461228,-1.635180644359087
-2.497481400608974,3.616809944249666,-1.086998726881561
1.452894230459413,0.3281573868781695,4.099304647165055
1.657444806463181,-1.888906632379893,2.488581280313568
3.413805474029822,2.713544462399765,5.197911872955505
1.810555987424298,-0.1580803513167197,4.207731885635506
2.736825487013174,1.958018587394874,4.64068045312482
1.2826072511969,3.311802136047502,2.241732629211817
1.069324510300598,-1.072475321179125,1.939729298378827
0.4227565852035644,-2.428955386398905,0.4944258002273381
-2.463421628851175,1.805356991462567,-2.059394742160806
2.279493627449049,3.776786909470126,3.585750611027315
2.807771336332014,0.3487546127665819,4.658021354598453
-3.281673043815482,-0.0890140430710975,-1.956416069307118
3.423490780497005,2.300945596027811,5.00026889754603
-0.1192461915672949,-0.3577651081529094,0.08055142004904625
-2.256113852725171,-2.582292953585411,-0.2842639348117497
-3.411010646245139,3.13914550069674,-3.697804772144055
1.121412935192471,-2.853341460229429,1.761224464288654
-0.6869846422703416,-3.607128604817011,1.09184445483778
-2.325013203821091,1.845664993032306,-1.389449350134206
1.208982163532795,-0.1681736209841782,4.36905916739327
-1.801755956034886,1.217785000529478,-1.500238811370749
3.651596090539043,-0.5158355505984575,3.898365560584339
-3.438939959298638,-3.53814809741626,-2.815173608884531
-3.337031849619541,3.677657498025769,-3.746270194869422
0.3260866894919507,2.699699461357779,0.4871581343645799
-2.639731646102923,-1.917239418168679,-0.8420661283435495
1.535820094982742,3.164562625135869,2.079544839934242
-1.274492124318724,-3.482614416077734,0.3502125108810037
2.91295735528515,-1.673020433364192,3.812870659114751
1.928659251196501,-2.735730762388048,2.203837200145708
1.559707481127007,2.731356952249185,1.494732452445348
1.817216629973674,-1.127139801092069,3.842382115385153
1.813518011921583,-2.884263006540317,2.019934141499085
-1.489447078134224,-0.6433379465364437,-1.404181978574609
3.017696311554537,-2.770078331430856,4.19441013600861
3.040998321994524,2.391714553766431,3.993419667540847
3.772994376623846,-1.058376133572317,3.723917144265484
-2.360481848737767,-2.075437437323208,-0.8372458762052396
2.622902411371367,3.721825188751323,3.381080661634954
1.590479987043388,-0.1400236658093608,4.220233562825163
-1.703601882550937,2.669503074745277,0.4851094634952128
2.977436067195407,-3.262947265595267,3.919967974430622
-2.272404231841787,2.654088723662932,0.1224066852924545
2.786431176635968,-1.482776009888021,3.919566764557981
-1.765643225225149,-0.55347982385232,-1.441004434105848
0.3155720021173343,-3.235465479947091,0.8021661114804932
2.695297109708921,0.2778789628105676,4.593195791001332
2.199742520327389,-2.153309875389385,2.954434995757802
3.722346808850926,2.008218458547034,4.920034904109686
-1.255249084864309,3.588221175679638,1.164175504318024
1.604094231730183,2.724488683889896,1.840278182835992
-3.636021553153049,-3.554867671586495,-3.691259429910592
1.941898188397031,-1.562508536412864,3.307436767600005
0.1342749267459622,-2.749900610629812,0.9865315019437125
3.823619277255878,0.02200838139535577,5.878772039975571
2.632008627797803,-3.407697629760029,2.438659307709676
-0.1686763822572948,-3.501764156753793,0.7543040652022792
3.073931448701898,-0.4335185702963296,3.135609914711678
-3.451600653905306,-3.388029741472343,-3.281552045021377
0.31034126402536,-3.395468763958154,0.5268056300451306
-2.529821455900458,-0.5091433266678882,-2.696645268021709
-0.01773735185234049,0.6664953219340592,0.4864804383340593
0.9641014512392587,-1.017508002858652,2.11888570226672
0.949892663844639,-2.74204273291891,0.2778486379115634
-1.795932196530451,2.389746164770484,1.75959984608006
-2.775285594187871,-2.213416216914106,-1.222429127645386
-2.056174562448359,-0.1639415614154647,-1.563061688180169
-3.994035823664817,-3.757509115820268,-4.048414337327078
-0.3076147868175561,-2.699834521067846,0.7909807531993429
1.436014430186281,2.361636697413108,2.042525934297814
0.6253068699016815,1.558119817385646,1.75534713565816
-0.8723358741289706,-3.629630376056413,0.8344419289982179
-0.4846277389628053,-1.024157502324482,0.3965026711385374
0.7760259376026406,-2.926254642407735,1.391041766984247
-2.178296826225313,2.518259332218238,-0.499562311097435
-1.885395786878295,-0.717438360742694,-1.78543429665769
3.487777411966253,-1.795580295833163,4.605909740244503
-2.837680329171489,1.616161034651618,-1.639605268656086
0.536532403530197,0.8927506843727757,2.559984438487003
-3.663753192051411,-0.6618648419421858,-1.619865184790612
-3.965868526662724,-2.027716249112884,-2.791593008040176
1.648449468672051,-3.507674272634402,1.420230868148426
-1.642452011173761,3.904902022497425,0.9398675367122685
3.769777841815804,-0.1452288905623602,4.157338802496204
1.885547092225967,1.061246193489112,3.130203101323537
-0.2744554284501062,2.856531461130557,0.1439032408335128
-2.619853982670568,2.627455377952884,-0.5732005463704721
-3.663443812333456,2.935629534502388,-3.018942417377652
1.407972699745982,-0.4326871207130516,3.757989213072969
1.372561981074216,-0.3170519688860649,3.868244852959642
2.240025779028682,-3.092447329087062,2.227734065569216
0.065259430788843,2.971916319550983,0.341691257779891
3.42023420649618,-2.237309347613499,5.445380651123977
-1.984557579563049,3.232099772871909,0.3363118325434989
-1.235861290278972,-3.545019407610275,1.116654243052672
1.719093376896263,-0.6846491267731372,3.66167017569325
1.882593499961152,-0.1832669324530452,4.750467262643144
0.004524435491455314,-0.6595047167312842,1.256362041985605
-1.676120831718788,3.205686939098808,0.9868707107655263
1.350300623880858,2.310658746743737,2.255844175234018
3.165916248744939,-1.998488460885119,4.350922035320931
3.358564911779379,2.900840698068465,4.753114256282988
0.04868209699989112,0.5432173931522453,0.7795990633723822
-3.080542095705772,2.096926724462149,-2.628430866858773
-2.614199942525411,0.2706883280472763,-1.175704779458826
-2.988501558170246,-3.416663251342742,-2.142232720741023
0.872219550084516,-0.07037496307455982,2.892643687417552
1.398479477914181,2.326833464434275,1.504973956126598
3.86149994116453,-3.327354551386549,5.608465109084973
1.049696899468644,0.6157991630515829,3.192750055223559
1.205137414333624,0.3454356385150374,3.470253168922624
0.4589391002416132,2.948437069123909,0.9108674648692152
-0.3839070690273978,0.2798046290428911,0.3471707445410893
1.52770963012212,-3.284040068839129,1.454772822911057
-0.5445974489015217,-3.182926234364094,0.8582691012288997
-2.897520856711734,-3.982995532272728,-1.703484256955084
-2.32234851070703,-2.266901900494126,-0.9045153147760976
0.1299558498755431,0.5616659079219453,0.2911348371359556
2.591689444025977,-0.1063104894147431,4.427589118412033
3.131636791374333,-0.8395136817986737,4.322033874564749
1.95689157667554,0.4220580993390586,3.790223920798315
0.9906006861786087,-1.836864024933499,2.163544266212766
3.500760063518312,2.157237722863183,4.119797694018175
-2.835239767440747,0.299474959556588,-1.603572452451384
3.966290444444684,-3.607549339958947,5.621711991384893
-1.577441296659092,1.92650697081733,0.8212896570382786
-3.685108418779081,1.973368727938066,-3.222435090594014
0.5873702398700882,1.853645404496532,1.280384584398097
0.406660767013066,3.51522782640927,1.2370604689964
-1.228786376797836,0.595755679489824,-0.7476130720066259
-3.59376016798179,0.4274626732348548,-1.531393352433872
-0.6448564508165031,3.865294302321612,0.8300678644743601
3.564858550696357,-2.893764681135197,3.759213349757683
-3.667074867752302,-3.034599463448743,-3.560569574727933
-2.458024258241438,1.809343954484419,-1.063968488151902
0.3518236283097886,0.2794026762822517,1.470814887658761
-0.2837041642997047,-3.94644625294787,0.02716276725111944
-0.8602246916442668,3.991507530077548,0.8196600153283822
2.562329643295579,0.5828856875176438,3.922757298692555
-2.428296314437768,3.363755396074831,-0.3753573339118275
-0.6068220207642927,0.9546181846358621,-0.003528172290293299
-2.375138746070598,-1.375474049583106,-1.325906572691112
-1.240372296523234,-0.8419850367843136,-1.059717087154088
-3.822144907542494,1.282776417561587,-2.122860915822739
-2.640079856017406,0.8264021060262525,-1.644926261164534
0.956642772278455,1.583237971458749,2.06743911325289
-1.664550511629312,-1.663744107485231,-0.4207474668605394
2.044235815222689,-0.8942064378525254,3.655225927720416
-2.780293912335397,3.242119210241714,-0.8702118174778937
-3.895337520382547,3.091875261246258,-3.245605396040797
-1.661945792383312,-0.9453996791035255,0.1849649714182207
3.827241219168446,-0.5065940684787025,4.203032605817321
1.727055829934931,-0.7009378645422313,4.001047264100461
3.308286497354473,1.755923993682701,3.921470003941827
-0.1544656925168972,-3.326226808127039,1.664690570902708
-1.09092905737032,-0.07514638122191997,-1.550046455767104
-1.72908653238893,0.2771240753571869,-2.338493564870262
-2.322791454546737,-0.04536339566567005,-2.258418047103345
0.2240415612568727,1.386877124832928,1.827422343095571
1.962926760655958,1.839789936204579,2.316242715550318
-0.6070727976916102,-0.3523813511448406,-0.7825335175934143
2.988056811758337,-1.097696619434879,4.328531917164787
1.904262647661083,3.952537853520083,2.759569978308317
3.398467068295696,0.3938949423394238,4.799284040843579
-1.559108905002912,0.9785010868068014,-1.442130749413738
1.474413345849719,0.2156980393303511,4.999794083554358
-1.268186953413244,-0.3565874292848417,-0.3997940157474496
-3.345674055878557,-1.669742360008583,-2.889847966596111
-2.840825960118179,1.331845846571875,-1.71990342108783
3.673873132306634,-2.742122535475092,5.601325670425651
-3.773647425186983,1.930857353730221,-2.76057720572832
-1.166684081858401,0.04773021307457004,-0.508036473384021
-3.511615398571669,-2.577880426095082,-3.007113052489727
1.564050335526521,0.8416849569376454,2.930723839064934
2.827289779351196,3.703385708306151,3.691195867713654
-1.123079207158084,0.9619880532866354,-1.079115340286472
-0.4185807022939461,0.04477570159680511,0.5871649853152372
-0.8679859312823153,3.819153815589003,0.4084792115268121
0.9891025396673694,-2.864916580058711,1.509986154648933
1.581827531493352,3.726050058676747,1.914983286705026
3.158795093224214,0.4640326669425292,4.536527613877078
-3.882281730011194,2.444370654145096,-3.433378084448441
3.454890720009121,1.871431856333157,4.137138618698788
-0.5683749816663246,-0.9532711329105252,0.3482348318440741
1.956838109240382,-3.137191222801095,2.477396001230464
2.2775667782072,-0.009558252960007785,5.073853652582706
-3.439047894985083,2.584361713029454,-2.140459094410051
-0.8663401814393321,-3.145880514558714,0.3594665205358704
-2.609612446334998,2.875460926315835,-0.6433782245923165
-2.618065604029175,2.274003724141557,-0.9979096557616501
2.432928802533658,-3.307854834899997,2.143631930265405
-0.5169073761945109,2.297271787279949,0.7825882258837231
-0.07951295034636274,2.928126549832865,0.5824586124139692
-0.9622299997946637,1.026515350568719,0.2045683032207433
-2.29183788009245,2.738051072910971,0.2144679268921419
2.714858291200651,0.5266746764607451,4.131703755669133
-1.415292427057206,-1.219454472690729,-1.326142524594138
0.7574619363021693,-2.972727386917082,1.398353801042434
0.08378271667609738,-1.636589832166941,0.4579390166731253
-1.267373165797171,-1.425287598223879,0.4145005457057883
2.676297468917445,-2.59599510097919,3.262842714457285
-2.108419454282543,-2.684200625191087,0.28491610592078
-3.879193814101408,-0.5951621611709461,-2.368073641250536
2.751579936852806,3.221994059229608,3.761698513850942
-0.1010747048369964,-0.6289891307057482,1.298615915062293
2.945337848006295,0.2279582175293653,3.867356322676911
0.3893373992563172,1.194495344481207,2.007859019299225
-3.363098154444366,2.708044614519947,-2.407398303926859
-3.154055664716444,0.2585723723047471,-1.741926169867711
3.408076339334542,0.3896545037814159,3.12289033296514
-1.262337250919443,1.813046941316586,-0.3044579703737439
3.208116402563534,0.9298829280948588,4.740611827833439
-3.552910858198669,3.030468787366067,-2.724822498267135
-3.856180389089987,1.42591389647322,-3.045677394257492
3.20036818478564,-2.740435489346625,4.407118966992052
0.2253210384005637,1.640436717980792,1.876720298142794
-2.595906962022344,-2.0384193235878,-1.839264961546165
-3.467440088389973,-2.727979931948493,-2.067907114607755
-3.054703444417266,-1.674860540660746,-2.459912961646968
2.00458735103184,1.54947576878402,3.621581494475451
2.100819373374294,1.277311547625522,2.866754526210909
2.353873580066092,-2.808349504959232,3.257885887097666
0.4345087502444533,-3.828321976587238,0.6199979435516876
-0.06668882210727656,2.747334776877493,0.5016712540013586
-0.2217030137853833,-1.635312186391615,1.13305207868101
-1.802759990660573,-0.8516684410024951,-1.153698944569505
3.310584001066124,3.794368512139457,4.35684515037608
1.987064355593357,3.900080585880439,3.020224821710649
2.097907195434036,-1.726078548742874,3.419996038395967
-0.5193436667719347,1.785193280568672,0.2783023999702808
1.674720147775367,1.425000398987687,2.271696674263116
-0.09689517714509055,-2.854942971238721,1.12405570891188
3.677108580966785,-2.239014065094858,4.786450915025108
3.835074758776991,-2.98061001255408,5.522410761146644
3.842685072941279,-0.9910709295263009,3.940944543845686
2.487492887179027,-3.941663018941136,3.450897087897473
-0.439993660519594,-2.008465818321518,1.526788713550425
1.556201617158955,1.30421399198904,2.373660425972508
-0.304653999464886,1.653086901998681,0.6282888246986846
3.826092912350825,-3.254019367376458,5.6988004991522
0.5014084580096378,1.407688399720051,1.833980686739806
1.065748641585121,-1.901981543917842,2.147249522275199
2.99963035717827,-2.035750732607403,3.590572746257521
2.759692366323512,-0.2341710751846877,4.217983608858639
-2.855259837243625,2.593036838607728,-2.279401614572895
-3.374541591227709,2.359917031574029,-3.61237387018304
0.800097741264107,3.013276008401788,1.61759312292193
2.425636136548073,-0.7842339894343571,3.47938383766382
-2.91846277482786,-1.870468025630842,-1.598053849398896
-3.989419725954672,1.227225984127405,-3.250204911762233
-3.315900789756049,-2.565691384212498,-2.610419930649353
-2.040187779339504,-0.7511801408230872,-2.074849925890878
1.494399583672486,-0.4442594842688337,3.658020890193858
0.03016452688219218,-3.254337621787434,1.084247992863408
-1.294580791173505,-2.346651641925561,0.6920515461073372
1.913100388668185,-3.858779082615202,2.291707192088611
0.9343675337347062,1.583095405357129,1.313071666272662
0.03714413697319952,-3.644179994761745,1.834808814291572
-1.99125970267289,-2.097395023942243,-0.9865764208349829
-1.857862539919277,-1.894480588403867,0.186054412800543
3.781723893228431,2.329290015336002,5.383833444296214
3.127285852953436,1.708023160100677,4.81892430725371
-1.226706093113662,3.534827378891441,1.413843480208155
-0.1243588036254248,-2.516520481240843,0.8427323412066496
1.835993756955167,-1.925559240750729,2.691276408895574
2.582283298745561,1.923831324253457,3.661369040952736
-1.678397472602825,-0.3228571571463164,-1.217474110585021
1.720778573660987,1.344123716110074,3.126920772137806
0.2126277135254453,-2.286856620960579,1.206000836820053
-1.404856017532708,1.55834467589178,0.3294409742312575
-0.3441353385134249,1.742881210883072,1.479656289846664
1.472928160020254,-1.154786637251938,2.934728439279062
-3.207214742763642,1.446290947329519,-2.438830895040264
-1.155333223960069,0.5197184456528561,-0.3343146352350185
-3.000038587693348,-2.83183007519776,-1.200557820361984
-0.6092877157949559,1.355030681810808,-0.4501444720052931
-3.060282561811675,2.195577473103012,-2.311085767514131
2.810912630901059,1.380983037054974,3.656938427926547
1.996872233847299,-2.092157767694984,1.822406169038708
-3.197863922835425,-1.366962732151728,-2.057650607993338
-2.995665727428045,-0.6680808346226312,-1.9000338186957
2.088994804877392,-1.751223438556158,2.876090597527227
2.846755838352347,-0.3761225821920604,4.394385748514976
-2.704758248599423,1.138240134663112,-1.965609785824288
-0.4918072841216254,-1.358163848387263,1.247080927283932
0.1310821046116057,3.928579455195298,0.4448901250307935
2.015064748880741,-1.65153644251153,2.850311927603185
3.419518494994783,-2.526674094654082,4.822540322063213
-0.7348634531915996,-1.019244334153485,0.7481952091113149
3.885573557759438,-3.963853054538675,5.446103692060915
1.19412474081882,0.06929017424226824,4.144641648463532
-2.752524595382043,1.133425106986141,-2.593661836952759
2.462865414711531,2.135853218846596,3.619767483163494
-3.378996680793811,2.360795459240875,-2.633175685208401
-1.232741616836341,2.820774108628534,0.8950822782269952
0.4967623506644756,-3.36054076057805,0.3929205351720314
1.958004952556764,0.5087550603079043,4.050174168651353
-0.3885809206416759,1.107667421902875,1.254780363950431
-0.4503354835495736,-3.704597580293477,0.9035699941864539
3.301635859283861,-1.697557057627099,4.530079050826291
-1.765247523232049,-3.602206696530775,0.7432434058898271
1.739162408054834,3.275633063884783,1.952335549248253
-0.2963659548528712,2.512993807934315,1.733677658469359
-1.369478326339732,-0.9221181380943646,-0.3746572194149246
-1.666209645107861,-1.640491818108914,-0.2464162862690385
0.490313113108285,-1.392467478677235,1.175529342790782
-3.473631147750423,1.522145679258389,-2.412946222801961
-1.530898478052026,-0.8617183769097219,-0.9723596253431319
-2.509654470628852,-3.605082132650741,-1.673054817025003
1.23426421417989,-0.6143034914576386,4.319986054868597
3.459123228977701,-3.848605270172352,4.855737892271668
2.599167431776012,-3.85168652985377,3.791256095048723
-2.61626234714773,-3.889311340916146,-1.954700191373562
0.07507254858790802,-1.1703628605428,0.0997749988612735
-1.453211265999851,3.795131215277687,1.419334725560703
0.6243805474055621,3.410746006520381,1.098752778149518
3.111676731567316,-1.283463016911674,4.260943873343977
1.228365975559061,-2.439569981922632,1.354574262773852
-1.076014383971462,1.478287704234094,0.5582326884541275
0.550568594271799,-3.320386054119393,-0.1455336389884407
-3.374885689072747,2.168015576927065,-2.425154900484779
1.608492271423267,1.188606368640023,3.506087637936125
-2.233436884399732,2.270546742792031,0.5021173280019229
0.6155277543628008,-2.823096444427569,2.127859943870234
-2.670615738852119,0.9664175666554131,-2.731162096547327
3.826186212541533,0.6885723454857597,4.86898835880073
-1.638662759197186,1.728822860434449,-0.6157382229609961
-2.374289005777051,1.130951961233313,-0.9667337890322559
-0.6887665973740731,-3.753581733382498,1.230058715298093
0.131193116437176,0.06008505857966995,0.6650275309387081
3.295389416739227,1.686949485808186,3.786032988657943
-1.569346419062658,1.16121954882978,-0.9186337382607054
-1.99998524730348,1.233201539819154,-0.48847488279374
0.8115312545082141,0.9158869593493852,2.565702377492395
-2.710991800719215,1.685474740786538,-1.399999569732177
0.3017881041214601,1.938439426503804,0.8627083627183243
-3.642635701138297,1.864109536802895,-2.270443502128805
3.602093636652597,0.6852076982880213,4.72048423197499
-2.878808762156866,3.390186542731815,-1.147756493673477
0.4455967383772927,-1.780669954156317,1.793337676816013
0.9771235510750671,2.871144298632677,1.41135802922277
-3.133609726691712,0.4773033543398775,-2.789134287247621
1.06189371000263,3.408941060141495,1.345316789774758
-3.694496938782386,0.0594563910901309,-2.027590228884929
1.860993709409603,1.277540906300607,3.808431669429593
2.891366436836099,1.251490361334504,3.403971167097257
1.053035501071669,0.8792241338539339,2.109904470484664
-2.682498756054781,2.837443694233886,-0.8092669450553677
0.1268597737863812,-3.829191221621621,1.027062224163793
2.563723932683081,1.508331633588508,3.095508483020269
1.259248360466257,-3.585899854578132,2.016935363623376
1.643575628977955,-1.295887081623428,3.159452434353883
2.515806901776779,-2.751557092862972,3.110536253841009
-1.316530253322355,-3.175154291751084,0.9266359698610057
-3.853151132273116,-1.411469684029836,-2.687978305972431
1.595036018503836,-0.6417653705534407,4.1958332691906
-1.616455010075144,3.490020667737541,0.6685087123887362
1.813604197361808,3.773005079351515,1.718383453392253
-1.576432422586882,-2.447803980912591,0.4810625237009367
3.746853022883606,-3.364397621652408,6.02046207177889
2.283939671856684,3.578263394415066,2.47967931750456
1.744548107291256,0.5955450152169606,2.77879129813198
-1.048372200140794,-1.635799247693757,-0.03041078702525212
-3.463231589224521,-0.9690064504098226,-3.119338026940165
0.02338740250865001,-2.00955266375169,0.07649112620957432
3.756930970747285,3.988372860094481,5.186874905820865
-1.684151252518808,0.8020164494643343,-2.22931201397295
3.062288270440015,0.6696774045557401,4.017647639522383
-1.1850791342216,2.76696011068064,0.9999912184837292
0.2298195636842051,0.9541769583791835,0.09070170163707303
2.055526820455814,-1.693762227311661,2.937919055722371
1.489540808559073,-1.867751193944596,2.079240454853703
1.219669437062484,-1.947129937312523,2.109296639001872
2.369925182771703,-1.221418625160659,3.952417388036289
3.683403266055518,-2.612951172947438,4.684302197098027
1.714617169537161,2.839793655597404,2.541749962585933
2.970057300388069,0.1602015493259872,3.542162253188105
0.3948889142501759,-1.646312771779755,1.154621676543285
2.853028156938053,2.09825733963633,3.552807381682335
0.1069153638834797,0.02385889306329503,0.548214046185608
3.355676614640865,0.4871163398466516,3.775484797129606
-3.249224946829215,-3.134605575145103,-2.607627655177144
2.132932116977972,0.2066498756249269,4.024134136082618
0.4508901482386101,-0.5366264399054215,2.021062752305073
-3.818412939595657,2.425897305846232,-4.184472205532017
-0.9476663454513909,-0.2864505788868623,-1.103264529810362
-0.4743207252352999,-2.930367326166968,0.4413636701199534
3.705735088050643,3.675309223707464,4.706371493572332
-3.92180109469085,-3.563465540904543,-2.704406625178997
-0.9105862309931068,3.854255815002429,1.008636739833147
-0.1456187806796869,3.381301622325764,0.2859186320032111
-1.266423434121731,-0.03733815882517977,-0.4341676127128797
2.63046985332479,1.26894769336671,3.445607674718634
-1.547575163344886,-0.3468266305615639,-0.1963075465846091
0.9928907983015183,-0.7929220968566462,2.791125564037024
-2.414012719290159,-2.201967331438206,-0.8859817528211108
1.924745154356507,-2.316450741861561,3.287832927930416
-2.516117098669642,-1.70198952179665,-1.604856870025898
3.912387449419531,3.931503192071135,5.97253156247157
-0.1614383209101202,-2.255908873129755,0.2294177600977471
-0.4527576205509947,3.063461463709876,0.9026089687964042
0.6372534237376319,3.204748847566198,1.609352222085797
3.042666818813065,2.513332070540915,3.601268887038449
3.071483712947863,0.1030849036802763,4.339205686694529
-2.64950762302065,2.235852111256815,-1.033465945262418
3.93891717539177,1.298334990252037,4.815706361881364
-2.022844766994527,3.42499360943648,0.644491654528433
3.389731086455527,3.392708427800084,3.792545522611618
1.303860726425808,3.506519003154336,1.792848748970349
-2.137855517157581,0.5999422104962928,-1.519691568655423
3.947212926035268,3.959003400321924,5.983039273628631
2.407956711600873,0.6958211783486012,3.955003136193355
1.021394316879743,-0.8614231930768792,3.060210929463711
-2.218263517019719,3.172035261269709,-0.2404591760931872
0.6806440892209791,-1.129291612714264,1.084784648786796
-1.381578371647034,-2.620369429144849,0.7783940251267047
-2.519620967730298,1.341165015204196,-1.95342215638385
-1.709238476253004,-1.46509375770972,-1.138041515948716
2.7607109126,-3.251368716101423,3.388779779761842
3.593088255854567,-0.6798678110140308,4.581969674817159
2.619593091698757,2.591322101402945,3.636452297061206
1.460147822928075,-3.577675776670811,1.526961077203006
1.237656441784279,-0.4275136064213534,4.736406074836944
-1.516471986441687,0.1510488415686009,-0.4427171659773392
1.316561529560728,-0.8791650760756848,3.49280134812095
-0.7292545878503907,-2.276739738828076,0.5081908769294455
-2.668180618407828,0.9820564043971967,-2.637994752787691
3.797797442913666,-3.215203763196009,6.398803764998666
1.255535066852179,0.7975539132389082,3.249727912536832
1.981172453190114,-1.44687577967516,3.402850816743527
-1.907012283778461,-1.703064667254885,-0.5851663919349435
2.702524628580334,2.790594932305476,3.222831026174548
2.502126197443936,-1.771155409975344,2.157957158141857
-0.9772743688927799,-1.677983775734493,-0.3347346790720171
1.490954554079315,-2.119107681486665,3.330524969007224
1.944284609499673,2.343559599350122,2.383001528982489
0.2668399496642397,-2.603922782340637,1.161095808010946
-1.899797086209995,0.5376991820388861,-1.127440735096178
1.881172300707747,-2.39330613236541,1.907184549969642
1.185683214066281,3.268797752756349,1.1050879981265
1.857812837897827,3.107335396905494,2.245609119181504
3.670205862853214,-1.804140499961882,4.833238385900071
-2.335678840737621,3.204942718268929,0.1445199132286409
-0.8838450553323645,-3.136698574666426,0.1763966968423138
0.9878775817251348,-0.17172965079261,3.033601245846522
-2.463716272240752,3.329437805842188,0.619205468758778
-0.1614874788740304,3.929415485809257,2.003157883765367
-1.749575306434504,-3.522953490720762,1.237421415855366
3.261141309212739,-1.630058216187959,3.653377541435982
3.390429171201478,-0.1230835814646962,4.409717027495862
1.546742020309364,-3.070108182258878,1.725899178271908
-1.883151032596699,1.431063246105833,-1.61891835425105
3.618213969899742,2.560018703043366,4.450298206774478
3.236205234116584,2.197530073466038,5.083129140900091
3.776178550592594,-2.095447909968344,5.441685261974794
-3.020987150955941,-2.075837875817506,-2.682210249804671
0.6406550558013091,-1.03441464457477,1.425727187530215
-3.718676874121027,-3.002449921754878,-3.367463896267756
-1.750515001345763,-1.316620343782135,-1.531359383262188
-1.459565421569879,0.5240850399575665,-1.502318523920235
1.243472162792016,2.758516979319588,1.972400457787286
-0.9608132379030145,3.503960283763218,1.170766246514485
-0.9514637594362556,-0.6132379553476923,-0.589450612720317
-0.6859068608818379,2.117293208891334,0.6853564657914125
1.902327307027231,-0.6212361259327315,4.641570869456701
-1.258880643826066,-3.340315201857261,1.593143178935184
-1.969569806713175,-3.395793959467263,0.7527711701612206
-1.33923569254466,-2.484868954388236,1.800493341936386
1.166452094151912,1.970141790557033,1.893371435185621
-0.09189971616201476,-0.1396949457856556,0.481944106169824
-1.24352512681789,3.6730408143572,1.098848818943574
3.946934072944022,1.138465375779565,4.205274003640663
2.769678552848481,-0.994800749485254,4.502850659341247
0.7026800397248838,-1.045158157227852,1.636659383165478
3.592282871327925,0.861974090403705,4.273686700950461
3.152896115113054,0.9441089206839832,4.30692678755971
-3.321843781042684,-1.533519207010666,-2.464149694239873
0.7449003023468537,3.324862714356579,0.6545417834856481
1.253990920237797,-1.165419277274269,2.806935900144656
1.262920912819268,1.060815615635725,2.504698431377926
3.77646286338064,0.8586151659086365,4.534827016227544
-3.935408598463071,3.896785305943433,-2.589802015288741
-2.834207876116131,-1.111572615340679,-2.410474071439695
3.717229980241305,1.378827045068719,4.922786611469875
1.459206501268617,-0.5285612457830284,4.306078407165082
-0.794415669920487,-1.574435941280221,-0.5448260263612275
2.089988175437325,-1.086703868073873,3.080985630100058
-3.007554706416115,-2.374943043448358,-1.637014486690242
-2.848749037129396,3.181298717735214,-2.107968736019537
-1.856592617146266,-2.150433823463555,-0.5192502962788066
1.240619843731797,-1.593774487830837,2.230488791703544
2.430649553168922,1.494897731713422,2.842193475184873
0.7157477916839889,-0.1887333923564078,2.821941035354449
-0.9882700708182153,-0.4721954034072633,-0.7997740812186765
1.65601912404102,-3.527871326492251,2.337027775396859
-2.147960795036029,1.596757450133651,-1.810873960439115
1.670796669633837,0.5780352827381279,3.927217213603341
-1.908039223964292,-2.1961357384597,-1.034238243214628
0.2675160078594008,-1.890680377300258,0.6127781117495155
1.915586476131669,2.141561021959959,2.498511118384454
1.754939319136111,1.033055276424364,3.140278673421499
3.146918170961306,0.420930770597387,4.139937745668758
-1.743589259325617,-2.09788324361102,0.6591135192172862
-3.199284845824963,0.9420282190255493,-3.021208922244365
2.121593631940986,0.8820920431359456,4.344423242617417
-2.940744561012543,1.60923014095737,-2.423652900076502
1.913255321056511,-1.048821253036123,3.235481528729128
0.3786051563298827,-3.383200038401792,2.324046754510901
0.7886484384366144,-3.85084058229305,1.398831699163286
-1.214852301279191,2.472056249796037,1.099759997307679
1.030219207045083,-1.000880087623258,2.285984366421819
3.31041125768635,1.017278391146102,3.938867001701147
3.437401052858552,-0.08565878261724791,5.288357336768803
1.233996694898679,1.14224687923577,3.010256835883975
-3.585592875333357,-2.88229442458709,-2.848952623016348
-3.006158435105339,-2.334348580696182,-2.499571011553189
3.899379506415045,1.374179549035306,4.349021631587375
1.768268720253814,3.370314038872789,2.339830816089907
-2.546150446942753,2.026338455778554,-1.425099069607462
0.1871509509350826,-0.9667786374048726,0.8040016617441761
1.96793949469187,2.390991849509956,3.178993820226401
0.7655661881528255,1.490695127400303,1.500746596372367
2.811305944125818,-1.10787011998492,4.785052935812965
2.686587893480148,-0.1817791820858101,3.283108007711661
3.317111102105602,1.740713186177054,4.997328939346279
0.9184147741448196,3.837165738120818,1.214226996493856
0.08801935999726762,-2.281389549368029,1.913587077869791
0.221205551733922,-1.009837814069414,0.8473717973756841
3.754660583048458,-2.574996065649134,5.410953161318076
0.9836196591022563,0.4756810419322646,2.786212569062147
-3.011524614441543,1.572290068284572,-2.004063242632742
0.6382245503041348,-0.5208555026772919,2.547720211019115
3.622751798899398,-3.12791707447135,5.921490224876338
1.046719536132935,-1.667075304226852,1.856809882449725
-0.02360377702624472,-1.057240977145669,0.4986255222243727
1.489967275818319,3.129977304595398,2.557221990725188
-3.368810827309184,-0.1696864040409212,-2.27343801227836
1.878228750053665,-1.68835834479704,2.636598461082161
-1.310649223291301,3.556228243783933,1.17369205409942
-3.116156009733099,0.6954818665030587,-3.191829932111888
1.607898659467594,1.303547600332386,2.680815967844174
-3.472796982703242,3.669260952326751,-2.735448982074613
-3.815457066533947,-3.74338965906056,-3.354090971080776
0.444520470317971,-3.397927958694049,0.6755940828242121
-1.431696642501926,2.338275833549995,0.8553918319532783
0.4788436039318533,0.6449261235728434,1.870066537393927
3.337993072545338,-3.162286413823755,4.332415706079439
3.907590665556514,1.132759316580294,5.293756942963597
1.502021656328282,-3.872357604648905,1.805740421646564
2.969297295973484,-0.8460249141948841,4.712751196000553
-0.8158613986517107,1.090050922583891,0.001634526557411156
-0.8208142953401545,3.521076731090764,-0.2166028071650725
3.333443987064337,-1.016197983770512,3.991730198001929
-2.191568910437454,-0.7469518293141597,-1.649845634783825
3.942355820696263,-1.560831339968455,5.428909060107455
-0.03347157266656975,-2.412019267717244,1.091970501130427
-0.1374459866724731,3.620283900839639,2.026088633802528
-0.7865358238992188,-3.897263267747356,0.8503002512018172
0.9361729863098454,2.275449868761223,1.272428215480198
-1.230709645334154,-3.178838973910772,1.419648698784408
-1.110183417218725,2.304705889700558,0.2158321232777675
-0.2437524006833316,-3.838844335573297,1.453063756228594
1.588843369593101,-1.875040422379233,2.524514814749763
0.3937471912137012,-0.593989083648002,1.808515206651073
-2.429226820029951,-0.8412492682275063,-1.239993517550688
-1.860569158845909,0.3068977814271578,-1.483135018907653
-2.801963390764167,3.981196991254624,-1.755479811142959
2.631714011681259,1.827958317060778,3.085389043584803
-1.992714418842642,3.6256333530799,-0.2206061411423732
3.787471978645502,-3.059336317420738,5.849161359858179
-1.983933558386174,-2.937982131197889,0.4185390435819196
-1.647676307785404,2.330580127708198,0.3125043227160812
3.872373573312554,0.2506711026818866,4.656634446770577
-0.6271987930184588,1.944848192534351,0.1858874692397192
2.901315858495869,0.08888749219242698,3.849347745570757
-0.08018363448719956,-0.762231097347537,0.3886355747127265
-0.4784023743075574,-0.4964837692520883,0.1400069531044903
-3.074043382430692,3.4762170799229,-2.577309447211487
0.1629907131371828,1.509694463230874,0.2758934816495267
-0.3652472020691508,2.244477482375019,0.9611253877991355
-2.21491539511561,2.773104530484418,0.001481821934345651
3.668943650382746,-2.956410154437316,4.054056240949118
-0.5011672899860136,-3.67255363884392,0.091695960030719
2.205507790562193,0.1845975791010508,4.12510945218171
-3.741860458867439,3.249815722258992,-3.325091155808619
3.392661633943673,-1.758035450875166,3.796149100422642
1.922368500455604,-3.409317805605222,1.744592692276668
1.236192749401082,-1.485096272659503,2.108432969026538
-3.803629229767957,-1.563829193427196,-2.970223744613244
0.2969634082827239,-3.724252377140197,1.482394785689987
3.032349988227539,-0.659504045152139,4.996995413656331
0.09304338840862947,3.735600737962811,1.081665115172318
3.43403411501632,1.749822582011753,4.509133569499992
1.809723792858421,2.700682223069131,1.860531056173283
1.07686421518823,0.8551486102635764,2.637338172744411
2.953490310255095,-2.985297340376198,3.760495655793695
3.849486091053148,-1.98501222615784,5.400809602126832
-2.131638726178249,0.9902485005836965,-2.6900322080476
0.4553617153146003,0.3702016035376507,2.226107998824154
2.970674494135673,-3.953987057623709,3.777411957964651
-2.78384888629831,-2.448314188289221,-1.745699761826825
0.4215527883715788,-1.113815781529548,0.5483420886541306
1.177135308677153,-0.6484854811574632,2.559723003440171
-3.795321676617585,2.321441926696109,-3.360559284866622
0.02516157687132736,-0.8609820434498552,1.302053539394721
-1.756198611532894,2.944475437538375,1.202726990050028
1.005235204685217,-3.208338629220667,1.668833551859589
-0.8270783150554539,3.920128544123107,1.023413877602666
-1.975727092538011,-3.03664694691689,-0.04906866650101926
-3.451262848659296,-3.447785067920973,-2.393229954835086
-3.690516880728966,-0.2607717358364319,-2.094229579254058
3.247233257078184,3.580347981998727,3.957704982738737
3.248515407057613,-0.9413345837600149,4.657965544396176
1.493602681838603,-3.519773721578186,2.604401686435227
2.168732450265763,-1.79474218513768,3.217770951559836
1.254560146261146,-1.68816542126034,2.880457724229166
-0.09479904621937152,-0.3149352156422847,1.417952198607799
0.884215878689651,-1.386668220467458,1.89678989899945
-2.502575171997443,0.5121379313031911,-2.07858690741474
2.164485455586688,-0.9306178219928167,3.608536790746115
3.676112263363054,-0.4499864770317377,4.839942008248162
-0.8902614768973818,-0.8912409514428195,0.03552760984112124
3.696961223211228,-1.638342670305122,4.96481997235194
0.9716417833994928,0.2357757631645114,3.053977406449893
3.858189647198998,-3.6392059067743,5.203098798993402
3.842907168156746,-1.195602941133523,3.814003864080663
2.435866436885957,-2.387036388704853,3.081867853092375
1.706503839325177,-1.343364133098036,2.405715442109437
-2.48275523148099,-2.582280997873677,0.08452655353194727
-2.61171337044123,3.285631424190422,-0.9411495789421506
-0.341163390909597,-1.479171940414177,1.022373982015794
2.504861309314874,0.2932055689863606,4.802257271300835
1.375590629321264,-1.743287669737672,2.345588021764859
-2.447612901309484,-2.859492257548099,-0.6124752039257949
-1.286896190880985,-0.7276019614222022,-0.8919888254173546
1.132034230356231,-0.892414952304966,2.971772577560155
-0.9351584147024079,-2.409987679023888,1.395915327621154
-0.8440331401331269,0.4148336484375923,-0.09765582444792945
-2.90543124344268,2.047152015806296,-1.888367611139164
3.330230094206814,0.5516043138656483,4.104578662127035
-1.526161484369759,3.769590470904673,0.2465052283062872
-3.011597884577971,-2.472383206443944,-1.127626177777832
2.151288961166457,2.475758624354526,2.726273240688698
-1.011219271777078,-3.241258678622954,0.8826389068579168
1.109734507033759,-1.252270606023344,1.527335056604685
2.819417333106124,-3.484404394581706,4.205349626921035
0.279954128135202,-2.656033611237935,0.3979135374665982
3.574378330728599,3.78469632467692,5.248101039939895
0.6893709823586471,1.548311447984974,1.496250118166488
3.039123625072984,3.223137296829365,4.371067581400547
-3.058393934956049,-1.342304206062384,-1.304610050823284
2.334281906208481,-1.804590200655976,3.483852191359338
-0.6024817414569172,3.864240138405079,1.093215872923665
-0.2048584934647719,0.6032306175732582,0.1173429331001377
-2.201738965543425,-2.822215618056297,0.3771034538362334
3.242740850327153,2.151475622073147,4.760772423691511
-2.938316388597599,3.45126627168859,-2.056616388872623
3.167487720782769,-1.371823721901983,5.323571189331703
3.040906207303676,-2.927345583748364,3.83461176254025
-2.012810711082564,3.040652286110041,0.8850229255554145
0.2135870928782273,-0.7061410926188758,1.700640611959383
-1.594184716618201,-2.261376010064595,0.3817683043934846
-2.581004730271394,-0.389205969639451,-1.334837544757092
0.001941012939525422,-3.314773030742246,0.3844366216379311
1.872889185386574,-3.277584297949094,2.615963429700292
-2.874633149107088,3.119950304857701,-2.116045800815308
-1.001033005234038,-2.961595507268085,1.38634977722639
-0.8607716109250454,-2.639997638916332,1.564177627555637
-3.043372262067027,3.862416989452718,-1.932581035538109
-3.319556466076238,1.952333708270757,-2.719318328716378
-0.3972348761636599,-2.16062560645045,0.7357344823348887
3.039769225332322,0.1695444629883607,4.624944132414536
-3.62407937023113,-0.9393906101764493,-2.738883720273192
0.9077615349533392,-0.5990764922310863,2.333350504471515
-1.611794096586028,-1.374919300628383,-1.025185199321669
-1.577690711723886,-0.1947539669175091,-2.658248320966066
3.979634433390029,3.363328126093088,5.453691486475635
0.3136096035079339,3.107169364356501,1.106599488512417
-2.705083357043671,1.039840546274931,-1.873080561024803
2.515916013525797,-1.89941688661421,3.668239044825796
0.4807477465366574,0.1440591451787485,1.752178729874674
-3.141791777051278,3.778524485500415,-2.55477160188465
-1.039591677137583,0.5427453936793816,-0.9911431958898613
-3.814917903379583,0.1587242809282614,-2.33834123257095
-0.4540640654506536,3.019389701543987,-0.1593581187662039
-3.45902807425748,3.059194638096416,-3.297560497652159
-2.459203995092678,2.746127511377574,-1.437513053550003
2.113406678954802,0.8265679749579649,4.100619324675592
-1.135588065374566,-0.3639077905853005,-0.2819110815317763
1.364530169277613,-0.9890823320881168,3.365578617395595
-3.482161962160688,1.64742700033506,-1.977182333054283
1.684099830286537,-1.723522710230165,2.279945876172714
-2.27233024476504,3.192271435829919,-0.9722445858016007
-1.19917165846842,-3.417264542656309,0.7815380531849152
2.933254302913466,-2.106568327836031,3.559995554450095
-0.8565997241411658,0.519893695740949,-1.454005165028362
-0.2239230187573682,-2.247220956518573,1.063435252788653
-2.10110191801229,0.03571339634573434,-1.978202696673091
-2.968652537477102,3.202927297247756,-1.732114260025643
-1.897718320003686,-2.808621811617829,0.8498333118186823
-2.536366268298046,-2.435170037603266,-1.311634811523928
3.303734093471169,-0.5583592613975021,3.849411418364219
2.042002352583611,2.601099939182757,0.9781842362565232
-3.274110160736456,0.9403953358811936,-2.266904578628702
2.570849246072729,-2.16368542069489,3.657163835047619
3.466305466296312,0.2815158581490662,4.59289948489677
0.1406919209587114,3.952853445419906,1.211737504023801
-2.550314006060228,3.440891278293425,-1.22464934738653
-1.98437618376756,0.4831340031930775,-0.745581629958415
-3.38715662956412,-1.122829856314763,-2.15363325733052
-2.024905391773555,2.211136067393904,0.3474108973590545
3.914790193699582,-2.789349147405572,5.993529957191979
-3.511303358663904,1.290874980550438,-1.918598854124457
3.827914568880226,3.706113067159626,6.230674818675551
2.901463214285974,1.836662184304066,3.543384150625352
0.6343355684039942,-3.875011821844966,0.9804265311799992
3.468007039762556,0.557032358377942,3.237630663525919
-0.2463063576591651,-3.841323990185275,1.232009932791412
-2.606212062217608,-1.249229651018736,-1.734690700355901
3.7017698970248,1.109185008153685,4.866752029687791
1.615592309907593,-0.9465958438516919,3.660132166177561
1.91324787278388,-2.333963118552369,3.212118647085156
-1.7459964305838,0.2952587120077474,-1.343571722643712
-2.621588673907248,3.039570282091104,-1.439363942107816
-2.015562194663362,-0.1237731991575455,-1.369494984454641
3.467213902377283,-1.062070327150344,4.781636170620975
0.5980600525969324,1.496225765219503,1.188369515904522
-0.5185905157015522,-1.938121080760942,0.5265544232047688
0.1727813782488781,2.395771700444775,1.816098538832159
-0.716284765252718,1.504508018631838,-0.5318610523698738
-1.978791164005756,-0.881049562774022,-2.176199065977956
3.534020871611213,-3.46108581998255,4.956298752581812
3.314505955137936,-3.581120997926889,4.425057215452973
2.492762391035967,-0.9820613309148918,3.959155943211516
1.609486140756806,-2.152442627889271,1.067086049723481
-2.581795959582681,-3.282692034741943,-1.110590125390859
-3.937515422967476,-1.010075551441412,-2.39584874167529
-3.666150963044437,-1.741000154707734,-2.369863681435439
3.001958177390746,1.604175812966422,3.968856475685984
-0.6485765300640205,-3.828228867366142,1.358073356130055
-3.609178662734615,3.941350595579068,-2.62523954327845
-0.4833490533126188,0.7479068213488667,0.8671144897836435
1.917056363783137,0.9038286383749394,3.840612868639742
2.015266209797023,0.4859930705285143,3.38717448733639
-0.04748628806209876,-0.372622175708238,1.343741858649238
3.105202937885843,3.878560602336062,3.774012298955517
-0.9425979572137777,-2.347800795485664,1.221208842621228
3.410607447670451,-1.701252324613998,4.219074385677933
1.749101457270889,-2.111770783543711,2.088246113314138
0.7630114185259718,-1.464007449994785,2.252117545874331
-3.659336973736883,-3.82794625513434,-2.556124165633108
-1.58733325804813,-0.2937749781261711,-1.992231211098223
-0.4781536894490337,-0.4728995650066068,0.5717707433817993
0.0250816669124454,-2.95304518883612,0.8117843912846667
1.204049240696387,2.1573746407395,1.926977706027279
-0.4718726934787538,-0.282345923044649,0.4691325206027311
-3.003874791534067,-3.738818273249222,-2.354521647033125
-2.032353671421154,-0.5501284940157971,-2.260045830828858
-3.116207654136328,-1.144589128282314,-2.096298059416135
-0.2288309180126182,0.3026122294123095,1.01628801233596
1.867748556652142,0.2015715701651777,4.695897979913014
-2.591959547872582,-1.534209418203093,-1.149660193171813
-0.5057969122558585,0.3463826496044993,0.1312982412255176
-0.6277622037732948,-0.8506485046689942,0.7371915043981319
3.291603605846058,1.344711091642265,4.968271068333773
3.41634788619644,-2.620467050886432,5.396775237616914
1.362126779403961,-0.1775071944396363,4.897046433837666
-1.438602130780096,-3.588248153679809,0.03884819138277351
3.108583227304696,-3.947285117073545,4.228590377775366
2.609266695390017,-1.041974764508826,3.586027509133443
2.826239580190031,-3.730176567483883,3.60337142838693
-3.639187802275572,-0.8057117316621127,-2.669874072690216
0.911212749595097,1.213161193080305,2.327866995483601
-1.697510583733337,1.10685643897158,-0.6069183841627972
-0.7650632304867031,-2.628609014972192,1.369144808545764
-2.986431972508897,-2.032620510997027,-1.451291759764818
3.140230736323298,-1.76772821295029,3.980770649061327
0.4280819269668941,-2.895472534359592,1.799303945988744
3.876323046647909,3.161843990151795,6.245688988983448
-2.654188793097656,-2.259222640356901,-0.9839026325620956
3.044483723706598,-1.644858925183999,4.619695315327229
-3.196094558283176,0.7845886037405601,-1.792127160007018
-2.81293961283372,-3.414952575051082,-1.081154074369736
1.07258243729792,3.77324040124876,1.99048031406666
-2.489191798343612,2.839570518777225,0.1064577128886688
1.039847735193885,2.909455097311473,0.9201752601590614
-1.347740296824821,-1.208375384068596,-0.3718524509945367
0.5668243018950205,-2.214766325988137,0.9461416208148805
-1.566571427177877,-3.002579553586084,1.963387663942664
2.753499839933533,-0.2130521791572777,5.07976917482137
-2.852187153798411,3.285057621799666,-2.497940578724204
-2.25939519200919,-3.645833785200518,-0.09199842026152269
-0.07176939530453286,1.215049419018453,0.1771754317977819
0.3622556246758357,1.334019561578472,1.043550296811189
-0.6388883975501312,2.654567416661393,2.105064370752929
0.9095653318097705,-2.379993880406727,1.298773547601443
3.117462093299981,-3.367862928294727,4.14721501529897
-1.09654205040119,0.8995559354826854,-0.9336532539572648
3.773922363263365,-1.165415896186826,4.627112296345063
-2.383109926353034,1.293183451650976,-1.458142148763461
2.54142137957139,-1.548050720972818,3.315793605256611
0.09605245647932215,1.756577646332187,1.216835142907337
0.527073957132683,3.080207969558031,1.849779000238267
-2.474642762944915,2.717048019454449,-0.1463578926095134
-3.365639118095062,-1.35183475510725,-1.66745344542566
2.930385218602241,0.2552416142322969,3.151760496032741
3.424611791155731,0.9798817528515906,4.318681559365674
2.351840514860033,-2.124562784046349,3.113724127819604
-0.0793495083949356,-0.1754863662516639,0.6470042821153733
-1.642782403162435,-0.3071240736845633,-1.838809198027311
1.234408920667935,3.444537475586503,1.403204440053048
0.3034278795882264,-3.205615159007986,1.376213597885474
-0.9322042893750977,-1.550136612241281,0.04917997475995012
-1.935177794228752,-0.4712018991962514,-2.235700675555221
-1.47164025256959,2.292528852529695,0.2303769881814006
-0.4586815229914176,3.030863400883502,1.70596795837931
-1.581415411030641,3.850558965695999,1.100845291379885
-2.998028522336938,0.9937425537719875,-1.541410009094115
-3.005950400948326,-2.202188575981687,-1.179252733852854
2.426638098359141,0.406082723491088,4.440023506530064
-1.040241414671519,-3.511139171534115,0.6114030324269669
2.975378397942795,1.235255754787867,3.861079725101503
-3.680205133318276,-1.094196336548437,-2.22138184085796
0.02967545757657764,-3.667458093930453,1.513144168523326
-3.306355011281919,1.153263057392475,-2.327159505802372
3.13001687118985,-1.277579244433536,3.945949234305363
-3.676641956782731,-0.1719918448958548,-1.442553969522518
2.203974794893265,2.190085827164093,1.786655482755607
2.400622185003762,2.202363263368455,2.997279430693721
1.740098282888653,-3.384310272819221,1.646367422396684
1.403877438294335,3.625179203766445,1.828448076909355
-0.01970743308684231,-1.845437615065689,1.0542108270429
2.973447335368486,2.112091533221309,3.246776042755748
0.4249987807297124,-3.88780449279812,1.406752876982333
-0.6428271520207751,-0.7769077385684255,0.3863513214584026
1.893730983476528,3.644783766842101,1.160891702042557
-0.0334062082495743,-0.4332238794432053,0.3358418042227305
0.7022874883992447,0.651668993455826,2.100988605429973
1.308502955669619,-2.265030177060676,1.610739329947222
-0.6154114160936919,2.553590015871753,1.174120155217495
0.5368530874459445,-0.7409847463589463,2.20795233637381
-2.754452040823129,-2.512831999819227,-0.4530196243662939
-3.4245906690685,3.253302352367926,-2.656123136456162
0.4821147191999966,1.748828524724999,1.152733236275493
1.548108288756914,0.8163259552482858,3.201260593786094
-3.112935088148089,-0.4585025894755725,-1.694509121342873
-1.522888921096649,-3.971141968381772,-0.3290838849329403
0.06350604467351673,3.408668621674238,0.4592640020977223
3.693388061759545,-3.024581632843474,5.362146699134878
2.273489308022768,-3.804978884122177,2.930170341798366
-2.854725655798289,-2.845435801795203,-2.43600008669167
-1.734229889398734,-3.795470261944865,0.7042599201302489
-2.334168671468738,-3.40449467901823,-1.05325484082429
1.606258341172047,2.892122990761322,1.473259526601268
0.2610833671749822,-3.478600937247519,0.6192381135457659
-2.142305654422546,-3.220362487960266,0.4617150141130178
3.852646286794347,-0.0702084898451476,5.382227368737896
-2.635934729516015,0.522424317819671,-1.887667737124753
-1.977111186973778,0.9518972976755657,-0.9162079538000396
-0.2976397631065151,0.9319946926899183,0.1609923939714277
2.476913417589702,-0.03025849153097671,4.415592053505012
-2.708512660053816,-0.3435943707651337,-2.102259610282674
0.5524369981461552,-2.342125650816945,2.25356485619527
2.778090445329557,1.452072853958317,4.506011800669403
-3.008159346999894,2.186341867946416,-2.504165999540081
2.03136017798574,0.7077228427539781,4.605269953653573
0.1269670420676512,-0.02649946858495156,0.1623458394265529
-3.228598423694161,-3.644043820131675,-2.545098607002477
2.434536238116802,-0.6988435192521472,4.018762431858382
0.5536601481934849,1.116873438995093,1.622905711706377
3.048512919849337,1.381207153161109,4.29864768504685
-0.4041492358238123,0.2148336798524904,0.3419030979814054
-2.122344180725984,2.94755274672471,-0.0291287871125156
0.8441154035364873,-3.472099225296689,0.2721267375573933
2.014969681019435,3.942443635169687,2.421291056684847
3.404843851262766,1.39896306162853,4.820977713338706
1.049938263097676,3.93364764674624,2.845524077695727
2.390075918805358,-1.128825197571189,3.450591472570528
2.940305869465578,3.520873271355661,3.357860445059227
-0.4591308728791592,-1.005421753037526,0.1867551212446507
0.2897298600315441,-2.772510527506192,1.625106474115736
2.616276092171919,-2.329089688319309,2.94787929023152
1.938870804015287,-1.158796606988846,2.503283267111689
-1.828839134949762,2.693974874714453,1.053420014406534
3.836741874418437,-1.219031482431506,4.312101807290598
3.417562934180468,-2.489850960200879,4.965067417188007
-0.7895123114865754,-1.122470394134284,-0.7837095579634493
0.9306637511715561,-1.162506456659075,1.461828954893019
-1.987303659802005,1.183994390929072,-0.8705475617320904
-0.2488678952286341,1.585673289266589,0.729099205715959
0.3608888019928749,-0.7480627473040711,2.10334453913817
0.01413206618204477,2.61066620161438,1.07787986850738
1.803894221387944,-1.309441773006341,3.595677740055643
-0.1266784994703309,-3.750200256564318,1.665577950396891
3.068235842906803,3.753303058939298,3.85713764798964
2.016090959985477,3.097258297810545,1.755169870015981
-2.645111845750797,-1.165130481110728,-2.561544620923779
-2.880949132808434,-3.578642895973219,-1.007345732478771
-0.9646239924728279,0.3291945527781683,-0.7801736404724148
2.41650815923586,2.958164763898537,2.753776841433909
-2.055395418126612,2.963328347792324,-0.03917532073252755
3.245938858620411,0.906589425163701,4.088777961969875
2.277311255904268,3.649280881079862,2.256120200219584
0.1650110373691138,-3.039791733639802,0.6258453386610644
-2.481153735768043,0.7565470630338442,-2.199654053866095
1.464366350652655,-0.872592120807874,3.567676704718687
-1.53956783218626,2.164334688324518,-0.6108625792884961
1.659707780722265,2.920305501834967,1.978868352486104
1.10389536026653,1.356933933271624,2.488912319347309
-0.1081814803797796,-0.8892209272743772,1.659413618207739
0.9651973691429543,0.8130102520531892,2.297567452782673
-2.232676983028797,-1.113660263652281,-1.676504084786631
-3.28614620588386,1.345483499846826,-1.914755563080772
-2.845262535093867,-0.02845735598460841,-2.010381670805838
3.86740525973205,3.229424192239308,5.850823984702786
1.898369967327141,2.54136204722928,2.561431559154096
1.570480411997709,3.746196380294577,2.506222686440837
-2.584384420221002,1.096191192646771,-1.585609623191014
-0.7893261329617447,-1.043155305269122,0.7020224538447938
3.693056049127773,2.57496449024428,5.540561743664036
-1.6133256379317,0.4496483919319552,-1.379352110098295
1.5223701629417,0.566869145588953,4.085454738504652
-1.008508134049983,-3.452933444238071,1.716988850311968
1.725669543837284,1.855948215871515,2.965246409869356
-0.9664379681886928,-3.482187405561317,1.507331761383388
-3.517847443816621,1.722751888603478,-3.325647081621862
1.782211937028727,3.091704820307754,2.327273479080697
-0.9959018181184494,0.7701094802610244,-0.1297082122897793
1.344444164215166,1.941848231987861,1.762912252059562
3.656012678410674,-1.063204188122557,4.282335143867783
0.919994533340498,2.918979925578098,1.342675922977475
2.994189386229471,-2.436595152669711,3.541695521625094
-2.059160943911409,-1.086241942650124,-0.7158103001350434
-1.895575476507283,-2.155013197806804,-0.5944825417299354
3.266842824015199,0.8150179907549591,4.45988170001583
2.260123541923106,0.3946126505595045,5.106666976610407
-3.59025353327777,-0.433200535511638,-2.473539450987096
-2.254871191540977,-1.812868066634943,-1.403086037314944
2.36433247865239,-0.493311206292157,4.520324234073003
0.7909703328885369,-2.02188894120043,1.880132826173174
-3.949871404631204,-2.182322174826647,-3.199314595153504
-3.176649096536772,3.457518438403786,-2.473763839802174
3.324819312493451,0.02362088949303143,3.894236888540727
2.844318953631237,-1.679803653096884,4.089723225406775
2.772475964012739,-1.95475784579699,3.986971396080685
0.3927086293374451,-1.427460531712029,1.247468339486941
-1.676883642880743,0.8445920527696309,-1.202659248563718
-1.886345968395033,1.539619342383512,-1.141999114349534
3.894577149283004,3.146558804072648,6.269871086526091
-2.963357430047297,-3.8693035474947,-2.294237763181846
0.1307576569620181,3.056389311062938,1.496975643896662
1.667700263921486,2.890399740015466,2.032824368663258
1.233855536722782,-0.8792228061172604,2.940790262794571
-1.272402416225385,1.688711224274241,-0.1585803192775243
2.171783291863165,2.592979137185248,3.00510303306825
-2.431724603685266,-1.530519873812657,-1.392173837714272
-3.803754611133521,-2.325653155722319,-3.55374578892551
-0.5814852938325901,2.397834233068079,1.448346240895877
3.466425300571004,2.413745763696924,4.326615445528628
1.062778703111061,0.5260742202040554,3.470619769591178
-2.581959731216697,1.782842307532022,-1.757465183009535
-1.535122333362821,1.25477237627813,-0.5777654394211433
0.3384925653049731,-0.09352650372569826,1.268766759029311
1.722110218396941,-2.883959228394787,1.980561201964693
-0.1386391934020494,-3.141262401963631,0.7600647234450494
-0.7470758773104045,0.08121035508062047,-1.007370464647767
2.527012152579185,-1.977575697177418,3.013798883034352
1.229701531402097,2.809796005856666,2.697077781263786
-2.353366610215206,-3.407908446979188,0.09108844979146152
1.482621498630231,-2.756588182374527,1.270480083474065
-2.905729099995948,-1.739535444318522,-1.945407639896543
1.005634441527453,0.03022515370053735,4.060420641017406
-1.812831252282811,-3.652315356807318,0.8786447215835728
1.977634776095733,-1.483158008425534,3.493058173297849
-2.300606340959678,0.524395168304995,-1.641950238012649
-0.4047810466474786,-3.312956424632411,1.144220321978552
-2.308125454895585,3.355075114116636,0.1401447011289885
2.344548208837119,-2.909392656002924,2.823171631472722
-1.843592384660846,-1.79794564688267,-0.416696458242152
0.08962265093993693,3.002954215205887,1.277242688972102
0.2725774695517789,-3.411279805456366,1.310026525730579
3.504394235030946,-2.987406951280169,5.403789328457276
-0.4009044870013883,1.464409052592453,0.1693465879665731
1.073043098488813,-1.536665280924726,2.744363556499432
0.5070366221951081,0.7784453309090775,1.266627078345949
-3.478938760169111,2.990840455440015,-2.014690887821935
-0.834282150356815,-0.5230199305975765,0.05403273746574655
-0.251903228355542,2.572226925906226,0.01575734381858851
-0.9018552424118429,3.574730844059812,0.4318928655085955
0.1268503303403818,1.890250228257877,1.611141413557293
2.13411021338058,-3.25604807144623,3.073049397651132
0.4769221527853995,-2.783771754390279,1.780016351056356
-1.345996405606199,-0.03642403131835259,-0.6513668402088238
-1.577214299246081,3.947239721203086,-0.3159009114765351
-1.487882578248308,-1.347968569057721,-0.8035142959116024
0.5021956660600111,-2.059649399177452,1.06623445245971
3.669700829489209,3.808682214281924,5.634297431524129
0.7928440352935153,2.683656996821999,2.25289940226993
-0.8192773834398546,-0.6800118937902226,0.276792946484767
-1.190890074938255,3.124226671126381,1.615430239732771
2.332724898570623,-3.828090492280632,2.664651898053817
-2.61789229874793,-0.1924077918379137,-2.084431692966455
0.3094376960721537,-0.2833781916385112,1.406390845234565
-1.112960838675986,-3.43336540662713,1.216158350181325
-2.436971375665438,3.472850802989751,-0.5496288667922885
1.283588979116945,-0.9716892022103938,2.628085720594154
-1.646397308284732,-3.469323911318155,0.1392581533284822
-2.761732478760483,2.891146884024381,-0.6617670627831213
-0.8367609200617165,0.6366738593994858,-0.7024103773077286
-2.390870719996752,2.25843900982788,-0.5468273289841268
-2.85713813928658,-1.921205299328603,-0.8500569408861564
-3.848981430058207,-3.710443796951153,-3.032565831368386
-2.392609795727226,0.7293783913271117,-2.392211029311157
2.347398763787836,-2.512553578746695,3.488913897499398
-2.207493061082568,-2.61632159455946,-0.8354108494322015
0.6166030023228384,3.831291067723356,0.5232827487969055
0.2025966032456461,-3.860583641936487,1.759863054652051
1.819382142922158,-2.042264891527606,2.500034613531914
-3.613009237780826,2.119472042899005,-2.651851840572755
-3.338072833824754,-2.88162820889349,-2.52650983765386
3.648873696156461,2.706613057329693,4.65499174053599
-1.220195193200794,-0.838802806264705,-0.8548882821900807
-2.340413999056643,0.6658151162189734,-1.791376132693553
-0.7735004026157126,-2.965510045785672,0.7436514962838779
-2.083571924768379,2.618970622892988,0.3166063894249529
-2.478164516082266,-2.550101585684458,-0.8797518780193947
-3.121801338122812,1.789906679145654,-2.346000742949077
2.574267124760614,0.3630538129207261,4.224505786068862
-3.127395916815447,-2.053431856335986,-2.284078181114297
-1.683162722760479,-2.03514033703962,-0.2184852548377291
-1.240031377050502,-1.389856472070868,-0.02712414638602073
1.353534350609721,-3.26935366476344,1.209776971289416
-2.766761237091901,2.301223612896755,-0.7905433383931513
-2.425995917859851,0.4439068108988788,-2.065845642341237
0.2697953127215209,0.2243230098181446,1.808431169471099
3.466286079874534,-1.513856260899862,4.576167211321402
-3.623276465762785,-3.223813721716859,-2.884417107186903
3.527051914683788,0.1392289540753007,4.021451257370455
-1.723451148212875,-0.7610566114222568,-0.7847319295471378
-2.107170605716965,1.337704790542197,-0.8083070457667187
-2.952296916279183,0.8364503689831748,-2.416461194717616
2.00401071302947,-1.844855730540052,2.668280309969882
3.800488844900412,-1.304002006516051,5.512152046859317
3.901145852787221,-1.159861175898681,3.219461965573529
-0.3139457180010261,2.160524067451965,1.276674644526005
1.573058686707178,-3.367898055158519,2.740427189389789
-1.534756985573902,-0.5247082953957705,-0.5480870614988893
-1.058147747733794,-0.04133049325284954,-1.048189812443989
-3.024072271374393,1.89349734254139,-1.335563688315713
-2.197829053476148,0.1709630564738127,-1.266189930598118
1.647309278150708,-2.720657083361368,1.189579942298159
1.162640828656983,1.958642828108486,0.406276733305579
-2.660168371339528,0.7048241481690463,-2.382903425647851
0.4539471368455139,3.72805700657327,0.6947711875665507
2.519169585417715,-0.7954223956866375,4.892085835204986
1.47662009084631,-0.7359327776255222,3.65017620348946
-2.205507434279191,-2.118968290435935,-0.9059573822452838
-2.431634576737614,-0.2975894000116543,-2.47339170426364
0.04346403850926084,-3.717647570090901,1.346585731673268
-3.851778155498304,-1.394919696572336,-3.556177619407848
-0.6797790294904296,-1.331952447442649,0.8333609378920803
-3.617819817174145,-3.855847295302338,-2.835440963276918
-0.7257533876867512,-2.071189818236517,1.469584472032725
-1.217231879943479,2.549505098375882,0.8113256753077334
-3.938109314135938,1.597358333634499,-2.916900236600675
1.942566255609883,-3.392986448037264,2.760203854808498
0.356541206638239,-2.778353094113024,0.2429553736741904
-2.482203610061333,-2.045005378986496,-0.6080257795017078
0.4307031524355569,-3.99255970614529,1.723462514890262
-0.586215219240418,-1.480414060621288,-0.03705793143286462
1.762112903828637,1.492044618703262,2.683556720834348
2.271902506104525,3.429536529393094,3.039233415909549
-0.05095950741120348,-3.864828869030168,1.557965180358984
3.361230339402687,-3.377970534160013,4.463397577799418
3.341642832589351,2.323747259804757,4.346374103706223
-2.455963811691558,-1.038547377844048,-2.702210922925078
0.5631185376402374,-0.6462656104709623,2.9191171418209
2.196001393233675,-3.691052777865696,2.233467225771616
0.3984395616936398,-2.98378661378773,1.539951942464682
-0.6351976930563117,2.103348101187088,1.498522478852696
2.627091780275747,-2.892024376087243,3.445917756041399
1.635377644418184,-3.425989277989768,1.693306835960904
2.705851150736486,-0.9671664254111327,4.150898069654194
-2.461703934818336,0.8901455177183539,-1.357388286324097
-3.733046549572771,2.73508660991414,-3.696892274938783
3.437289476916022,3.823278383455894,4.216970477341562
-0.9915604946696792,-1.998907372506434,0.2532754984729197
3.470356363772508,3.34783308266271,4.834022824081152
3.370074638851882,3.347634549950225,4.26590774611632
1.117888524892653,-3.972975324245222,1.285834271344549
1.919555201098672,3.563781081248959,2.410592425546933
-2.384300354824863,-1.993577158385045,-1.896436618882411
-1.824586541607519,2.183354509905676,-0.5534357981208916
0.8868610179257495,-3.655140142081245,1.987322284711709
0.2792481053217806,-1.372044175327529,1.126788116959138
2.13279652158159,0.8647787669268761,3.374577502566035
-1.275432204529848,-2.654121604329785,1.110896838476672
-3.404460595416834,1.72236746283417,-2.793627356924818
0.9974607204292756,-1.634520078878928,2.153736377682594
2.861275056813685,-3.327405531439326,4.36064977722811
2.886921833065221,-2.476798291701598,3.791569206527686
1.57746041883478,-1.790661501602818,2.387783111403088
-3.05709456296514,-1.496542619974845,-2.484303949426048
2.064232566863567,1.469259730643728,2.297892865100615
1.829315057042251,-1.725233713358274,2.736364395823691
2.53485005290325,-3.372063847781273,3.130320825812418
-2.531326465767321,3.441811759044317,-0.692093897695239
0.3262363528405769,2.021653058994897,0.6058868159589678
0.8411893192390938,-2.084522432559668,1.272936423937734
-1.606289829510632,1.683088995077764,-0.5718458540960207
-0.2253737726811886,1.957862574098864,1.010145703055435
2.931629657696237,-0.3074776642144634,4.545284786630922
2.632841203615411,0.4494260514539441,3.751864808824532
3.846694077040064,-0.05408260616956984,5.060081171157184
3.91085136351975,0.4735965091602354,2.810716640502676
2.207207809297504,2.656076510445407,2.736487667553689
2.990704916616828,-0.9348546954839643,4.131795503906102
-3.031618030457257,-3.857145463927501,-2.058492481494817
3.391304264045631,-2.452743568001934,4.689284020197656
2.765981416072567,-0.1823907358308094,3.806950106769867
-0.4673735255149705,3.592445992652618,1.962330851013442
0.2393494580608992,-3.49880656861937,1.037839767671867
2.423836136088406,-3.384205516013759,3.296404116019618
0.3445229163772439,2.412496928340339,1.576410539039535
-0.2462786840286091,3.131994746940983,0.7923697306491467
-3.173230778866244,-1.408852294887287,-2.027353163801767
3.167246693748126,2.619197495911111,3.65126297085014
0.2500269802495092,-1.512058789186958,2.053611265699446
-2.896699426124006,2.752833216764376,-2.322955606335269
-2.106184753479633,1.685817042882342,-0.3600261638229891
-0.743694997697574,0.8657730899025387,0.01694531363684745
-2.70584973937159,0.5765091800087605,-3.176880254625234
2.736459580585022,-0.6419610737940191,4.096519480821403
0.2703029213282919,-2.260922762000845,0.7787222691729486
3.383637850423153,2.052649840212143,4.368709161288181
-2.73858250669455,3.778980252744238,-1.604305347783404
3.201737071059758,1.00891951261432,4.087285847420966
3.324550964041625,3.047567349119249,4.135331204409087
2.201611115843835,2.896107445838071,1.891944098096658
-3.58559860196311,-2.292538844832312,-1.998667550171529
1.755078521523871,2.367283443233046,2.036081905608695
-2.708814572888189,-0.2917181742900761,-2.572458743443806
-1.346363994527463,3.035342155421231,1.371234226812073
-0.6169278896387249,1.784435046003462,0.003087863779423383
1.373899911493733,-1.480228305610869,2.456612260230528
3.932346423219289,2.629358856234889,5.635621038963362
-1.763969289937226,-0.8820499930233172,-1.247175521541217
-2.66395710314181,3.416526542985207,-1.241046185626344
-2.518427608180421,3.856854240623252,-1.300369959492517
-1.301730540149741,1.040064247637312,-0.7935053269556911
-1.229139795029823,1.665666521909312,0.05220766511298464
1.790968443651646,3.354390192604635,1.596497686599003
-0.02580732392055918,-1.738037176210971,1.051616376619763
1.491363875972127,-3.792797498172102,1.327910539450256
0.9673035568570638,-3.680280040807012,1.502667941254455
2.998946008522411,2.954323321270131,3.896474116384918
1.924887396104622,0.6381301196758384,3.526517217986281
-3.896964820598832,-2.573770597853264,-2.849560059007719
3.16415952114148,-3.808739899806018,4.84394857334115
-1.610929877284941,-3.579461943991876,0.4825605294107361
0.3539453253220479,1.064710424228443,1.201194027047194
-3.229481536814947,-3.375116817474797,-2.613705308440796
-1.726210270254943,0.8368958967499784,-1.573014837317711
-0.8367478373222532,-2.083629896879554,0.312439260566368
-3.53241120109695,2.314606130110554,-2.295794635425885
3.445730354710992,-1.45983283464224,4.551156939928163
3.574234534283515,-2.563591562484905,5.286465795767204
-0.177586700986895,0.3816093026656509,0.576959356991291
3.840759110509275,-1.909997730257474,5.386948652285392
2.861781669143887,-1.980549395940529,3.518282044564475
-2.272302961957956,-3.433382224150751,-0.284146213319434
-2.09194421917623,-3.525350025224333,-0.06172221883734239
3.125019995387746,-3.995903753699324,4.515796130505414
2.822894060699434,0.6528052932832376,3.189543180126283
-3.010932716038421,-1.001336661552886,-1.898510265301867
0.2612363355714971,1.278972730303742,1.632081768783987
-0.767982039298774,-2.566037037649143,0.3719921922498902
-2.251400681483592,-0.1204799917439319,-2.355473267760895
0.5758283114002065,3.411195465710281,1.03757098540978
-2.971306049568804,-1.710894923283914,-2.543046968506985
-0.1410961274311999,2.06971374459952,0.743709597001057
-1.072039412267573,-0.4162649374951002,-1.054254212757902
3.904443648737531,-3.907359066580036,5.785832823427034
-3.323533197225339,-2.271973294669294,-2.353127494397693
1.357798557924009,-2.280914793611919,1.209664978018603
-1.048765107687253,1.265241534727847,-1.252613377912632
-0.005693189567606893,-1.34691173706525,1.332873514820078
3.355878020677227,-0.3691605020801809,3.835394712459089
-3.601457714048347,2.393000512885294,-2.835598089028767
3.321464049226423,-2.373471823110905,3.718079716063895
0.2906872250483872,-3.453531816942374,1.167170929360618
-1.553363051253029,3.965799516216912,0.7668092354804663
-0.5999881652287229,-0.8906452952633899,-0.1926046037659771
-2.201201577782005,-2.657285714408308,-0.1236947598144784
-3.353262893151196,-3.997842749675482,-3.152660600002218
2.464964348858186,1.017514417150104,4.024517230647162
-3.842337694294854,-3.263700626012402,-4.347576427817991
3.820923782616282,2.381384474706855,6.055355546460707
-2.63311639151038,3.937302969913314,-2.196574865373076
0.8892979495682622,-0.7958437737145863,3.254417531848901
-3.128520656430398,-3.490618274606815,-1.478085938085485
-1.638190822792177,-2.7923184470233,0.4027070245791035
-0.6127926119935365,0.2718612420935989,0.2954158816923465
-0.9531513881988474,-1.637891033664546,-0.4636162476248022
3.043822039160776,0.1190123753553651,5.043725314033439
3.773732797015229,-1.576103833089036,4.717418139801054
-1.609680797321783,1.793365736381461,-0.3961996549469877
-2.893565382223229,3.831831596643205,-1.120297407065766
-1.798075068954172,2.819431174067693,0.01522200062581125
-0.481188452929481,2.250234738995902,1.165313183041576
-1.665801902148591,1.613897954775539,-0.48995657096534
-1.884758339416144,1.004687381305437,-0.6409391090731034
-1.390476922794415,-3.866593280735826,0.4478818493714002
3.558736010356855,-3.205581099406168,4.890664871144008
-3.812389471966096,3.497585698704715,-3.191181284886989
2.797247745434188,-3.354209752623533,3.538926491567935
-2.021556883531382,0.0963360814750196,-1.672968472842211
-3.288891753673068,-0.6941279813095829,-2.120243314370447
3.749250379391057,1.831906094427095,4.45536849124793
0.6437579850011179,-3.006312564640326,1.245409073367655
0.4165472937953965,3.426323143955296,0.5327417941003068
3.207196828813175,1.312644532398071,3.186025309041226
1.392535934177644,1.67029546514599,2.138966004759776
-3.887621823527232,-3.616204180674836,-3.997315846690646
1.420756413384118,0.2762819604745257,4.759206860601016
2.655241185280211,-1.790223599978256,2.664433322974416
0.6255670487885308,-0.3063764187527287,2.637210769927499
1.798339261926165,-3.472624577413632,1.835057111804632
-0.3822076857737189,2.457036321543173,0.6902331809365221
-3.994384481312961,-1.294887674723543,-3.241379095521119
-1.250836919363142,-0.5764341337979921,-0.5312620833953128
1.392239894535803,-0.2023192808275578,3.902477497903265
1.90916203524879,0.1615219824580238,4.823885444683064
-1.636356845040485,2.768907399743289,1.082617562593009
-0.3562307958683899,-2.321129240106251,0.7464949251762085
-1.40649446391042,3.324246328502284,1.714251494492267
3.577253191014694,0.9224512845009345,4.021627941683043
-2.131348412192297,-0.5698404468058991,-1.400465931310049
2.956611451387616,-2.062370720693298,2.958708731197149
-1.91717448863202,-1.50793096120612,-1.801827662696492
-0.7797391541830159,-2.865840356628068,1.936304721390286
-2.102483060060746,-3.351064820263458,0.6568947099951686
-0.05609037114759463,-2.571818064293173,0.7751088427424833
-2.272276443724483,-1.556832743532532,-1.00405305819195
-0.5917479124318774,-0.9614963573422513,0.262463101334498
0.3862371650946841,-3.535235092598659,1.222948737552809
-3.842380262591846,-1.40685672577265,-3.022957629324204
-0.4325699639834379,3.860612091608366,1.200819621978855
-3.810348501710254,2.751757673677387,-3.65689317297984
-2.745514017541589,0.3674048528759588,-2.039984748670028
2.178853254960706,2.127141488899164,3.171097268155632
-2.269933512586726,2.477537709649718,-0.3895950722075983
-3.56328412888291,-1.010132249564803,-1.817337106061866
3.701638430200087,2.074848341844667,4.770713194057933
-0.6669833119001112,-2.280717523519668,1.153545248630107
-0.6761788208597519,-0.5947788210397711,-0.6997050971721788
3.707180561589722,-2.359572826176836,4.488515337236723
2.48669469062877,2.524333113079227,3.360204882485246
-1.74794262872298,2.719516934835786,1.718793562215863
3.770911289481263,-0.2497819434277577,4.26057808209056
-1.251882192281436,-0.2566715290250841,-1.224391048081318
0.4046768928439306,0.744413669974981,1.659827906487735
0.1032315578501386,2.776200285613029,1.265090603168379
-1.359307947325181,3.944876333827873,1.20445604143441
0.171783129910712,-3.344948937438732,1.157211300333584
-2.367904167752164,0.4266910280419021,-1.792064265450584
2.538292806188472,-2.404244159982599,3.997632623273866
3.730673304795443,-3.142189705366547,5.007754272197491
3.771217200937655,-2.473023072076993,5.322417338848229
0.7791565098686259,1.969099065621673,1.646149345363677
-2.382580572724543,-0.7739516609797903,-1.197139028438753
-3.1467245947852,2.867965864237327,-2.88253794923481
0.07942998038017191,1.441244887755046,1.387054144822559
0.1089147927524952,3.464350023385133,0.7027872572605727
0.6686389430894231,-0.416180974950505,2.652694473353408
2.173005363379382,1.183630114756769,2.915028253007584
-0.1514187203590192,-3.414040784276279,0.4283177913623312
3.904816200835282,-3.287273258665544,5.522526603655672
-0.6220282219043503,2.357585805957882,0.9066373091262883
-2.141976406952605,-1.372737952619541,-1.375657551665953
-2.768268996664787,-3.014855126931933,-0.793935733297825
1.09621889726731,-1.816366186662381,2.005758606527576
-3.312387785182207,3.431510419401596,-1.756139241586153
-1.762788980443289,-0.06389368824461261,-1.469882606907627
0.9629223817134891,1.148937674558203,2.935680624969391
-1.032595918292474,0.6401023219557578,0.6833016121017869
2.618993292628228,0.2013774704231786,4.516745744371992
-1.586247851618093,-2.04811908309848,1.035640324378629
-1.400001050074983,-0.1693993563341714,-0.550039379339141
3.03192317815363,0.6490280053938138,3.306075011772897
1.880308495457595,0.8323552340852123,4.146611601569723
-1.42421360076471,3.727936605400464,0.2901950600981332
-3.375450570154484,-0.9230066879587024,-2.181050248485667
-1.480126583881243,-2.135238830993416,0.03327732948028869
-3.656281114772998,-0.6013769568002125,-1.82830634557055
3.912986150514526,1.787359349972231,5.144111613993259
-2.80909370699715,2.927958173610887,-0.9303052195904977
2.338428554957692,3.226131699919924,2.861721697416227
-2.147072158160483,2.609092370858191,-0.357284968555639
-3.815087377670536,-1.541253946176851,-2.510706993070114
-0.453822776888364,-0.9730270920980919,-0.1960796301473507
0.510023670623613,1.302253478047919,2.128020617244047
-1.715724549420946,-3.37995462838153,0.5188759633050515
-3.705533581486534,-0.7098007856345472,-2.223011374895874
3.3939422888726,0.9548814217164123,4.811384983217114
-0.767821224858638,2.557192413556198,1.147317082236719
3.741667846340254,3.918161381830442,4.835545775187351
-2.860075311722396,-2.512170883399829,-1.663711508469068
-2.634720868686935,3.58042773188417,-1.538411152213051
3.016054187793523,0.07683061397320401,4.129664595348199
0.9696898291785594,-0.3330445305851457,3.397327858627138
2.433685164861759,1.215187806456037,4.145599043602384
-1.208647079296099,-2.907857608354894,0.9973191711828401
0.3337082129268847,-3.717007610689964,1.191424409430451
0.3171165746482156,-1.292713160827827,0.7709706251144443
0.4211426117630719,-1.854142806466343,1.190313718409379
-0.1441638630246267,3.066588867671856,1.045508286838508
-3.155968885445378,-3.267823877202902,-2.604418140112013
-2.752530307960412,-2.834692589959126,-1.292284252897099
3.146143528284301,-2.270634519139143,4.064195803429372
1.683314260942275,2.324448290967447,2.250970457047178
0.1885470482442697,2.200631339781944,0.8368018959745209
-2.41788926722654,-2.698050607492719,-0.8171051683901539
-0.7369297607494074,-2.635349710269572,1.059760090006315
1.523804524324754,-0.4381433677776094,4.432623616882696
1.462022117839734,0.4628087622535189,4.188475320782136
0.3338897311911682,-1.630267839970801,0.9244532594287509
3.444201569966754,-3.765010493069701,3.773053757570347
0.9701139431875525,2.658003445354253,1.743546923745094
2.108008655516244,-3.158452219946084,2.716086458152218
2.98053982606788,2.543881625879733,4.060046093798566
2.807272930471996,0.9568378745158936,4.388915949378158
2.893376750945624,2.402760676569996,4.652982841837307
3.615149941015782,0.7454267226115681,4.01309856313053
2.429960330695607,-2.156223037605988,3.456101652374687
3.063847434300431,-0.6726973486890406,3.803815901983672
0.4902335617733238,-3.747958601960907,1.061990278840218
-3.269142436546526,-0.2078943442199188,-1.513263039614154
1.045833834399446,2.470669047615967,1.852854710343488
2.505987817430305,0.2950719552179724,4.859867509504397
1.760690185605871,-3.533639665241706,2.468127155651123
0.4847332237886333,0.2320243240972468,2.636569781667882
1.848237149195764,0.2219492489407076,4.096634262905237
-3.193375887112948,1.42507104099494,-1.940712547051462
2.076641802094379,0.9606300640928245,4.083984161323501
3.139179817587657,1.708435165681743,4.076343409119272
-0.9255805271154669,-0.4125255559347956,0.02846727081363881
-2.413379515747678,0.6387528497310955,-1.988581777938014
-3.671544033299144,0.0666113423511856,-1.662563362595206
3.155798348105297,0.7107048499604867,5.216635446271153
-0.1651871819423354,-2.020418123001643,0.8427227572189859
-3.424489879092145,-2.147874747294941,-2.462605449978879
2.52599421696687,-0.2644099792287218,3.802276017044624
-3.369483181000565,0.2633959001353974,-2.234529114153875
1.574536273772696,-0.5141669433085987,4.002110350606392
0.1526784811748918,-3.278826081054445,2.490399930029129
-2.760538542502848,0.6198972285496325,-1.92314479151061
-1.179513101578544,-0.4908289601313758,-0.9205895667590424
3.776057790139635,-3.082331294047457,5.770788598648109
-3.86523097823122,-2.040763488750879,-2.971875718753076
1.695838118827561,-2.38694435393109,1.887756853862068
-1.6126409470877,0.1768774249759453,-1.699289117355884
-1.059135145717072,1.137611181162482,-1.096351546190181
1.451540032302463,-0.8662553723821471,3.023767069616159
-0.6154395796534171,3.737147330912755,0.9001343476473753
-0.1145183712495852,2.295944838848065,0.4255877435458238
3.998559034433396,-3.015754562878209,5.37119063667105
-3.109118205891483,-2.53640235049421,-2.625809761904272
-3.056846872331317,1.871828945397866,-2.348162896757275
-2.010371339126888,-3.435690230148622,0.54838091531155
-1.329811837611435,2.334699203346797,0.2897600763677856
-1.223750226925816,-0.1126403120466399,-0.4822968621632763
-1.947624462166407,3.993068160986492,-0.6176930487201091
0.6404743779896993,-1.590149890317345,1.318892341714597
-2.488870800339194,-2.777044921515117,-0.9461042786766373
-1.766211500684175,3.087755091716208,-0.1206197938220774
-3.057143556060767,2.970400628218059,-2.591434837866535
3.563571785463655,-2.069519088062725,3.864536844587968
-3.78334073867438,-2.082242796732222,-3.061392452246879
-3.752855130060287,1.091877601377053,-2.684943809778408
0.372089970176491,-1.267551594737357,2.319571912862256
3.710975372096957,3.575966351125991,5.45088772978451
1.044737322246819,1.32202823872916,3.123754454116993
3.89018569663132,0.6397088286579073,3.84654067274132
2.189602138600499,0.5323684788779808,4.221594757645963
-0.8484862838880645,2.628157343565269,0.6630409818772518
1.341968934950805,-3.94730962952394,1.957288273658052
-3.204363156590577,-2.252099577440669,-2.680067517964955
-2.386839745041075,-2.231799295703446,-0.7222052031158994
-3.164508597760979,3.458272068098546,-1.935264544065746
-0.8842027672527344,-0.06455329569116852,-0.5210391892805776
2.14928328674476,-3.780483590644372,2.968100916750116
-3.132526509141287,1.876712631446922,-1.797740054844445
-0.522338817133698,-2.567253332675378,0.8791414235626429
1.992160451654382,-1.46354282670052,2.781489644373887
-3.121758408297748,-3.25346499335736,-2.35629097337256
-0.03061027602822985,-2.830938857617782,0.9646854651185002
-3.07384844160278,0.8793153477312581,-1.230592528893666
0.5588910517910071,-2.496613572895203,1.006232929031549
-2.640952621369194,-1.2497440756058,-1.925553088690799
-3.784036186472682,-2.856345548803366,-2.543215949626039
0.6922493558964158,-1.995758037068366,1.570935450281419
-0.87526900034712,2.050746279671336,1.23621876556043
2.460710339525937,-3.741956066910264,3.265258815496106
1.848596830253202,3.732350240190218,1.728461693066627
-2.967994486527404,-3.187352664016882,-1.466099583841656
2.70529557788827,1.196419241630567,3.098365173540655
-3.29101427023527,3.060149333096398,-2.829204788092766
-1.684203276504479,2.388707570602806,0.2837189152881013
3.82583523444597,-3.706676385035104,6.325304454489942
2.768106033665543,2.068060952083999,2.782312306613883
0.05844793540593241,0.8874669273773108,0.823915904749368
1.661034435954,2.131929106874496,1.779590603622845
-2.426223156341203,1.484733103601686,-1.593555259750684
-3.985082906931409,1.876319265947895,-3.10525966939933
2.268098703451872,0.4150166876643526,3.517375125065469
2.011289320147805,-3.240922247208548,2.292686578747972
1.123675108648492,-3.20129120627995,1.694027119845562
1.921131237141931,3.897004216917147,2.244153419337549
1.496680701565942,-3.785294636435292,2.310603467015809
3.078332462539501,1.552938311016443,3.376789395899558
-2.718297350463059,-2.518874636028811,-1.176726453668721
-3.444089323705523,2.110764902366557,-2.413805156754592
1.658131763346567,-3.250083204707487,2.157805898308217
1.174799392694305,0.09844223631657378,4.041001515636953
2.438800439929032,-2.151736036621655,3.837093834060775
-2.317846165003016,-2.702109554911471,-0.4324055551639441
1.068525996924075,2.68312523676063,2.270767373883298
-2.278608690713694,0.9356045375051902,-1.355020605248208
0.1797982415569974,0.2237968965404855,1.442480402515659
-2.088469309535639,-1.101207676824758,-1.132821407533605
1.190028480448811,-3.298398249230049,0.4165390428899214
0.9771880264467221,-3.066598897796285,1.192788515624107
-3.632621225400457,-2.585925981210099,-3.087380100837552
0.5810888297723,-0.1345220977701365,2.452630930276599
-3.664563324634212,3.336068096322069,-2.234703873933886
-3.39326826833276,-1.662727457023053,-2.132624266451682
0.2510867781943276,1.469152599581225,0.6638259337287724
3.190744417674529,3.821825175942733,3.639207881072494
-3.023360889678402,2.617356172311879,-0.3916765340247785
-2.075003840278607,2.880550146330844,0.4805101448931878
-3.624779899281598,0.8658463515893562,-2.156308209861075
3.370462978939742,-2.273365058877975,3.703548435140841
3.919638765968739,3.875707909265118,5.34465630353533
-0.5818440434119685,-2.508720604993502,0.9916026317179212
2.154515067596326,0.242051279772034,3.435647467509436
-3.13240828348547,2.232908109409151,-1.751559105246352
3.563907892345642,0.8078424512716609,4.444029936740523
-0.2124119654081991,-1.166559810731692,0.3123577102896992
1.675235283814351,3.694125991923021,2.159801525457775
-0.4211984306811623,-0.5203446015837363,-0.2783525865051188
3.639002022505779,3.967083279669509,5.127800649662706
-0.577614331439058,-3.474956515743717,0.1822324633265034
3.686179791373758,1.498563502261441,4.441361851718984
0.8305050088276618,2.378743098765966,1.947754708260357
-2.262101598502252,3.016597348072871,-0.6621009886921694
0.6054131732823338,0.9009209602488051,2.068189868302407
-2.431642448815744,-2.453395109817045,-1.109034615667184
-3.076280144103348,3.153629648190951,-1.517418885583036
2.123851939468815,1.65900112812855,3.719855590495822
3.537684428500949,-3.008809782803689,6.134784106564828
2.784655694208174,-0.7095867914362044,3.297115145730829
-0.3209395519323381,-2.889735160116463,1.742688362989473
-1.327608263219143,2.566020626504296,0.7496800409828321
0.4287658757981454,3.946101594522727,0.7689008036431014
-1.777423081074345,-0.2178822355914543,-0.9750942191775197
2.314644211623748,-3.114721375485617,2.201586882617877
3.250588497768922,0.9727382398193916,4.750062300866164
-0.9388968671705227,2.979721380644038,1.546723845783367
3.521035410034442,3.085101587395916,5.137234559747305
1.953536775517674,-0.1949472544169391,3.915237498419203
0.2641025026840023,3.240062477311787,1.045768501687117
2.931302896363886,-0.4145661705244033,4.631927547947327
-0.06820641812737893,2.967039643921045,1.863393148157588
0.7184329101070706,3.675852146926933,0.722172132683351
-3.32853321015107,2.284240622025902,-2.35818520155111
1.661474964737291,0.02338803691036073,4.965678628663032
1.355053243776705,-1.991696728878157,2.050275892077047
-3.940262156502218,-2.205857858472331,-4.071284744368228
-1.556512466012713,-2.434933021074679,0.3832383429615121
-1.838056288514956,1.337598701882501,-1.6156694573769
-1.959043574953909,-1.598558356401106,-0.9611484676133668
3.829422335950164,-2.763866074324128,6.249121463003792
2.016924023302977,-3.008400163260144,2.124571343813024
-1.133724610470422,2.318407069741847,0.4849638394644809
-1.786533043975623,1.483907227319251,-1.394957145188114
-0.2303749813564906,1.226145324126324,-0.07119718932634489
2.038917480774739,-3.130703614201868,3.05332966752506
-3.182226575602168,2.366900295899829,-2.355306255837611
0.7788970277651464,-1.530190934801587,1.568281102771222
-1.656615110172405,2.982215462626647,-0.05323739307441189
0.6053001171620291,-2.775083770117439,0.9768252273309331
-1.215562848909744,0.7689345872405449,-0.833417389556917
0.1916827079003847,-2.93617604624587,1.049719575428278
-1.321950755908806,-3.013418624975642,0.8622228692169664
3.431445348618628,-0.549060953809823,3.836375401547951
2.191556408739532,1.72751131870984,2.784092234920663
-1.768801898262304,2.424487644892278,0.2102227147197663
0.1174472093324228,-0.9636248041002391,1.039197867551485
2.583755845176756,2.599004818107621,2.343919166064722
1.420178457448209,-0.5182137309969752,3.891030492762686
0.7365745286788288,-1.576473900020597,1.216382940058955
2.50053275250572,1.680523829707159,3.531129116606556
-2.035223127678964,-3.933414881692578,-0.3322668316898877
0.7873477163027642,2.271275057028775,1.427979020802781
-2.620639538155994,2.778104327641363,-0.339648054234822
1.506559301065312,3.023045523130211,1.025759261107814
-2.493679673438113,3.220240824009743,-0.2239411252729716
-3.460623034102192,-3.178801849429492,-2.282769861191086
-2.074276080918336,1.412616589513988,-2.403531798990217
0.06937798795128103,-2.270348901357453,1.078378045857743
-2.017182081970764,0.6695793250220294,-0.6464259708124671
-0.9973305335834306,-2.84367015582349,1.371636036018395
2.846433421934047,2.5728189248119,3.040970641702725
-0.5461297554259286,3.108558160305512,0.5426148483723311
1.487751785707382,-3.719368036266951,2.020535444879222
2.474462740654094,0.809647145829075,3.60241201290729
1.151997580292905,-0.1405614967909745,2.816982916606833
0.886804258479323,3.984518008866889,2.417657694483692
-2.335792210673302,-3.840826783245482,-0.1036876359750352
1.255887766982054,-3.648981714595482,2.270449039440209
-0.07498425240377671,-1.711336385274849,1.562273406370874
-2.611494896586828,-2.174394276604206,-0.6921252740052483
-2.84369979243155,0.7680103974908699,-2.266811205370102
-1.532928422710033,0.1760956609298097,-2.579458948048438
2.286939591647061,-0.8270074041545623,4.106240653371961
3.746284205731535,1.569074600250805,5.394887517884521
3.560655424294098,0.7872942212177039,4.794580240990236
-1.808935736587538,-1.253245414857576,-0.7423683446943904
1.168547161997268,1.589938032278608,1.911258070109749
6.850008822389952e-05,3.351777603843027,0.6070762733231633
-0.9234271750907785,2.60566828567936,0.5261913426585869
2.218031086958653,2.331218702087305,2.501976542341531
-3.548818961659441,3.833630385920737,-2.91890844914905
1.738461182674376,-1.0855396321079,3.296431072131586
3.351625935007842,0.5460935921094245,4.343028783374579
3.491356896404868,3.869965310996588,5.096659678706439
-1.050561542589439,-1.324839116802328,0.02630305718768455
3.958854381990652,3.393231672182845,5.276370609828708
2.80213922832993,-2.263731820603081,4.013790535008721
0.8687364559744486,2.659492076164414,1.432041296000782
3.605003174884254,-0.7256310197054407,3.96917813136572
2.434732073841863,-3.080522005527475,2.022946653708711
-2.95751494998375,1.771926534018038,-1.425331673448404
-2.251131522299574,0.6469741969723142,-1.318013219530212
1.954377276537365,-2.37746560388663,1.890154689354344
2.07688346342738,-2.725222588457412,2.228090456906581
-2.500446119562833,3.01231517013377,-0.2120447892835456
-3.859237975554113,3.18172865998178,-2.82339017866428
0.6616398848778431,2.08311235391507,1.265623751898111
-2.292034376260481,-2.612036361705232,-0.08560277897604307
-2.349275643266206,0.1996542908110639,-1.35135789333342
-0.1720855369848895,2.908386734783479,0.9365605432314378
-0.7882916760977015,-1.367467115920328,-0.2535531375230873
0.3858994623569236,2.432723115817091,0.6999499652830075
0.01243316302859387,1.312806567496586,1.243205296137282
3.631424049337222,-1.837272273283995,5.035107027349973
1.498028942384054,0.3565259583489402,4.245620507605138
-0.4444437509971015,1.011821048818597,0.4761964992327727
-1.963250596474915,1.635625879447317,-1.427691703782142
3.675687671774589,3.356043755003306,4.582325945766542
-1.768147111603681,-0.4759244366613462,-1.425084677808824
3.762095452264993,2.145340119111938,5.849989855728173
-2.509971722856298,1.416998085565148,-1.201618192826706
1.334171938423086,-0.5470075261447152,2.620262427276168
-0.6376987041320028,3.239265132996658,0.6998110677249068
0.3053651998508862,-1.776581495959139,0.5645522199487416
-0.3411594519944421,-0.860924692047214,0.4057108570405989
3.437618397242136,-3.809812349902394,4.427199963942265
2.390531762207795,1.96953694078686,2.51627086328173
3.532748168337501,-2.245619451866886,4.504130566808083
3.358373098011246,0.5879050874862894,5.496236872474309
-3.337068323506503,0.7792114100476955,-1.296346333824273
1.969733376825113,0.02152317315480001,4.037875527176184
3.854164391193875,-0.6766392373852863,4.632797284529748
-2.188470917505318,0.8571749065461187,-1.406234952308176
-1.43971317440756,-0.9414768864431684,-0.5026001303752524
-2.717866180004256,2.598604587229819,-1.295792909593187
-1.339188410228614,-1.311160801097405,-0.9974516212120712
-3.533831387567187,2.302238035947863,-2.234523022287652
2.26265630900011,1.984860913592403,3.202148404365182
2.892856483676741,-3.617715145915863,3.471626877384125
-3.330060371395703,-3.703524695463174,-1.901371202913314
0.144277465612519,3.844902603051365,0.2301104246608989
0.004087380468305923,3.776313890707411,0.8857375511731655
-2.903583822575215,2.333463761307475,-2.745903634100763
-1.595133247268766,-2.157061796926972,0.8586076044202663
2.021876197959674,0.2872626965546985,4.374781352239574
-1.924847945227422,-1.490611454403053,-0.7504917465889331
2.247600877457473,2.232520267755423,2.902519842481417
2.406895449222204,-3.6520035595658,2.009363073372377
3.331272178543575,2.396420722344816,4.070534306811908
-2.025781537428206,-2.453210079926065,-0.2805959395245854
1.453728735302117,-3.247733746134118,0.5852838479814548
3.960016352480067,-1.118864669418322,4.519932355714634
-0.09592407547253057,0.3765193143016461,0.9800155962871854
-3.329083001837936,1.539837873962339,-2.668138932766591
3.738768911020764,0.9950948924288721,4.32402569751917
3.216188022405697,2.601137757398467,3.947174941112377
3.538862062545471,-2.670032397915224,4.437360355653441
-2.952370040398713,0.6262739412766178,-1.961142064123143
-2.086976336619033,3.431733541473782,-0.3731517630965713
1.633210070928515,-1.972779002942928,2.428912108012638
2.03692952783616,3.377579183188788,2.212296873738248
3.08714642935754,3.821525804406306,4.482120021350553
-2.72315984823892,1.680030726834763,-2.573569231882957
-1.510944767517594,1.911299260797407,-0.7247822282276162
2.348442806307848,-3.527345999152171,3.020905150776342
-1.507978295801612,-1.615690569719927,-0.8718853086687381
0.8346812011611062,-0.07015624905815532,2.191929631567874
3.857511807969875,-0.8984062592408923,4.182529586849686
-0.7189916391583777,2.197442882753753,1.164819234398392
-3.729483035975191,-2.393787362499497,-3.338564519504655
-0.8882570941338335,-1.81948168026504,0.4623876050913571
-1.737638826829697,-0.4860581238868376,-1.009689361770355
-0.1953642466346617,-3.851906466025153,1.276694931708983
0.4914881726721765,1.407697690450814,0.9238704035744533
-3.621734062807252,0.01873836821754882,-2.450242350386364
-1.234798099327895,-0.5475499049455106,-1.711614101645026
-0.9838838109885453,-0.1151705557901428,-0.4471775858457952
2.230771184697583,-0.4374444135500175,4.185161756896582
1.684071772979279,-3.26148402674314,2.925569823461021
-1.040929247226744,-0.5247252199607217,-0.7676648276891144
-3.701727610896036,1.01869998579928,-2.095238407398239
-3.452067264770421,3.882192089821045,-1.833937937893617
-0.2524904155620948,3.894809830619624,0.9723076782497261
-2.787849111731995,2.06291815365526,-1.411530942122376
2.93764982833488,1.330124082276031,3.810825729037385
-1.939699968789446,-2.795429414805244,0.3216435998247115
1.153988711656662,2.951520077963841,1.096249145772634
-1.948271635002494,-0.4096893218358284,-1.990775482125096
2.359162127475845,-0.7074405905509815,4.761586653811095
-1.725714781608835,-3.175963054826228,0.5018803547809232
-0.6796168952353039,-2.992654841421645,2.163510687603225
3.101423192422923,-2.462219780332388,3.922989402602177
2.518495675291093,3.98663837513885,3.480072473355712
3.173371274078466,-2.62371252667181,4.319773481373383
-2.028728787200715,-1.272846810545231,-1.654676990571861
-1.909500832987537,-3.896510440714084,0.1245482901902042
0.02343948132868157,1.587349097890228,1.909051045625876
-0.8886501994132008,-2.981060526586053,1.837698953865639
2.924862972593789,1.062161573395698,3.23215911579173
-3.512796256250976,1.402269227752614,-2.361086474455156
-2.180119068572052,0.5639887280485532,-1.223497431641041
1.651074646285645,-1.551815268597831,3.570715645795342
-3.487380289922593,1.883863443897902,-2.782412439230551
-2.052984670915998,-1.201627206199133,-0.5375894088395812
-1.715463394759584,3.586979957392297,1.823420464308162
-0.8750045670730193,1.484560708898046,0.5008393162471474
3.739799740495867,1.98536986874557,5.06311010256145
-3.708207536266409,-0.7869872652108265,-1.988217234639637
1.352065934696228,-0.7955444032222676,3.320423811684799
0.07175872343715284,2.740961836991125,1.937835961840225
0.3030840180806607,-2.28467630842623,0.7929970360221057
-3.010694812993499,1.600660834109542,-2.00384381157477
0.7079239989669333,-0.7209971449647492,2.592467802563299
1.030047089726789,-1.583282021396141,3.476875551157795
-3.566283392019495,-3.704914948846526,-2.36301429427122
-1.760802040762973,-2.715840958476277,0.788591921759475
-1.843089487292886,1.306595628187029,-0.7528283205891948
-1.363816875090024,-3.527056467929054,0.3423065321315709
1.638114908172302,1.946541043119768,2.386245605471687
-2.579328367019086,0.03604475635013582,-1.948049195121196
-1.245929180092455,2.543874757524945,0.5965127905869922
-3.704730346254183,1.884345055763659,-3.553940953554855
-1.571010945392648,0.1388664355158378,-1.054756868580225
3.07686455776114,-2.187505687971402,3.938112542414886
2.632284486156988,-2.418750406466507,2.898025047191965
2.730848872435502,-3.523542293113048,2.989889217371125
1.314886876331592,1.059508247323727,2.496443793043857
2.938122199602321,3.85278340680673,2.490236210973984
-1.760818495051152,-0.7104373400966404,-1.213367375276457
-0.1320606355474556,-0.7803859460386207,0.104464253675812
0.3767656785437365,-1.845589393666388,1.108086796313684
-3.87810681746233,-3.04943361286083,-3.434940710968002
0.3947678018731064,-0.9101404390055228,0.286003622225242
-1.968819635401536,-0.07081395157473569,-1.386603111701395
-3.975108577604656,1.270827224059714,-2.384103428296439
3.626727211599565,3.842387344606768,4.937994050009985
3.576890765379793,1.233833068939908,4.99278245121772
-1.135479341865417,3.626501244328476,1.656788783747128
2.277592251785438,2.833120779602201,2.486887845501224
-0.3560871232628129,-3.772018796440537,1.747860202027648
0.885580675462915,-2.021120047301204,1.305905100875407
-3.536873194167979,-2.050985482252417,-2.49945423319448
-0.5227497623336639,-2.322368198082211,0.1958688791702987
1.172285265464119,-1.933908149410234,1.491384211123409
-2.850117540498326,0.04805584622696735,-1.714758326875711
-3.688348384108154,1.127632278370432,-2.547656946010461
-0.8702696983125362,3.646038396259445,1.397048542092407
-3.365602190232436,-1.781915349402841,-1.779687585508055
0.2939696926468125,-1.742303602527233,1.875539345429681
-2.413513482102003,1.212852411565082,-0.9232382632428759
2.905327942001817,0.9722143741918883,4.007489557169552
2.486997362915611,3.538251872174846,3.810412222251172
2.141250062872708,1.404249858971264,3.247423796003025
-2.472629630074157,-3.916674130620112,-0.3415446768457586
-1.899786301513471,2.62770399368112,-0.5670802788321347
-0.02913305789461251,1.450664850838194,0.8520651366852222
2.035748939180003,-1.005924827099867,4.274936003820831
2.127131779756441,-2.084762854917287,2.763630042931288
1.977364800321991,-1.517604090605104,2.675283181594696
-0.9649059240705729,2.416989498565703,0.7902628888738774
-1.454965096859463,-3.797551171029597,-0.6275429202573526
2.622513850393653,2.061720256150761,4.125888166596069
3.669702893149682,-0.8575833371121364,4.380104564736254
-3.507399752479244,-0.6791708267017889,-2.595129577495603
0.7832450487131792,-2.970450403561896,2.108438983162353
2.674422744227933,1.721710512528642,4.337206252363103
2.766200147727479,1.93072836727552,4.034316301310302
2.383636143805092,-3.407892357349169,2.27478643390475
1.823370328708846,-0.3548419505817915,4.631401668252182
2.082303775724792,-2.081359330550763,2.966335877635937
-3.492318101012678,-1.797973503248526,-2.597973397762737
0.3461665660417976,1.238838356138975,2.244298880507235
1.082818571461005,-2.682127991771189,1.865567934416576
1.548652266346243,-0.3024393401261651,4.74563989623544
0.6498412297376372,-3.4330204525388,0.4190891445785421
-2.688187193475723,-2.366051043394857,-1.434746169117891
2.037438552555822,1.349141524630808,3.07233149527897
-0.1036167231282334,2.645926260681519,0.6111666853046467
2.665645266475044,-2.169435710828307,3.672335311667186
-2.038453221273037,3.641520150605439,0.2632569175857828
-3.386886801383396,2.852349159220828,-2.862744746555562
2.016581001800461,-0.3947627126834181,4.473540017846157
0.920477342587577,-2.309684084041717,1.491468769032223
-1.478042406798138,-1.856366149062525,0.7396203828760122
-0.9987530534173406,-1.225249773878863,-0.6101569761648362
-2.546757531520222,2.142688819128693,-1.129012334575679
-1.666150931850426,-1.449945169276478,-0.7358248856602028
-1.335541040238496,-2.853058845179502,1.567667910565528
2.457629559165294,3.778791278778904,3.819223417516062
0.09291786925940571,3.333474494947591,1.34778634665893
-3.690602096409823,-1.498954571414515,-2.699315476145011
-2.299388005505176,1.733114410163652,-1.345896298781332
3.594550973572542,-3.709522874516587,4.55453509549598
-2.795815092998317,0.7703549089667261,-1.513492514775278
1.393445950616021,-2.406621222201607,1.130664430306689
-3.868214485556378,0.8299186969762928,-2.625146088806888
2.309669484068266,-3.62734745811634,3.308522522203003
1.223722331772414,-2.774818449555161,1.660733920640912
0.3040134048984431,1.187106360296513,1.497492233990839
-0.6136198511002409,3.647249597064106,0.8776496831040604
-0.8588759073268015,2.629381543639747,1.101031765413846
2.079058720576785,3.916707006420005,1.725274490890927
0.04501970286254142,0.4977731986479981,1.321094154052792
2.7590176710478,0.1741455385053197,3.404690252800196
-1.417798832810553,-2.324712291910139,0.8282831699506702
-0.9626765942939128,-3.392056183181304,1.218136629988591
-0.7069487438895461,1.376673444699785,0.5979188407939178
0.2675971792777991,0.6686893471089546,1.12536284352208
0.3384013473777729,2.108837285324154,0.9459661630946286
3.79284482031516,2.849716413302562,5.672992951994866
-1.058748254372962,-1.35024443347049,0.2512781454012984
-0.5135159928467115,2.485821181558193,1.268536369837827
-3.381781672642867,3.469257250581295,-2.672339000755192
3.993176917933595,-0.6996742476849711,4.882409110541461
2.432749348799245,2.851810472634486,2.38492274515344
0.9789494398489049,1.109244414327587,2.065790027855752
1.468928812695547,3.536065124619792,1.598362853567094
-1.658571177498298,1.750693410466803,-0.1716923369765095
-2.254951224111157,-1.133897355867009,-1.931159521451495
-1.764992171955868,-1.034245963728539,-1.711403932867614
-0.6530720383133417,3.171038105044858,1.346770838120178
-0.2299675019775043,1.719456783559273,0.9575601120908223
-2.820446129004422,2.441073088212701,-1.572876917366315
1.961586332178761,2.372880506096371,2.132408876668584
3.179186907799811,-2.064818805367723,4.252108216342848
-1.954723320277319,-2.757921848177642,0.5653564658037208
-3.232364833942871,-2.371146314537151,-3.244605738106363
1.844424864349931,-1.871620412865659,2.560771321047576
-1.957472481411637,-1.659524548912132,-0.7138588807523671
-0.2237635820477966,3.141959929023726,0.9458676139334133
3.27965029445118,2.436343222790137,4.312471116332291
-2.052202028951848,-3.908413178421371,-0.6287615757503113
-3.151325823352805,2.886571908775326,-2.269393365715997
-1.245521651896603,-1.514458238155641,-0.1933985069868962
-2.43062228332476,-1.279791318906729,-1.551565921264874
-2.801824600689975,-0.2303893718076546,-2.419991934565932
1.269824174691935,-2.087567798637773,0.9316255952714944
0.8701972779833005,1.098314938760433,3.11915049419045
2.779936450847892,-2.289407231403897,2.710124371824809
1.860899683639468,-0.2275252916141683,3.956953273365644
3.201298719726442,1.899444776767954,4.56515784814848
0.6569766761105704,0.9970883823975756,2.182614602490339
-3.107426111186052,0.392427760248145,-2.499515593946662
3.886789895410047,-1.938887749112339,5.377844002022137
-2.713777389652548,3.411266556306982,-0.8896210337663157
3.80113170469998,1.811471449932963,4.709532974396893
-2.362458514964283,-0.6160048987907762,-0.8705042257520031
-0.1937153183587936,2.020418281727387,1.260695538932599
0.9914026015534283,3.378154145999918,2.376564645786996
1.294184266807552,-3.209845475828978,1.648932761168614
-0.3525633324446416,3.843554673299262,1.152500007157671
3.87897340837528,-0.2413019611145248,4.630252475345145
-0.3728623691279367,-3.214319334711631,1.485577674745635
-2.861779736913726,-1.711182179940828,-1.602319175353356
-1.297791160849656,0.08791705658927373,-0.7217891972605606
-0.375471850991377,-2.514403813566953,0.06060658194605095
0.7392907627679159,1.987834322923461,2.385388791485343
1.899289779591534,-0.9945162791422888,3.844490460634147
-3.494791871598139,0.7384615989869001,-2.168146168650177
-3.435287067328636,-3.276709841499123,-2.025549182202413
2.333827288861418,-0.2076114272226395,3.116428998628502
-2.045010642381266,2.263333759131799,-0.2321396050233403
1.352301956920054,-2.475968556287513,2.002455637352842
-1.060356556319962,-2.51832918201981,1.286689270203188
-2.309098571386214,1.501061540454619,-1.203551292471178
0.8309856929275163,-3.287491409310006,0.9416974519423602
2.585205888175189,-0.5861533490267075,4.169967157679663
3.679268002944016,-0.09345409490807022,4.13800373738064
-2.263015762123675,2.453452749286967,-0.8746456962837599
1.944641008434315,1.232364770735034,2.426674396435016
-3.465899223302373,-1.175369733591962,-2.045667186530023
2.447824059408174,-0.488134925283644,3.542306185498925
-3.748957104314633,-0.2821637624465172,-2.54918550806316
-0.1297874342199634,-2.734827127895796,0.6282934075059207
-3.805891543266715,2.465861789863169,-2.806078259488815
3.195794917812082,-2.900156861555629,4.522529418763867
1.175204322742614,-1.793328287400107,1.728496729496918
-1.930886803389367,-1.225431126850534,-0.9340668282024625
0.9682822792871919,3.021760417667758,1.443370294068802
-2.811343973303022,1.284472576932891,-2.304238381961989
1.217262943867635,3.242782098505408,2.047571445088227
3.315737219955635,0.5090790104784091,3.817318530085392
-0.2810867717653869,3.100788097424172,1.386962412475705
0.6853003956718862,2.063226986291824,0.6621408127656174
3.609171089600444,-0.6297284582656832,4.28514419835284
-1.917618425534645,-3.863696377461034,0.6394920452266024
2.280197008663704,0.3394035424865463,4.12285555871825
-2.189374157254193,3.254084337373357,0.1698144291093273
3.456634125196659,-0.0848013643669443,4.326211903721256
-0.9479398512290045,-1.129251999728784,0.7437987393928562
3.14811602744093,-2.058798755486408,3.245838078864925
-1.748560770723601,3.115408150500838,1.066401949343201
-0.5911779025214674,-0.4380538891155945,-0.1168354447513455
-3.350939738938171,-1.624820335444563,-2.419413191451357
3.161864314546795,0.7823706275762641,3.595214020206911
1.772162660220474,-1.274928252325572,3.846912625282124
-3.813845481064924,3.721264156699398,-3.052820512006778
-1.713331380171739,-3.316887709210592,0.6402169883225723
-1.621673778205166,0.08443767143487602,-1.264146846866228
-0.177279533874481,1.106509194464854,0.9643103952224814
-1.552901625393749,2.234933186377921,-0.3107218074398912
3.628639510208561,2.530999348222527,4.935808749679171
-0.8823281725373082,-1.299859612172765,0.9269668901534562
-0.9817511732503981,-0.5941551190594314,-0.6645938050911596
-1.843515279165437,3.796972292985703,0.2035847204310949
0.1774041581767669,-0.7082078255267561,1.61698544166454
0.1975453005253929,-3.4621776900946,0.7487798842343288
-1.252002109283551,2.377352336735808,1.777762535580383
3.24722055922541,-0.2134236365064037,4.54657232213763
-2.896192471222514,3.373059909771071,-1.553560960737759
1.567845885379626,3.567979130533931,2.234699750051521
-1.713119043139815,-1.746091432716944,-0.525465991834782
3.121394224844859,-3.064683724410825,4.074037440606998
2.922586095822743,-3.802051792438823,2.964208641041403
-1.589305786383029,3.173528715990392,0.6679736408700433
1.918827320501863,2.424294078568797,2.889703465031528
3.087640810892505,1.749427671957395,4.248503000017593
-2.648555423218682,3.416446516198469,-1.264239756634423
2.911734552879876,0.4240467807164503,3.598238474495425
-0.3965117776594811,-1.091478363228126,0.8406927688315882
2.104834596735898,0.3572075846520155,4.293540097104448
-3.661502829518964,2.155258324222873,-2.50216671264574
-0.5920287142081575,-1.753403429819315,1.052347393588608
2.567761142716528,0.7962202457737506,3.809103241796441
-1.321178042846177,-0.3173843500278979,-1.323809565405047
3.182197587639483,1.306515653623023,4.81639091826481
-3.706483091189027,2.095251763811433,-3.723240017960459
2.526591810486646,2.692975162450095,3.555815663092519
-2.597871509583039,1.887983920733387,-1.469955294992429
2.661594741302867,1.782740523516289,3.211109962578341
-3.321134758198436,-0.1058065002127426,-1.335931454064214
3.879211774271219,1.27583244279629,4.727506298777071
2.345543968532303,-2.294890660404926,3.340224253953676
2.234854792157692,3.611765866275663,3.93366679602109
2.185300112402805,-1.218116848562723,3.753979561094176
-3.276590901430441,2.10602767776102,-1.935274964143226
-0.2587040122051274,3.423910334680743,1.187185597290209
0.4931812424303459,0.7460894415057666,1.714744064448163
-1.544153343192392,-2.991433995208833,0.9708931234659102
0.4605123153472617,-1.237383108713646,1.582500487458657
3.751633089713052,3.786527483719983,5.354750141414881
-2.251409918536132,3.386358853063536,-0.5200523389716531
1.407541108651134,3.569824533146022,1.112027317382464
1.011508005729961,-0.9854701066846756,2.196204747552988
-1.016809229072443,2.490848717485443,0.8093800905357932
-2.107778498961404,-2.610219609597329,0.2718343543428024
1.243363127690509,3.213514328354075,1.388606437891309
-3.156160636639536,2.872444113808183,-1.605647652523385
-3.475151400941047,-1.725818821814579,-2.285455204771699
-0.9526550067006241,-2.007318575022251,0.5954858491715648
0.6970139523995575,-1.369657096082511,2.123586924289889
-2.211501788724699,-3.299530333815119,0.1952347519951518
-2.555398697252532,-1.22469853743163,-2.725406938614114
-0.4350617721403802,-0.9749119216008104,1.476759858178692
-2.218373785756751,-2.563697456659193,0.008465423285946849
2.183796906796712,2.096753804746965,2.5565027140879
-1.554049678282513,-1.740380479888954,-0.4879671898500479
-0.8759632702015638,0.3282181670836133,-0.4004937960607213
2.989860928970859,-1.783116202725396,3.757500002155461
-3.712157397195537,0.1750747288332395,-2.244957313380005
-2.591797032406025,2.058759722699404,-1.038754390350763
-2.872176198818852,3.597314462328045,-2.471065868282833
0.4718311988713619,-3.215201736319603,0.5229421905738513
3.4388233377656,-1.48720136618079,3.721497921911194
1.566916799320495,1.336404134737135,2.832258724275417
0.09120874541161594,-0.8976462304289594,1.076074579563453
2.800996938063823,1.740624811947953,4.533695824467871
-2.583603481867035,-2.669106949176767,-0.1612204157642831
-1.520802124819184,-3.98294403483948,0.7306035218753189
-3.112264733177676,1.048951308763582,-2.661198807437112
0.6091580883515686,-1.661215654649515,1.630194246800469
-2.255980800727075,1.094713665288305,-2.382636475660445
-1.74917234078685,1.830736584012558,-0.9116414069212415
-3.882990683178379,3.579413393639919,-3.65649634957662
-2.45708549166662,0.5502508921376981,-1.659761157193292
3.804522766094578,1.702399286921652,5.672109689294744
-3.398113805794686,-0.3084477276956399,-2.025969312803194
1.333492722763985,-3.365021895023729,1.217423174250955
-3.140373297265125,3.821178369628984,-2.095181399283496
-3.694029895230315,-2.878299630800613,-2.785275182486422
-2.568337625756758,1.297614348585374,-1.337499462897433
3.471935498947512,-2.621720446592987,4.899252733449778
-1.115305204152696,1.660543162895159,-0.3658521406000444
-0.4574056130672597,-1.893100178954244,1.04067970601133
-0.5385062625031383,1.622843718330729,1.593807680945412
-3.003346461753789,-3.100648060584669,-2.311488468818008
-0.9844100420479656,-1.818792191277907,-0.07374971390742424
3.375198959031626,1.661959683331003,3.969981809732607
2.925472800802225,1.063191752597458,4.700799004659478
0.03263283001075745,1.630730916540727,1.02037517152462
-2.026530288502332,3.996453691823583,0.7152157001141312
-0.3822818611711449,3.857815377522429,0.6972176670669162
2.716770775153927,0.753472310180169,4.848908671118299
-2.911683506588255,-3.164201610781811,-1.322525532726742
3.116522645552704,-2.980556685211833,3.757980501527706
-2.874662907622341,0.8788065809580345,-2.052344668275854
3.43296939974983,-2.696541515105838,5.498705617917985
-2.488811039128499,-3.347055040877089,-0.6664606294467127
3.025096250939877,3.260503781696676,3.887373479117846
1.723244268296135,0.9984245448488247,3.252599091604062
1.722579315629568,0.1689944753760919,5.136661533614384
-1.51062970555077,1.00654162141242,-0.5629934771729839
-2.48274443329009,-1.054283555707429,-2.218516577238235
3.786025920606571,2.588244250216409,5.455554977832683
-2.566075222531736,-1.578145409752431,-1.303906436384523
3.579787133382117,0.8755824301406472,3.990390807180202
0.4309056039818184,-1.23592976665458,2.063303232076863
-3.376486318857225,3.098569468753556,-3.103096571498975
-3.531931266110771,3.453376053052764,-2.961011127338269
3.165065419644208,-0.658459338020732,3.953885041787036
-1.032931891542129,-0.1543943620364079,-1.535283751490087
3.307144782043793,-2.033759815082131,4.243351413130192
-1.497523303123605,3.577682695994025,0.9291049897814346
-1.536180653158852,-1.745611124474126,-0.1074105694652912
-1.927545776078471,-1.554869641856159,0.0420236584193735
3.894589315584023,-0.3271361545060056,4.288642446156994
1.325503690255787,3.149040838238351,1.56277626868485
3.480639050886547,-1.220992114010362,3.90952397584788
-3.04023007147325,-0.1893031858961196,-2.377560187977915
-0.3959624419701298,3.339241653991636,1.035605247976862
3.365234451913893,2.475109447905125,4.201006414571978
2.854638058186404,-0.2993299797615059,3.529037713969506
2.699553275214026,2.119389829351364,4.511729602128657
0.6082023031907822,1.037032193797395,2.005473499751751
0.3567886894589796,3.36539173442065,1.53146049962896
-3.898533480324443,3.350542045897718,-3.557633923520792
3.482083067956447,2.465502740006386,4.266374190876407
-0.257519530477297,-0.2101778940439933,0.2396906439902116
0.8366292839878033,-0.3651632709300259,2.759773663674639
-3.428843756659475,-1.44633667790021,-1.933162761016019
2.572088880165092,1.183467671454644,4.04503753955476
3.078496366002131,1.954679555663765,4.89025622009534
-3.342970632621721,3.132885935483923,-2.326125632019024
-3.003616240770042,2.2336845471147,-1.457864124446255
-0.9731202501777014,-0.2543883526243071,-0.03126649902287426
-3.999882114870214,0.3948418082159018,-1.440050419106154
-2.714278773597667,-2.902133965767108,-0.735098550637862
3.183741605991562,0.761250365400997,4.639694983420071
-1.086439833750338,-1.229984215864113,0.2991540780953535
-1.708025886602778,0.600326534267924,-1.825361398574975
-2.888656311933736,2.746471619757318,-1.708690708845345
-1.585028137516044,3.739455700711363,0.6065161615283201
-2.868277137358128,1.121488340087711,-2.50518775596455
-2.35161188045221,0.8048410838355471,-2.137293178405044
-0.8481507430761006,3.496704993959924,1.124347931509143
0.1393014688266483,-3.702123490236726,1.529188032736824
3.960061666097647,1.351856784091461,5.153289517324479
-1.536364766181977,1.418092365461727,0.07585933533679934
3.772885488423985,-1.693095689452091,4.49325586362951
-2.349319093111643,-0.5802635357266457,-1.76872204172818
1.828009209919817,2.626658795812826,1.671506921899212
-1.066198011596244,-2.718964038061157,0.6203715976437292
-0.2904266403118694,-2.668389994836097,0.5414217511993593
-1.937467310909361,2.231732187650644,0.5136410523481123
-1.781244669849186,-0.1573615576889731,-0.7806071394783541
-0.9882028714538125,1.106682633020418,-0.5013575863827695
-3.714441737252008,-0.3522756486517862,-1.812854052621985
-1.314612784487964,2.903025828231228,0.6221633432865747
-2.002815691249492,-0.767069864967123,-1.663523493366244
-3.904555834996813,-1.199735988679405,-2.704852188963558
-1.136265306518547,0.613477889201814,-0.9397105693127901
1.169269390158798,1.436024018087825,2.008108545733132
-0.8217670428270365,1.299374842303259,0.3405229318251964
0.2197158270608917,-3.338646253051359,1.314046629900066
-1.744327494808591,1.496230456029821,0.06066811075513678
-1.528981623115447,1.371049602935844,-0.6757546944764218
-0.2506971070257835,3.649660714090913,1.052080643512256
-3.08866332501857,2.489028645997517,-1.604726212096879
-1.566875516990692,0.5240645645314883,-1.193792194494113
-1.633326412343574,2.428645244627653,0.4114306101661957
-3.10467890486822,-1.040056349459267,-2.177154934653513
1.741748676764193,3.139233925400224,2.522194562025891
-2.744604652121116,-1.220648558988468,-2.298960934193949
-0.3017107357925459,1.827551110054407,0.5382829861321172
-2.120411558617113,2.977572733986257,0.1579360538846322
1.634239317298393,1.256987781306694,2.709387416394312
1.417995440113323,0.8959284902153151,3.529814111196185
-3.485764831499805,-3.145849869006236,-3.351665767045987
-0.5446626664629708,0.4281684483396662,0.3880060382725369
-2.223962653151227,-1.197179714708656,-1.916011781156054
1.444871700491802,3.235135454433405,1.596295822298738
1.232601497285358,-0.9006448068052642,3.094418814098481
2.074474297597443,0.217939053344991,4.964099866282391
2.512379420803606,-1.742546843921499,2.768520032450928
-0.6280747730762322,2.53852686672159,0.6898397807766522
-3.844352267702764,2.091917554186283,-3.386489653964382
0.2000272401092582,3.86529191938678,0.9454613819279507
2.710765017751468,-2.612316854872599,3.264045631686495
-1.816025588687257,3.993798142543707,0.2135672688503612
3.035064878020683,2.851043566309289,3.612484445773568
0.5376854878292692,-1.382118552030541,1.578502550360762
-2.783429364860769,0.298071219182213,-1.340618754693431
-1.337502009346798,0.496713997094802,-1.324983604166203
1.526401308278645,-1.436300207940815,2.847399265588868
-2.54062963518389,2.20820691743018,-1.19416449065211
-0.4876818811373242,2.326973601127512,1.003153720362826
1.228497644487296,-3.77608167122521,1.409305422667495
2.060019015244171,2.631026130601499,2.241147889212579
-1.232035101766661,-2.875818415777033,1.240703540519553
3.134365941659645,2.810360898315767,4.121012262591222
2.36458522201936,1.251147711014624,4.339064426458632
3.662380881721225,-1.613316113693344,4.247891315238888
3.067597623758964,0.9613072008714774,3.750691366048893
-1.96133665625304,1.752527059654678,-0.610213773759823
-3.698156495641881,2.533210748024247,-2.2972252235844
1.307382182545556,-0.1083220073587761,3.923729023448655
-3.201571678118115,-3.957389272747842,-2.706057732331177
3.283400841367734,-0.9611419078481633,4.256326081947172
0.2627648206116504,-0.1076115271021969,1.705477716899362
2.199136227422798,-2.226621735378982,2.477286915126338
-2.021876216580482,0.7423120364243108,-1.643662986767564
2.875220319699241,-0.3722899470523471,4.469988856560955
2.482755703292124,-1.52123142434802,3.342531389279188
2.710261454261968,-3.237512472828462,2.965176886038217
2.621529154493382,-0.5467422302212093,3.813127605200673
-0.3559748544442121,0.7990946069650962,-0.1433017940084526
3.412886409664127,2.177144207890551,5.296810468342162
-3.798608030580556,2.83961678667512,-3.398840216278624
-2.41199661978426,-3.96085011226175,-0.9235276008506164
-3.03007859976511,1.728654481847204,-2.800567112659794
0.1840904179206362,-3.261610366380365,0.06195903217129894
3.334693365423222,1.684324221555094,4.638675718464626
-1.201964531706361,0.248954206040561,-0.6318929925721688
-1.290391078273521,-0.2928244049645974,-0.8664356773888849
3.060460024275049,1.162439622453316,4.903554698928756
-3.157993320010569,1.890836532674006,-1.540591663244333
2.977803317653302,1.41754354597913,4.507986059682091
-2.614097571449808,3.110611366731669,-1.368575881633554
-2.415119999333212,2.476660130640463,-0.4275533491092544
2.533796490942597,-0.7032232751821166,4.222341560730547
3.968258828506614,-0.06994547534649964,4.061288902088268
2.855816667029048,-3.064729458166024,4.363798383534955
2.566291342739425,-3.606127179041334,3.673064129070211
3.651516085840336,0.3049473780893264,4.580640496955512
-1.742839629302631,3.190970402532875,0.8882454459118637
-2.479420509588835,-2.898745204140381,-0.154868124080946
3.559157528001797,0.8962527584725528,4.128165036448536
1.367200064146923,-3.906503113154843,2.09026467352794
3.774617193369759,3.830954157177472,5.481345378265507
-3.967168392547832,3.918778110869693,-3.984342213089954
1.050159707805961,-0.9628812409558627,1.481245735733167
0.2682686901963516,-3.040753438474867,0.4067665627588988
-1.213175324006725,-2.538829105887577,1.263538201570666
3.682279612708643,-0.6578393060026908,4.105871756574853
3.237132235260143,0.924240444080624,5.055525409697593
2.120884223108873,-0.4427031761986786,4.863637931495993
0.304073766911368,-2.121220458804969,1.51644788908306
-3.122129918004648,2.025118001453119,-1.789059069285512
-3.334941038988884,-0.203909024654525,-1.322260075931949
-2.772645351894064,2.46185908377694,-0.8092333050152716
1.482152781077196,3.084396403212753,3.120762006692306
0.9298336989265081,3.733646391443439,2.093572862131208
1.858075147716872,-2.335398048114437,2.482372450325265
-1.306044326856461,3.061244964263512,1.161344390776043
-1.412286086413858,-2.339321136176752,0.201395676618129
-1.373900767729075,0.8740633702488338,-0.1900971929346726
3.597004835346851,2.913400946026715,4.339183380884854
-2.681297580824977,2.664514404207917,-1.138217906095002
-1.896538423421546,0.9683480176189976,-1.451857478492331
-2.721468518482592,1.177244730395316,-1.677152714800026
1.835273210205086,0.5698957355981209,3.890187182243224
1.705613213914376,-0.2063620192559741,4.491581066741122
-3.030987338810282,3.881001223771137,-2.116914063443992
3.523623010481041,0.2658370424975072,4.213299458255388
0.3615765192925258,0.8280146913714974,1.209852484072308
-1.03536331518756,0.2294472823060065,-0.8075556472419757
-3.599242234510962,3.588216155040398,-3.620418697035482
1.449225374769277,-2.98634353972563,1.640479546815533
-2.593214560393891,3.081811323694868,-1.054575208323556
3.628245798343326,2.775122686812283,5.308711959284781
-2.218514960498108,-1.715735143793942,-0.3774157888098075
-3.635329128723436,-3.597309084364018,-2.163937726689529
-2.231479174106151,0.7622129161518938,-1.285849029789367
-3.642293510545917,-2.763955922966371,-2.641431897496557
1.352691114585753,-2.26029458632457,2.454290704148457
-0.4811517788870097,1.265426352882357,-0.8665341437314724
3.66684487679477,0.6845607545274177,4.899902934028004
-2.40205036793297,-1.845198560825058,-1.138791432165035
-2.732302246953768,0.9892296272923433,-1.374212906381328
1.434019194145426,-0.5995175253451128,4.103000995653882
0.4876577844291807,-0.4882632403814728,2.562597657544853
-0.908433261011834,2.09903859107532,0.8287282457983565
-3.696124290208626,-3.684732593813839,-3.373487014160079
0.4922454283586886,2.861256481980905,1.277313383968486
-1.56602466332826,-2.560429390975107,1.508755777009582
1.795138532790761,-0.86349568593055,3.571772087426384
-3.204018020124239,-2.687765317109912,-1.23901778807935
-1.384063219641603,-1.287618194131432,-0.5914974805541946
-2.926279206237891,-1.783251758024076,-1.004701250028032
-0.3164010134489121,1.241757287719319,0.9593644816723227
-2.165513621480779,-2.015732038228177,-0.9820768218498739
-3.297488653755026,3.993416116022837,-1.743932713824921
2.285661987162682,-3.449503600171236,2.05869104479085
-2.550816315532432,-3.355827191780474,-0.7879100255870741
-1.115820962692782,-0.4581045398675894,-0.1512363863894267
3.799122390079259,3.766614254411362,5.088143583590362
-3.413829280996162,-0.05866767478199097,-2.599300702332177
2.595622736241995,-3.841570845986571,3.604823579220674
2.703065049503378,-0.9326521103932217,4.183411558322264
1.732195265098761,2.293717282038666,2.208063161260758
-0.55352538660423,-3.050812743914916,1.811976477101937
-1.961341302824379,-2.918117849142646,1.4195190739758
-3.350242145101304,-1.229545832353408,-2.240738083131963
-1.794249384387836,2.068234832511663,0.03752144233675764
0.6746541507918362,2.531865565538611,1.219804305745164
3.883284765306212,3.252522338309734,6.056079357356463
3.392370334780098,-1.757596947886984,4.349170128134696
-2.558874787792833,-2.657775425097946,-0.7044915296471388
-1.10013710652359,2.956892984715784,0.5969593883566914
-0.01203038312760452,0.03959249903616158,0.4205762602342916
1.140899873161076,-1.321517440346912,3.285622567975014
-2.546903144820353,-2.052141170347451,-1.478120397084419
-0.7856851054528597,-2.737000403208228,1.386324629047774
1.75865110829194,-2.44430602428084,2.864172574571169
2.450450733809101,3.697233178063222,2.710558700572566
-0.6239845299159947,-3.425474631812364,1.455401216912411
1.988279389602154,-3.632417476145847,2.154182081020679
-3.026639791193482,-3.605207106568125,-2.22686082681441
-3.422935389425648,-2.881466918090232,-3.896848024389773
0.7414642631230377,3.665832537776395,0.9817432495900873
-2.316265831552578,-1.234008985838628,-1.813049601947172
-0.7719926035812446,-0.7435221461327117,-0.2308236515914396
-2.509323248993269,2.066228453791061,-1.256784384532336
0.2435847552802777,-3.692431686742475,0.8476854671097467
3.205053292824991,0.6750107693563878,3.946677346886851
2.193386718355964,3.727902712710514,2.245055062233651
-2.880005441495926,2.435940281096983,-1.538897328096193
0.6035594836500033,-2.521543029462443,1.306980858781157
-2.239581355570298,-3.218811029758227,0.5309285196703499
0.5381779632220285,-3.082446747008342,2.011888102849711
-1.234718525804752,3.23626776238925,2.176047104325292
-0.3983553448953732,3.682388894965944,0.9460652329414144
2.646031702687154,-0.990146948946065,3.463830500995406
1.781562345590358,-3.406255348201323,2.744964100875489
3.893046761367795,3.067966281603116,6.674360316426556
0.8307030322854771,-1.694040020754555,1.529868115690769
-1.417610884503418,-3.464489225207974,1.354065809299007
1.592650926620017,-3.401312600928885,2.097342027004792
-2.278857146637913,-1.346463540815757,-1.360506576276728
3.945998824398688,3.429247816994863,5.904174653176606
3.647919692220619,1.525090866524761,4.394895124320045
2.506550701041331,-2.271387940296749,3.094305822621974
-1.6531492920322,2.11116692270415,-0.05120166209838022
2.155786851176955,-3.516759978315463,2.316384463191481
2.660422756670647,2.580770599741542,3.907440190092362
-3.354612440035593,-2.701622146181491,-2.394973892015399
-0.9134756255460186,-1.128655793366118,0.8669300290018657
0.3763481668945907,-0.647634685127052,1.080268499743296
-2.355048136405448,-2.720089439427893,-0.5528069134934006
-3.883753822530433,2.374424185285659,-3.016450259099931
1.93647443064682,0.7304070761843189,3.718452826841207
2.026561366444906,0.5440003320079949,4.155309731255377
0.0890990078345073,0.03031894877672858,1.280613770875863
-1.312063938492273,-2.742320870024302,1.009156818064903
1.939629317762391,-2.486228460964214,3.318552919975281
1.926792516241004,-2.189941489824989,1.554024322098162
0.5853021345216005,-1.161220098585814,2.349576938607008
3.57354820621814,2.634176690110984,5.14685899154042
2.11958531599729,0.6947807261642982,4.384259307503884
0.6437805766340485,3.551741588058909,1.838998279160714
-1.366732870844031,0.2182928343475918,-0.8580717300194347
1.301884856706185,-3.677666516951673,1.767819098523132
0.06013234487497154,1.911111932900326,0.7194507823526178
0.5311408778865658,-0.402290496801041,2.052221606991974
3.89064954865992,-3.505349003210236,4.636274647325213
-0.0003536645505954894,-3.104561039135427,1.541615164052757
-0.1249428719545609,-0.03725555780518963,-0.03450551165873761
-1.970003198154835,2.57957909256669,0.3242489295081484
-2.22443583432467,2.213305016976134,-0.2509547611581495
-2.001026310888182,-3.526042160372818,0.1526795619935847
1.95614449708683,0.7036292800261208,4.161222396499117
-1.260889013420164,3.441686980576053,1.962096616663534
-0.4097800503648052,-3.649642542567468,0.6230770451939681
3.934599643943249,1.939854840168994,5.465480550937626
0.06482600023525453,-2.468112486519423,1.410457130182697
-1.898642209934885,0.7305739026050206,-1.45028692588692
0.9546308547771361,-0.7190283186438027,3.329516390986306
1.850432867587102,-0.07918500544051454,3.679529693373035
2.670389306235939,2.076655033672218,3.449471855452991
-2.587410878154217,3.653047723480411,-0.6056637697548997
3.155401506135178,3.745545499030936,4.573666763280729
2.034715065575876,0.1474731410785513,3.116018674209999
-0.2340310900946054,2.617222006523496,0.886423056392469
3.032428980204585,-3.754265382735077,3.123880088036776
-0.5579646130557645,-0.8166074475157989,0.03773931959588676
-2.963807522567215,-0.4857028957022607,-1.651335609152059
2.065487872189845,2.997756565217035,2.183920919055235
2.797944033890242,2.273571452940514,3.293304757464322
3.716957148957865,1.140863085193287,4.723847782149275
-2.826412504565156,0.2947821399267134,-3.288792087884145
-2.745136020898645,-2.873431373448885,-1.110353756629021
3.400751599029102,2.54294867989724,4.796755711204095
-1.60987672884674,2.739122865656127,1.054342212270898
1.22626280255228,-0.6686631658710604,3.26470191345568
3.891756273226384,2.702435300055331,4.952171009748955
2.267847938631976,1.521915428074062,2.900080708940463
-0.49393845376754,2.062109607109042,0.7633337366889944
0.4069986034534914,3.106472380280693,0.726249507500611
0.3926777663729517,-2.740958723383868,1.331127180598759
3.602346885677544,1.071395786693848,4.238681754555975
-2.647930170467068,-2.694935399552309,-0.670553954675957
1.282783692676984,-2.082883391937097,2.113069587506191
-0.05066625747316689,-1.363547448643196,-0.1269705203579803
-2.34371131777799,-2.452431915901673,-0.5031524809942697
3.803127033341435,-2.882049888858562,6.074363520504011
-3.597436082845584,1.117680881669577,-1.943333353797907
-0.3969148987643534,-0.340957739580225,-0.0065051047490845
2.694906281920837,3.355040553500825,3.036951975131784
-0.5284882023021646,-1.116314042716086,-0.1626202504805482
-2.608387107661667,-2.481705527597527,-0.7352502499718225
2.521949034757472,-3.085138043714236,2.087511994022851
-1.954647175903633,-0.6933094642558677,-1.889122066323111
-2.547856113004978,-1.94508107490494,-1.388773225553502
0.8574538838950643,1.54784085091113,1.51960165678076
-0.7114909979182933,-3.067610328029563,1.246685047954368
0.3048529417289059,2.790844690435979,0.179856870703038
3.320681175593518,-3.495584506968267,4.59263703881085
0.5596121511275252,3.093467619364308,1.246941226986075
3.219699056014002,3.697803647179208,4.275838049583145
3.422513017944873,1.240822635279161,4.307801384054804
-2.359887876065817,-2.017739990216646,-1.256976414223016
2.762178099844204,-1.053657321100762,4.187126995350968
-2.511028421172563,0.5265928202792205,-2.63835865821636
1.240937762415883,2.704106940504053,1.752995413963654
-3.342447440179039,-3.59531016449859,-3.089593715106508
0.8816285650258457,3.101182381017033,0.9371729318645681
-1.450223878975745,0.004955036788593326,-0.1583064248786016
-1.685586047878236,0.2150548906947742,-1.3464007394129
1.810340550982269,-0.2729377330159384,3.996581698679961
3.448397495952634,1.791492505716231,4.583272204032967
1.350832760423949,-3.377286117061499,1.294811764988488
-0.5563987491855675,-2.425591334826982,1.551448687925747
-3.193352189143093,2.167058740853427,-1.982279925130298
3.670530589835879,2.22814525178907,4.441531741047553
-0.5801800910586046,-0.2845697503644287,0.2388962966044877
0.9537832724228492,-3.897809195418406,1.81589475053084
-3.924346948637874,3.858667701938993,-2.670397604174918
-2.31757262696016,-1.754219284128763,-2.107695696192069
1.762570594619169,-2.956934432827428,1.988380364220103
0.49621206837557,-1.392328026204947,1.248917308659284
0.4781882344595187,-0.2977166464260224,1.780785689194403
1.096840640744427,2.405888565452662,1.50638678612325
0.2696667089626947,-3.208836212551617,1.66875953914041
-3.511305323358312,0.4089369862998717,-2.361126073182205
2.383872982746126,-1.516363078732002,3.853797260117663
1.725026049715617,0.0613226476379829,4.881423988705187
-0.2924893621735034,2.88722683490713,-0.2792685328004314
0.6396358349932694,3.631951714325836,1.72509053731522
3.55297605438397,-2.458284780123366,4.473017275521022
0.8960991035274288,-2.33431704001105,0.4009498140324981
1.772263505255713,-1.128366215591154,3.674228931695787
-0.6529397944536868,0.2599969198069161,0.3752698633980504
-2.94756528550285,0.159759742454689,-2.067154449447522
-0.2130535827986364,2.075963198540547,-0.03341920453548952
3.326147694320722,1.483403494908492,3.67904317476434
0.2946955219489871,-3.054166480573705,0.9590007181029181
-1.139700798710792,2.155838315663304,0.6582241440221197
-3.231937071122183,3.179108701739373,-1.819485400870417
-1.70828154759722,3.228413560004197,1.53939096041185
0.3157603847617967,0.3559262586584078,1.520201799322123
-3.864256335545051,-0.7561436238025019,-2.204430418326855
-1.090604684139997,3.601423875020052,1.283678988283385
-3.471907541994604,-0.9934228937627427,-2.510166415378957
0.4696717100525678,0.3571457763870169,1.893322015279788
-1.823700051210178,0.5498454439089713,-1.405650432902707
0.7043023523122534,-2.154716986521164,1.762416668931754
-1.483449511751292,-2.410962427564678,0.7694107075757828
-3.737720954426965,0.4216561302109394,-1.917170797602859
-1.346518414469486,1.135516454482442,-0.9829058772151731
-2.72555177598849,0.1227395011480192,-1.584843890930359
-1.588122848512326,0.0957943268853656,-1.675966313631583
2.499027300562151,-1.345190270082477,3.815703150468922
0.8456208157014702,-3.288079797394309,1.096640343770867
0.5645297420755018,-3.600965989172643,0.6379788768881712
2.732282594219447,-2.372574267679644,3.610409872078375
1.869388714864478,3.738569978037797,1.747543242054332
-2.988013007917267,2.910786525295062,-2.454481893520986
-0.6601484617791105,-2.75743801860961,1.41497207298882
-2.34840248540089,1.980387709260405,-0.8872804383178005
2.297365486733355,1.904087945237606,3.568799576891938
-1.294754368512931,0.119378875276726,-1.050577726387143
-0.8069963245769021,1.054873496574233,0.3051056185075623
-1.411079339557789,-3.813681913388433,1.132985333949697
3.355216080122773,3.793850586676556,5.12733103882873
3.830136514365519,-0.3369442366694155,4.432264297483968
-2.76785441199281,3.667730171642929,-1.574257244273661
0.05862704909384497,2.075042911172829,1.561480327450686
1.588449749636815,-3.707256252984457,3.036876938168412
1.689127799217876,-2.434967527053403,1.92411506041223
-0.8498863690699308,1.381690015198307,-0.7472589293660588
-0.1916087236151194,3.640340690723354,1.288100838898752
-3.303807704776025,2.067729455966539,-3.080769722545855
3.037006390842252,1.832443039301839,3.168917742346035
-0.2329279022834747,0.3013329305878933,0.6961888878543998
0.1402404395681858,1.978057070373252,0.6678940960334698
-1.492773394429742,-1.028389098630648,-0.85123280036975
-0.9330323647248662,0.7810858720359892,-0.2266295442053287
2.942659576322543,3.270019109665613,3.814210367322262
-3.311694639440436,-3.320179325838315,-1.775728453403658
-0.5992823536221952,0.813196222300455,0.3959924382594983
-2.791202696903536,1.239990359632429,-1.530579027748077
-0.9068161968013335,-2.041556638148886,0.488186499975958
0.1485048548530834,1.49651789990788,1.724786561821974
2.933945262963681,0.8768257524715342,3.691470432423987
-1.319913040690508,1.805105581862781,-0.1415474168435563
-3.806331900855038,3.209422905676568,-4.721680545001941
0.753676692896426,3.681632273284555,1.589664675677073
-3.983771625356891,1.479854659400326,-3.561870102944424
-1.226260345024184,-0.2040536518589997,-1.007594524041926
1.655343668233007,2.053694816517154,2.125640545559285
0.1219892187839751,-0.01593648787498658,1.582750399881207
-2.346940043900317,3.857868269580636,-0.8475426287924885
-0.5174178626700838,-2.702747200954598,1.418783539476608
-3.695487572474614,-2.653990933194284,-2.804828724471552
-3.147575214846994,1.248734327574481,-1.821246225490085
2.198434245773262,-0.02239100871855104,4.277486218889377
-0.9574139056552733,-0.4935809316224873,-0.5343378915871803
2.973832656494898,3.777080202107256,4.04713931997557
-2.757393650348959,3.591044746884924,-1.034391586351351
-2.404090439274544,-1.551686718857723,-1.437780903917392
-2.649318225468974,-1.90014410829466,-2.260576908764784
1.060986775935794,-0.04226746208980092,3.023701302816584
1.302617692888092,-0.006379415875972683,4.394181663711842
-3.4948333380562,-0.8410640567594969,-1.959986475974021
3.751181350133556,3.812515761578156,4.810222795649371
0.07484150532269851,-1.331474634349702,0.9080656223948642
3.406831082052665,2.810482305642636,4.285519296096786
0.7008614571695349,0.1196110440726352,2.831591165818127
-0.5630215637083271,-1.298325512610681,1.296528974371164
-2.092744360049299,-3.020683851256093,0.02288104937920177
-3.094834385105569,-0.5799135166726126,-1.625144064174697
2.57555385757412,-3.389474117974299,3.384133111777516
-2.833811973593233,-0.5512153341263719,-2.130336669497414
0.3235739115713958,-2.859664852848781,0.5421813735663094
-1.49246394455124,2.038399885756646,-0.3046887313750098
-3.792400115034826,3.390017356270771,-3.805598154208678
-3.742760113078575,3.186151263575409,-3.389020760451894
2.538234451197449,3.417524565303925,1.855767206237254
-0.4262260598820395,-1.270368308967012,0.7088308276696251
-3.346302705100515,-2.098801301804506,-2.603145586912762
3.823114982063648,2.592070229958021,6.634928253118209
-1.51077255651292,1.416305585241781,-0.4955895537477319
-2.926102361611659,-1.512347459687254,-2.02636529150347
2.760446122304272,3.853647154023228,3.136425100315843
0.2762227644554427,2.069472663887082,1.274756107467929
-2.788967569080409,-1.204783765482157,-1.838760112493769
-3.157233893246075,-3.214919450337297,-1.579192723756153
-1.745508618628067,0.9047718727888032,-1.971679263366472
1.646049507837429,1.823721353080351,2.537237365858285
0.5044828519947782,3.705163192597883,0.8339166096069761
3.493830372754317,-0.30580782196136,4.41812948789021
3.016526127770129,-1.039072462073176,3.906475058714485
-3.883441154068802,-1.546576944928012,-2.946413122841104
0.9152680477341555,-1.140560151661361,2.236460345156456
2.811650130172916,-0.4918837943955756,3.486554850996321
-3.230361976420689,1.498809427593904,-2.09639159992332
-3.327851009076626,-0.9660765224635997,-2.119657830295195
-3.344487720360207,3.159153342615581,-2.613070965557283
-1.769587351058925,0.8597533250652321,-1.961255623430316
0.902726426176871,-1.609954969925704,1.790872642684141
-2.839665137212672,0.7873206001072584,-2.105480253517182
-2.158665938830827,0.7925179041238257,-1.38225596354738
-2.377324826215946,-0.007245213127149874,-1.214247826513394
-0.7823763397734886,3.503653961736169,1.517816978421736
-1.165379792856058,0.08765611581517962,0.1786996952477619
-1.119243859658583,-0.8464052206816159,-1.122128857367763
-0.7882817475863382,-3.565257684502271,1.386058404514649
-0.4987835216585106,-1.440537850534939,-0.07976071261315199
2.72668376924488,-2.723816682017064,4.003866574843055
1.150789850882008,-3.744877291162612,1.921371041351801
-1.10760850965675,0.7101968684162268,-0.9222189401475545
-1.390248711843489,0.9627778743982915,-1.118873638881668
-3.173592700116531,-0.5840918364114795,-1.374631172602641
-3.598710432827757,1.390738904978248,-2.165637863032479
-1.179080113860686,0.7704582525315518,-0.8719185175030882
1.241483006301183,2.861670061253774,1.580675431594419
-1.383889281925391,2.225896558822282,0.4740840329148802
0.3288921939572136,2.524995770558511,1.658421075199526
0.1181547857614085,3.659662367704275,1.228178261024097
3.740059361961079,3.21772815641195,5.49152919600141
2.197246232342031,0.9447038814782411,4.165343640750899
-1.413677283565088,-0.2411552647606765,-0.8397357807382343
3.620245056884848,0.257860104080911,4.30628149243991
-1.788214928713493,-2.609413556032449,0.5631196146039621
0.3988290535657582,-1.877685690349415,1.347679097815784
3.181239873170139,-3.878431234322584,3.398582441618557
1.341007769842392,-1.99178562535588,2.605412340354931
1.224427311987417,0.6553000119258785,3.188213113419438
1.454908985333318,1.636641913484982,2.430697092084512
1.601600103656781,-0.01451961388249146,3.926260619253215
1.454169253739733,3.732077751197304,2.529817506433293
-0.4545914417128598,-0.7458962669569251,-0.4135736041980805
-0.7420797071428815,1.49155464439593,0.7101768185770873
-1.258832395889264,-1.961016162091931,0.3069858884175271
2.189584488120761,1.630607066021821,2.82900104987351
-2.377660529681525,2.379528256174695,-1.138975182523394
3.138557211783846,-1.849372184119666,4.505912622345881
2.835647877313098,-2.273165897200901,3.889418694525661
-3.280306750616446,3.393917671626001,-2.178189509637865
3.805955481270032,-3.096459789033299,6.589743405279306
1.114518647637248,-1.46320864491423,1.902212411857602
-3.612529671580907,1.666671506656813,-2.0786787052251
-3.38605372283785,-2.408747019065259,-2.761522699221959
-0.8559896463873171,-0.226853745367297,-0.8400582685042848
-1.132300701939389,2.186479209299725,0.7244731337554898
-3.152899891799461,-2.41252691139201,-1.06916620612523
-0.9008231226549475,3.169518770574405,0.4007133559052434
0.5205098284627381,1.502250107789132,2.554578507123833
-2.695551596627332,-2.112860884970069,-1.164559872051197
-0.2430680677019872,0.625314704836903,-0.03544952895201559
-2.465803100983799,-3.447452405622497,-0.5981086205996938
-2.332384208187028,-1.097236718951652,-1.731288894858764
-3.421849917126577,1.986562069216397,-2.639937758359467
-1.408695080657864,1.579160735959023,-0.7707534441293686
0.8316646804292809,-0.7411532912523295,2.748112092843923
-0.01911084400790219,-0.5628038528149171,1.147300458538135
0.3767898304342445,-1.499546665271838,1.228547070435793
1.622869787727159,-2.481404583248219,1.453586122893968
3.092785934897743,2.660282425898497,3.621593191014726
-3.886009489393121,-3.916742123298667,-3.132445319178264
1.106818290374177,-3.51539354038135,0.5060885397812769
-0.2769070784793231,-2.524359379503969,0.721990426890404
2.179695624612449,3.322811434983736,1.466490625052273
1.743850763398947,1.997890755934264,3.071667323507628
-0.191139542754537,0.3606061077602893,0.9580468273140221
-1.228727823865198,3.672319573804236,0.6797166172983142
2.268933057027314,0.8179814905959919,4.132774458540455
0.5092469323901394,0.6729472693376657,1.935659329514192
-1.673979243114163,-1.749083276763809,-0.6222226264249312
-0.3562809897896102,-2.922502790669362,1.332796273747115
-0.373249745588307,-1.961904597685238,-0.3095429158682903
-0.403553757605966,-1.765899895712231,0.8045045167258722
2.908354736163822,-0.3623817525378232,4.835761081550585
-1.918294023670533,3.887335501044172,0.2721725040162092
2.763621331213414,-3.007206591677591,3.659946871128203
-3.55854961287163,-1.349632119458995,-1.578480899561536
-2.593190017624876,1.468473837510094,-1.320694315486539
0.6845774857665567,3.952827626328236,1.129998117901453
-0.2904231712461742,2.779393515199434,1.680354221474016
-2.414433734286391,2.802796619526078,-0.4867307974889515
-3.541720033762385,2.41647388978221,-2.524892121130295
-3.762722224700301,-0.4371656840966223,-1.438633806252476
-0.0680583141860609,-3.516898696339195,1.2038257068829
-1.794027712161141,0.8161836803001545,-0.4844938116792522
-3.864624548455427,3.887461603347482,-3.28212729092555
3.118832089603717,-0.1771499406958945,3.875176809127517
2.710067939104274,-0.9799124043609986,4.114743091164186
-2.20221733982865,1.304747847294109,-1.367360015568651
2.025837827449558,-1.073420697167421,3.943240430415015
0.9484902356375429,2.67398838497691,1.562642060725935
-0.8921577021501914,0.02759105310715615,0.426567852574458
-1.720960738218728,-0.1218582994878723,-1.183085309453198
-1.886012424825716,-3.44409217388376,0.7394380071479676
3.426154270068484,-1.544816597184531,3.793739250878516
-2.624889347761798,0.1167166018239589,-1.266401139453089
2.656990635052154,-1.507585618627353,3.569161879021916
-0.4982059865111523,0.8707385767752189,0.02676369733025319
3.754437242607916,3.770321675968821,5.162667585750604
2.63905190482742,1.008387697380514,3.715769594151053
-1.461728324011998,3.435073425493156,1.19600541533393
0.9806281006177162,0.6520251328061812,2.553298751093918
-3.226610810644632,0.6391709116702717,-2.820806924242606
0.9433887848991223,-1.834631081119113,2.730893794729691
-0.4387130619085031,2.434824347024548,0.258259343297452
3.766963094116,2.074374774162076,4.680091364489916
-3.908200936481645,0.5286438055974134,-2.506588971881382
-0.4332751349014092,0.9551659109794821,0.2398415664782853
-1.95948509091378,2.441244349608621,-0.2846842524148879
1.88104279116397,2.644782646167796,2.387204631213038
-0.3629327418382244,2.646410650272871,1.487734974906091
2.107965797854664,-3.829180282420171,2.996165907996565
-1.99608047713324,-2.643710939199373,0.4804446797657517
1.725446794926469,-1.760819301107978,2.233481858214233
-1.920370784502509,-0.03167703127627419,-1.294841038609923
-3.294372945421357,1.675611225204008,-1.699214816533454
3.341320481639084,-2.246041580790277,5.016174746820102
2.843813828248861,-3.176104691398844,3.643761635832875
-0.3337699097605205,-1.714701352126818,1.363552524257992
2.87618111907637,-3.025967421241708,4.041314966143854
3.617551033363135,2.671359830511507,4.992418277977179
-3.506572830063345,-0.4926395531579733,-2.706144358212629
-2.199751358514191,-1.088871690473126,-2.044381777876508
0.8851363958802025,-0.6049367895388311,2.455119454868496
0.8071112547687092,-2.117281217242997,1.142776407623817
-0.2972572227984251,3.80099346716326,0.1749463256799657
3.476264659261145,3.307679159345702,4.832870680325462
0.4217127054586847,-0.8514085296069753,1.375143295166638
1.002597973794814,-0.3715605567882365,3.224422748955532
-2.412494792250689,-0.9981532437884972,-2.003610987042642
-3.643839991195639,2.305836190286189,-3.50326635667885
-3.655636976217126,-3.917384874588272,-2.929143195231509
-3.654811926280104,2.805654853924594,-2.704283765650669
-0.9474291866621476,2.568219325762313,0.7447987059080687
-1.923701944972927,3.60820312219004,1.27607104595247
3.141123928948596,0.6946353824324092,3.629801856313556
-1.56513301235847,-1.138164699706143,-0.2579032849164843
3.129627056051443,-0.1543304900100324,3.660785042493824
-3.675701973346386,-3.611964126933733,-2.817784098323866
-3.475817857210136,-1.527602244446981,-2.610678656914044
1.13349797154235,1.50791490557789,2.44183251571515
1.285995455835641,-0.01447074256754632,3.158227010752491
-3.796915023235213,-1.771897694478215,-2.41455408010767
1.835102049995691,-3.2249931688913,1.141753996592908
1.620461005069961,-2.47702023821257,1.745314030831977
-0.4216143187301311,2.912529815323503,0.7300931068765006
0.4402458444215531,-2.252818106897887,1.531743922699479
3.501193024898141,-1.557784231001595,5.253099652463698
0.6220233498579768,-2.536734107274381,1.142518168505686
2.164948638105971,-1.89790040896925,2.696800841190557
-3.760835194463804,1.200403935442456,-3.41336425385079
3.498599520556146,0.6745195261535475,5.358980374913139
-0.2546322118852711,2.037142712844462,-0.211070873517988
-3.309325398639695,0.9048286796758971,-3.582384863314956
-3.862421573309552,-2.698916880520088,-3.851836903449877
-2.405998867738449,0.0469077662518691,-1.974423917198608
2.164880242225002,-0.4381228446597927,5.290378816883466
-3.852860215312847,0.08162861444006531,-1.221581053111966
-2.722461061832521,-1.38669816343822,-1.336924204450821
-1.906016916571041,2.814565205940645,0.3048313302123053
1.465115871822771,-0.6469358259810489,3.627736440366562
0.7082799085120319,2.892550629733279,1.254015105912689
1.990236029591446,-1.024364195264701,2.885365270834369
-0.02598843603709788,1.533058869139362,1.318193466485425
2.935530764555178,2.063470267980153,3.105832910808503
0.7875670264371157,1.954551598815663,1.198711484082219
-2.292140210504556,3.042085798934108,-0.03527579284225862
2.007984807974986,-2.964388986617188,2.485519636378385
-2.990823875235174,2.446251636990616,-2.420326549199739
-0.6432011097315522,3.989996168309111,0.4777541852400031
-0.4667108969966787,-3.075659709724513,1.89615866186822
1.155826897733948,-3.56549427983936,1.399438523368467
-3.952493861410771,-3.012408931821496,-2.315642579597586
1.607591255783321,1.932527673956694,2.622953212103982
-0.8233544527398058,0.6239621051461883,0.3613099798674526
3.639087571185212,2.558087873597853,4.852056865583608
-1.067966495267121,1.197047741883713,0.1089553863535788
-0.9365769977662,3.707665999940049,-0.3445195348398553
-2.45578882682402,1.461145998042429,-2.222243091022116
-1.507224627329863,0.5074212307688253,-1.204152852923155
-1.424225234269753,1.503087254570762,-0.9105051586820978
-0.2758457968652213,1.022225169027892,1.029074559288603
-3.029804636593061,-2.416557770206901,-1.287322624739464
-3.015559857532219,-3.629095186364186,-2.728385197770403
1.815809661639198,-3.783353350446254,2.679831018970041
-1.754620486733093,3.302827709155231,0.9334697882681303
3.774496204947432,-2.154688782569659,5.856891214460116
-3.049561361018595,-1.592758559925537,-2.424138331038661
2.996869397492499,-0.5024402322337096,3.948673121740569
0.3352716735636685,-3.634606160458677,0.8807282942949667
-2.009698015114578,-2.952855560844426,0.6954367468624674
2.33368538151098,3.09536725518116,3.351504314820212
0.7382938610886445,-2.507321450060904,0.581111437344176
2.962348952333737,-2.613530414683038,3.643514808741873
-0.008982244363602732,1.096992922535758,-0.6455512750701472
0.7277632549160336,-1.081106677192726,2.756623914925535
-1.60992953307689,-2.157092872326753,0.2987826861146339
2.055399443203926,-2.564166108648586,2.510271365525782
-0.6067396065626021,-1.491719774097892,1.031121031840415
1.36058009023943,-2.559177782104635,2.027637726015324
-3.422429053182454,1.951796803570976,-3.248802692942373
-2.903544675621099,-0.4860465253403232,-1.208975324761163
1.106338697331921,-1.95247245497514,2.089242532361627
-0.7285666670379038,-3.437959406509491,0.4202616177882095
3.922536841498832,-3.605515592767322,5.29836989256701
-1.800221627493012,-0.9367843416598829,-1.787488296083225
0.3976783512080804,-2.22953347047591,1.681516083922037
-0.1868437714395901,1.623566616244545,1.910624933123545
-0.501883898837864,2.271452727805776,1.829737394492309
-2.966498188835211,-3.901875238579991,-1.564892939890616
3.330338449160525,-1.858607004242224,4.288622623000878
-0.4586915203995812,-2.779100058326854,0.5244242289978092
1.849309956524626,-3.046026131057951,1.941581935855885
-3.644166602008164,-3.867261858834474,-2.450441167753813
1.169094556850689,3.926645119416857,1.757798472658464
0.3576967978781074,-0.858810029730809,2.791753713588299
0.6741824891515202,3.271868317595026,0.1357249183842124
-3.246773457659639,2.095956394799892,-1.054877866233324
-3.312335236035037,-3.9819449222352,-2.395922821159368
1.297213326517055,-3.605013044949876,1.808316630791693
-1.012784902342898,-1.523821181605564,-0.03793598458306133
1.173941071850718,-0.3518422683416595,2.702099935370216
1.507954427728837,-0.413244741447639,3.889471938395277
-0.1528924940576122,-0.03541891438409284,0.8934754352316429
-0.4083716594228726,-3.891564982771315,1.267970704368258
-0.6989128006376255,1.2715858098971,-0.0125860828148093
-2.903832579236211,0.9666661078100454,-2.238341302397145
3.245004948388433,1.848712604972493,3.670079930927569
1.612782568838541,-1.956278442418399,1.899886035379046
3.534883257386634,-3.995120490918108,4.475834052240915
-2.838296314589498,1.203424642953008,-1.88263686987473
-1.790644167468008,2.053888394423603,-0.7650810134747653
-2.621216770187445,2.26980065250046,-1.684780856773294
1.864634532075567,-1.426169440621758,4.087074955416305
0.6760240599666307,1.285747192832837,1.925552546316716
-3.687040663236043,3.348262248055981,-2.346936535768979
3.971438486163868,0.7738344239598476,4.521560214296406
-1.941076297877355,2.915087093509469,0.2393344770678001
0.06870808579532817,1.259367485293329,1.306742506714873
3.926972002814238,-2.568686587978122,5.75404141492425
-2.818790200066229,1.814444083119291,-2.175659506056521
0.8252296884310457,-2.474666702504935,1.151438790018503
-3.97597755254152,1.103684709013041,-2.800015274025565
-2.332474938159551,1.45438241262871,-1.73441658315913
-0.3878885948169728,-3.69292561289519,1.0926820303829
-2.71742402618145,0.08725162856890822,-1.479685007124047
-0.6937386046288063,-1.692526127418435,0.873242827351692
3.435001428299259,1.170102362948593,4.517786128159401
1.778339004274375,-0.5266405438364377,3.8486295475339
-0.8918548521255394,-2.123232455205998,0.5548756178699098
2.462217348093886,-3.141241277212086,4.136919427622469
-3.194037032682457,0.6956400853294005,-1.478033827646942
3.254224375693002,-2.745997312755901,5.051404470295503
-1.438337465594373,-0.8056464305494613,-1.203428795787297
-2.388022634647166,1.824675405000893,-2.19753751346189
3.257032491044557,-0.2413004928678308,4.373075341742173
-2.256075206154622,-0.02407660540184775,-2.073514918924487
1.924127836701963,-3.375813426254394,2.105123949032776
0.3586145899523814,1.960208083595002,1.269203101040761
0.2293422473568612,-0.05914390364219368,2.167524215293235
0.9894629528848986,2.890453641806821,1.158230345140411
1.940595110310228,3.681996156524842,2.768826077947437
3.928347754072502,-3.306916853558031,5.682669252709267
3.90385411503881,-2.363887465288865,6.01039838836738
-1.561411271829801,-1.124608394465032,-0.3697253627866549
2.527520994697256,-3.038127653503018,2.94735643030099
-3.712304232598748,-2.437584027559693,-3.082619212180445
1.821126553766067,-2.970948522105402,2.406616971223224
-1.857869951348019,-0.2710403191308526,-1.834385112467485
-0.6015539107118171,0.5124320397072992,-0.8903082962649791
-1.527646322614018,2.386134943648297,-0.2693632989626983
-0.3110713318424043,-0.707893217022888,0.9373438632607021
-3.393970188269266,-3.981735731653323,-3.10017182098995
-1.276151732533309,0.8621619975669459,-0.1407719721183794
2.126536566585306,-1.099731253095273,3.339363964259633
1.106190125453536,-2.365583853526505,2.034202986635526
-3.790349932715411,-3.039435519390875,-3.888843081785434
-0.2508052973210795,-2.065345531699085,0.849639102775535
-1.463380323327316,-3.518554745237093,0.5078895342753265
1.876250253682623,-1.428066919863679,3.608751369327747
0.6825808197150112,-1.046520229633254,2.212128650774366
-3.075789411251154,-0.6194294703350272,-1.898028450454995
2.92988331338705,2.03767388050288,3.533525262603173
-3.67218328069887,-0.7377587344322674,-1.643703705732665
-3.083838684150115,2.662018043756886,-2.53029396982832
0.08698143672561454,1.699640883143305,1.35257519761852
1.101022464616537,-0.6676703075222941,2.905966861615981
-0.0285199086384571,3.449135559153886,0.995109739321261
1.468310538448613,-1.817259788272463,2.140761969308995
-2.203794010747048,-2.822553310049115,0.183716906756163
-2.096390217988303,-0.7093170570000522,-1.503706157929624
0.2085514367591923,1.330487656968763,1.370126168236046
-1.7305913206243,2.312144669071007,0.5285013552380542
-0.2302974456352809,0.1028952162694763,-0.7703324708868858
-3.027557878521593,-3.5502929498395,-2.746045642906873
-0.4658397238941223,-0.1011114501508121,-0.5311495453172518
3.434954053069096,1.084442593394308,4.232490262130933
-2.115090203701794,0.612333717311266,-1.490990515960448
-3.6408374252716,-1.363582017411291,-2.401001589616111
2.878180402110466,0.5230199926596679,4.470263471128401
2.7856846975222,3.284863188756117,3.671217516727795
2.227906014001005,-2.135392607788807,2.986153415479674
2.381046960421272,1.938824904273543,2.139480975982453
-3.558112389145504,2.329424371180731,-2.303214383848865
-1.909256699003639,-2.111965564301473,-0.1066663983494211
3.42498748415434,-3.908343058675101,4.221685932538207
-3.386964915594679,3.644054829747455,-3.133766953629717
-2.447242290154488,-1.047819331182363,-1.090227101967083
-2.827913307366672,-3.955969416681511,-0.9351934045937695
-1.982606211547116,-1.815365060491772,-0.1734543266030689
-3.279096634601304,1.265611715756948,-2.507790597101548
-2.22460743858422,2.483214522779762,-0.3019170362459336
-0.03621156469429021,1.862307878351939,0.5504183922758129
-2.587612844396799,-0.2127833171107492,-1.060777420767949
2.000193846544562,1.455650268033436,2.806016331471716
3.109377327655086,-1.481241426965764,3.69679387261733
-0.7589848602476454,1.438046353094267,0.6134010703539305
-1.046819091062596,3.238065092590064,1.033222897672518
-2.863767380179128,-0.3568341755801354,-1.999769721475671
-1.964592528573659,-3.458587300641717,-0.1650585426408147
-1.985970583120595,2.517635244531173,1.138678664587755
1.242566002107222,-0.2420849734315524,3.827638715457935
3.557556725008024,0.8324125850357733,4.560166617694149
-2.641158600716048,0.719316972908481,-2.82082473412849
3.823689485839162,1.116106922048518,4.707239675390761
-1.307275590514048,-3.802316182014257,0.3342582611953335
0.6173031046386148,-0.4940169425741896,1.56535990831292
3.096852169038472,3.461879269212035,4.506699880092368
-2.541130623586112,-2.068037333982508,-1.363734774139986
3.374872896386209,1.111774853493539,4.125548060028684
0.4137281091114939,3.453115707730748,0.9011549242645731
0.7648231293619876,1.994030252615988,1.117830276217538
3.870873400138569,1.710746159572195,4.967819399083055
-3.722148221201941,-3.769058811896787,-3.388231336610421
3.660151758175975,0.3472191492103249,3.605165035540543
-2.097170529686974,-3.15341577109387,0.4449265386494741
-2.911397898316992,1.838242391858095,-1.602660580103296
0.3808641756562325,-3.469889619494298,1.566535425467813
-2.875886113271124,-2.699777526784181,-2.295260000696269
1.787702808177474,-0.8781788553467988,4.184736877947907
-3.60787203838898,-2.830316669418075,-2.13841054378173
-1.823391405875242,-3.693324440778116,0.6667826385181038
3.277836554379145,-0.9591367314943726,4.695575081793054
-2.565067947905278,1.317404327494945,-2.176327698209077
3.702035919124477,1.058936490168459,4.342969228612123
3.196875886332706,-3.700462735778408,4.910061584766933
-1.336262632754198,0.8531498399136339,-0.9301098291412879
1.264564575868879,-1.721695554496447,1.552941026861183
-1.651745204698044,-1.57952337300532,-0.1393009363119279
-1.369063756801445,3.335386797012803,1.044337320590631
-0.8815732954660023,0.4289455481823925,-1.004492812542405
3.165040000524141,2.513622559695711,3.7252054743356
1.919559132030452,2.063051064709231,2.271995739752291
-2.709252529511947,-1.994446468420064,-1.255597617502567
3.093831294031579,3.485971060969801,4.993174529356597
-1.740767544567549,1.43095263588867,-0.9999430956588309
3.476387676742383,-2.105029311604151,4.134317915664129
0.3130140911750336,0.9187628529239662,0.791946825852521
-0.1441176809753957,-2.519888288410168,1.034378790044281
3.061606260496912,0.7695402528867543,4.831643749902161
3.345601220697464,-3.756237592923775,4.922799697581699
1.664424572683044,-3.185127730452836,2.062545489838212
-3.414923980171265,-1.731724343506126,-3.020740272638725
2.710331946309201,-2.176997127301874,4.527800260071501
3.787242459999803,-0.4347935967356396,4.917163542929305
0.4621898028514737,3.798583784983552,1.108085771519352
0.7771234517648011,1.289727289387322,2.3033034435122
3.772626363229085,2.999499452602106,6.088960977088792
-2.435548787724391,1.424821570599105,-1.155674033064075
0.5065721265501173,2.697990812357202,1.716969158349275
-3.337425555724194,0.7482870516826585,-1.81869135517669
1.977741519811896,-0.4136911505036087,4.068782256813388
0.1224140814999677,3.528140789271331,1.622144920625505
-3.335160998653185,1.704715160947693,-1.991481773847745
-2.058570458846511,2.695931937223498,0.7213877657969393
2.032403995008229,-0.9391971684826075,2.848374051240156
3.151488404902169,-0.3730784838817423,4.794347644619904
-3.718644415321519,-1.981824226422692,-2.710025953741354
-1.354269971072013,-3.012437435216187,1.464868389349832
0.8947111784417201,3.490631983784593,0.456148700989822
1.414524696741553,3.702160390522716,1.972535032229274
0.3552172782725709,-1.433672696557119,0.8290918397737773
2.083212182128705,-3.614104231551411,2.720285657279102
-2.017437359436475,0.1002160576760884,-1.887285109962087
2.228091300900419,1.649540279178177,3.050326658611442
-3.257941454910116,3.998473791940906,-1.699785827921674
-3.732406726814461,-2.933291836156839,-3.003047326998514
-0.01741119254370904,1.711093383842653,0.6806065550766982
-1.469215362054452,0.6169800881695258,-0.7321675204397728
-0.02624442010306538,0.9936641680216081,1.02247250790941
-1.914818564811749,3.559473252806445,0.9222188405084759
2.31004891251983,-3.805562141904685,3.206516279332799
-3.589675958978936,2.015397122011706,-2.584955354992033
-1.0279079772114,3.716950511423368,0.6172142797214726
-1.556333359753396,-0.9117535232785352,-0.1443165435378813
-2.174894307441861,0.7248855988943834,-2.09536078913494
-2.233077399213741,2.306667006704948,0.6819335667040027
3.413631612727235,-2.880312760042752,4.792704477223379
-0.9775069997047385,3.62196771315394,0.727180368118909
-3.228580491132217,3.814519480326236,-2.392372208414979
-2.636915757081035,-2.079141773831338,-1.511432826292153
2.49440900880038,1.830404148900629,3.53588129389098
-1.258133980655527,1.144190933263461,-1.2287972065141
-0.5132542427510645,-3.841524929089415,0.2713162009111163
-0.2034676971773353,2.455788356483946,1.633714366686203
-0.4021523027815315,-1.61578559859948,0.499469579199898
0.385519771644466,-0.7082449767532566,1.752600584385782
3.894004748370278,-3.452101200832431,5.658141202088848
3.634867807154323,-0.2160649710793745,4.734661239646253
-0.07792324299214393,-0.6373765344470259,0.7941911361394202
-0.3154111409269058,-2.866338558091667,0.711411754394577
-1.780342439541895,1.48748942402525,-1.132867848335968
-0.4061508148541755,2.498174062024904,1.120031096165084
-1.935190344758816,2.648370491619307,0.49418830617959
2.862001416166059,0.1971847697578841,3.927657034089528
0.1700503078007296,-0.6273530679298975,1.056334369036516
2.701693961359364,1.634329691790211,3.79479375502852
-2.482260308548033,2.189381711372399,-1.125622262703251
-2.511513723772535,-0.584472899601856,-2.162021702352809
3.125951450785022,1.798092111876276,3.92159852619544
-1.592494670693405,-1.439727253243454,-1.38537453501065
-1.834274427421896,-3.117173809940779,1.472692872735955
3.024996985815266,-0.05937009329519594,4.588358106586076
-0.7238046605244346,-2.984743781761748,0.5271122265040079
3.612612580491124,-1.026686790824418,3.909390100959489
0.5626506709802213,-2.044493400380908,0.9891730459989023
-1.565298842312218,-0.400960212482711,-1.66793312949743
-1.423629979453595,1.930488044830721,0.1044023757013621
-3.511470298260928,3.67769464979646,-2.986959544200567
-1.588637864773024,-2.385097031970315,0.3794213706258879
-2.545610762376051,3.006366114818618,-1.376765467293563
0.9153091260072825,2.189392646687631,1.021861043618381
-0.5816040512141214,-3.060111444590372,0.7549187988714217
-3.433246756760473,3.936578278766643,-2.611589310359894
-0.4901500323685299,-0.8818089924699741,0.4823705045731117
-3.133530172528882,2.506826645188661,-1.991037765627012
3.692300479682002,-1.321737095759251,4.718594680323991
-2.777723188781786,1.136427892479028,-1.592242907711436
-2.648479369731508,-2.780984881588436,-0.7524523399493164
3.024145558793104,2.22252838025605,3.901007317493561
3.499256903536564,-2.252722018418986,4.268334672687757
2.838614431922458,-1.022739440503436,4.280837830339435
0.03961926807818816,-2.776235697058148,1.222233298321568
-2.497657051749012,-2.536010373911466,-0.547821266522375
-0.09959107248649168,0.7070105941970919,0.8296744360017476
-3.596129689257541,-1.991331644225162,-2.845707943584442
-0.4325726666850906,2.676096819708279,1.50641717424338
2.132890399886111,-1.457234089693298,2.970099976286854
2.851186658953753,3.218863829432189,3.869898541931021
-0.9506222146653203,-2.364017218167795,0.9764245814958108
-2.475351934218607,-0.2966311407853857,-2.404804324310224
-0.6403364764445634,2.028979191837164,1.301607596882313
-2.683396896282386,1.18581127613426,-2.521624991313783
-3.237987175691204,-2.313824438539523,-1.812251118480447
-1.133437505207167,2.565120154880558,1.505105814263007
-3.582560317454899,-3.622832037821584,-2.541038590869121
1.941912911706631,-1.971835768693233,3.173462545691535
-2.386766435642722,-0.4933870330697276,-2.532471711526294
2.092007958538794,-3.395805577466731,2.728816569459794
1.672498699673758,2.29804961001365,2.347292267118902
1.986398854550807,1.141520105806579,3.662988253370958
1.218222516612134,-2.647711141325034,1.349224092118688
3.217687159872188,2.556025909661029,4.780108792716057
-3.060250506353536,-1.061660719844853,-1.730633595378238
-3.122465886016506,-2.769388802561102,-1.703382006173535
3.691864778740319,3.258915455697859,5.203498460565827
-2.375832751773234,-0.02138619153790877,-2.039984591481619
-2.208070863028687,-0.6189283836569484,-1.988083941120957
3.005121367231761,2.515292388092588,3.663022026509097
3.943324476194778,2.759335726109576,6.458333284443726
0.1363075106830811,-1.511019030003438,1.587300517998234
2.84947740562171,-1.760102136163512,3.698117719383494
-2.85594182566508,2.828968075166244,-1.068282182163491
-1.853077819092396,2.160551892492711,-0.6462034540067074
-3.224249629738178,-1.30983745165899,-1.506301964335571
1.305748967692482,1.80941395249551,1.206895759101534
-0.3856049192312927,2.042193949149939,0.9966056745107407
0.5545164085877694,3.32146817156154,1.013247403211084
-1.547657893377697,2.910681913972587,0.9440052681655935
1.897381449484751,-0.8672041555080234,4.163368313726858
1.206608142175305,-2.35167185710606,1.806444510964052
3.604331119091621,3.214012933755543,5.75557333302512
-0.308309410330919,0.6720519805549374,0.0352012789897172
3.344137566109194,-3.926136890861297,4.496006766238573
2.572559831851098,3.82369865104994,2.729295098065725
3.398586326462822,-1.577610800271146,4.2407667628523
0.4199836912932708,-1.654842977021081,1.49420503295994
3.811331184823638,3.13184746102641,5.462830789147983
-1.053929533745755,-0.7541293443399324,-0.378882427054673
-3.145197721171705,0.09413201988056752,-1.692839332647085
1.993946453571063,2.249239912238431,3.047241049824848
-2.210717038647874,1.815349213029364,-1.324672990000034
0.6319755209071829,-3.307207294178479,1.435638673364038
0.2903512870880665,-1.392333135457902,0.6590769206902263
2.208608739842178,1.122416940981417,4.008473981722927
-2.941796948228677,-0.4467457189692121,-1.855201367952397
-1.558690689950844,1.401561727182141,-0.5988539188248957
-1.203473608213461,3.48555190144934,1.066805863679569
-0.07618873785467883,-1.349361517080585,0.3949811907367483
3.408341452796237,1.394223623563279,4.697244607166373
-1.754770478250534,0.4949119596475855,-1.196069457917018
-1.482425163503073,-3.772422217200652,1.138986455271291
-2.967726548796738,1.736763704632907,-1.585554971858705
2.613320729812244,-1.647601025113151,3.038748849670728
1.238083549253171,-1.454690935026802,2.37267244151033
-1.71976134509792,0.3512212969323372,-2.033031737648779
3.156347242453656,-3.008320016018941,4.210608667409674
3.813468421804695,-2.277270187748536,5.532166064838779
-2.161868584391003,-1.714760674677364,-1.260523468579647
1.349946591431669,-3.215140089648099,1.926075420058239
1.575171877689836,0.9769404144156288,4.056779765651176
3.234969450331585,-1.244798547795764,4.413226436285777
-1.08833631964907,-3.463812704309025,1.496291945163936
3.056805838747943,-0.9308239642818483,4.346321152479637
-0.7838171764864237,-2.092568941570311,0.4287105886143595
0.6176912460709252,-2.498591472364508,0.8094041327006665
2.566236056456186,-3.079333371301878,3.117465868143632
3.404992654660712,1.338005157652802,4.721265930767576
-0.3563461821060718,-1.02263611850347,0.8255276006181387
1.498750882774368,-3.324317575411198,1.275016054273008
1.215742919315314,-2.433683465905871,1.46775026294649
0.03935784368278483,3.70072777187471,1.445212082251635
-0.1836869602625129,-0.3461664488828742,1.863090241356801
-0.8375999239675753,3.089466448209442,1.626135893482546
-1.060292689558685,-0.9098100001166998,-0.9085481724687898
0.9210263827005765,-3.655238917548326,1.396971569661296
-0.2747836202419114,-1.502359530069846,1.256912045704906
3.334413891388917,3.066730637211167,4.583115137131437
2.174964871162786,1.745341953391967,3.238290749322024
-1.970565045228892,-0.7369762642200719,-1.548912146168119
3.390112123909025,3.207857838552175,4.522980695694474
-2.409031069817578,0.4264675083243601,-1.702472738956816
1.01879795679964,2.728755382941869,1.384907940430169
-0.2384379014488189,-1.316212120446045,0.6913893267202657
-1.128125860332042,-0.3335927201170739,-1.317266423054571
-3.144900533546259,2.685901932066717,-1.604313623660156
-0.4828551754607231,2.349214230334502,-0.1514749725895019
2.013658946175866,-3.114434699424805,1.852139211290101
-3.545462117251923,-2.848965237330048,-2.676234014210563
-2.911722447704751,-1.346380760263634,-2.275669240382581
-3.086507705608533,1.393893744960075,-2.111025053468941
-1.766234109634532,1.295272301698368,-1.530035114537001
1.667778122455811,-1.123146755405841,2.856914310976621
-3.528765555770833,-0.7962113201286289,-2.522840429598261
-0.3167624047967328,2.347189415110988,0.6136427085434655
-0.8864367409892466,-1.748492541245073,0.5802374325508035
3.359480683452095,1.921027728740195,4.457970979777799
-0.2792685978688736,-2.354134724546125,0.3879161487599451
-0.7953538124054278,-3.13687906002628,1.451209205208051
1.293844093900197,-3.219627464977181,1.392508994046627
2.591253054062094,-1.760186535276778,3.60865227185901
2.047884293555176,-2.651799032141878,3.271576921157089
-0.9392303146185093,-0.780706119999687,0.6207624395357817
-2.960828280756954,0.4760875486941902,-1.726598953102388
-2.336307303887315,3.673943573822616,0.3773330461650224
-2.632814135261335,-1.368354701059777,-2.190889212509506
0.268713307497543,2.936364148489444,0.6184544301416491
-2.601995396777522,0.8101153277908848,-2.086660453008894
-3.002824172758064,-1.539959548014066,-2.062924616872587
3.829862392687473,1.635738071021023,5.087188096425078
3.313288454337327,-1.798065211487304,4.369086902267197
-3.109643569446955,-0.6953321974255946,-3.555609176081487
0.6727004024233922,1.267410428448793,1.527380251134711
2.095906771637077,3.457453465233939,3.220053570799147
-1.710935816757625,-1.911763563827859,-0.8813867095519079
-2.438738586786831,3.029007332264259,0.005580212677606666
-2.760780755942049,2.67699075420614,-1.638132354227216
1.924716328879127,-3.786989818779583,1.944611544267088
-1.153334316425329,-2.419751077760812,0.4221618696298191
2.185476193127927,3.946208783766409,2.540740582749642
-1.010635236805244,-3.615365416898,2.284584287103561
-0.6796999368484729,-0.1076715795265066,0.4632397837806882
-3.926516604956923,3.73037731768294,-2.705573407641008
-1.563828833431296,3.810072842940518,1.056822051050138
1.959558163501357,-1.011886631396163,2.815783123099905
1.633036603683982,-0.5725598562663636,4.435031385391122
-2.200342248821843,-0.4882260889742032,-2.05639596007343
2.057642928575875,-2.664592069907703,2.228597792662117
3.406284693246127,0.09313217235647997,4.074116338597912
-3.791338682152398,-1.918856947032962,-2.927601462763529
-3.480483880829028,3.328314022745036,-2.54397458127623
3.413896417562919,0.4203578703727295,4.293905386226213
-2.053507516336415,-0.5438369253102069,-1.468633721885232
1.90606742954308,1.781682405230017,2.072909036669943
-2.006127707553786,0.013826829988,-1.033643457035978
3.916378123939888,2.439057388295498,5.082998573915004
3.147171202588238,-0.5364714664733068,4.251688117077575
1.997118972913788,3.73560150741678,1.66760963245835
-2.729433204188034,-2.24617159949573,-1.808034855978883
1.351173618570844,-1.925638779719568,2.932637921531896
3.17935537025133,3.582583178275342,4.698525309809995
-1.41546007076955,2.288430368862174,0.4815373423107959
0.2852420080931042,3.090061234788031,1.2889325734554
-0.004372901236414428,1.167081759355072,0.7646077369661967
3.4628027689974,-2.809170385377511,4.073089208641471
-0.7118196292665342,-1.273398524196424,-0.08358942758751459
-1.509022004033408,2.060577743374917,0.621569747683988
0.451797581748191,-0.6292428155238712,2.255168003277777
-2.144152925593207,-1.109787265794956,-1.383598147386502
-1.788435686105978,0.9769406159737537,-1.147586403851497
-2.656025970947743,-3.155154000013919,-0.7104988100410289
0.6500761130130304,0.2733874801205047,2.349626244477236
-3.516912296573336,1.30827617181632,-2.769169959029451
-3.146624492953577,2.801528071384356,-1.627090431769775
2.234045965684318,-3.780758636567215,2.357172753963823
-1.937060012666766,-2.034690912691863,-0.6015489015324763
0.0443908784471283,0.7363255043990424,0.9040653470797739
-3.253580026394687,1.890803998501428,-2.009597944958569
1.25115485181131,-2.370471272327518,2.100077003922849
-3.119498908640303,3.068095855944104,-1.240934770288852
2.095514195022049,-2.98319392123032,3.019921577310981
-1.605146909248752,-2.627345805411677,1.430518008102161
-1.609534277284239,-0.5445235947881066,-0.5022767032871737
3.154396347154262,-1.120747305998816,3.269317441467289
-0.8722458080902147,-2.501177138764855,0.62743788871259
1.665649875951957,-1.141187777834782,3.69583866854696
-0.9403928674597228,0.003339640098102947,-0.27154790208867
2.109107848142846,0.6399309163992504,4.338384634386549
1.247694056092179,0.8684458722848252,2.470305337382829
2.283294344809915,1.949277978894815,2.500552479254493
-3.6303826251401,-1.470358033031628,-2.913071443238611
1.900516670762847,0.4019042014489003,3.624187245425378
-0.1994855331305461,2.049597875430143,0.8371703034866906
1.795277993387686,-0.7946583731313313,3.952772122477307
-2.765088428828264,1.603852358458128,-1.753788401540909
0.9830768211710748,3.493565200911653,1.567298381380807
-3.934996219346934,-1.739148670410124,-3.517341221761798
-1.564690400754507,-2.158936211407187,0.9158925997938976
-1.299380179198432,3.905930593470208,1.103480218957926
1.337240951246559,-1.433541254610078,2.016204827590171
3.302612709523406,0.6651840921220096,3.354954750061578
-0.5644441785243783,3.903018469416603,1.006767668252327
-3.817157762778965,1.018832688623599,-2.059165435215733
-0.2204513638705157,-1.992666437359166,0.4803401003270385
-3.549884840459444,-0.4626174503244922,-1.551969364695543
-3.641539133131864,-1.407247751014786,-3.380970280395997
3.988441053935811,1.194661893166755,4.603623887856642
-3.840170111588973,1.048347846152117,-1.860007452082468
1.724969825855727,1.259534748569465,2.275472733766174
-0.3745776606233973,2.913395859076197,1.109388900827831
0.6329207905735847,-2.787004096615609,1.427211794254938
-2.698428752958566,-1.805727110535695,-1.852197602345386
3.107290410765224,2.265938547243821,3.188849060196876
1.673720407771486,-0.08176757585385541,3.903717798175075
-3.427044338648193,1.904952487268774,-2.368632782666626
3.045037195661035,-3.563822711098904,3.519461100783986
2.457748825891807,2.092243074546338,3.445462303533404
3.956939265602491,-2.66466111368807,6.232625997073119
3.012386839413657,-1.625623301194437,4.23995836633074
-2.029636068663877,-1.111468986894496,-1.148337797099988
2.614180521483877,-1.477815008855763,3.320401307381058
-1.36817680618632,-0.5540969009836605,-0.3527044943904989
1.687708617289483,-2.564936930315282,2.634136796822083
1.114477020430126,3.367888324815325,1.351040152727638
3.309446138692496,1.204075449376288,3.992100302768473
0.9689119822666568,2.023523011564506,0.8516742406840165
1.48315317321592,-0.9887156623558262,3.370969790179998
-1.747759057313612,1.57250460144706,-1.415429624031237
-0.8279308112364463,-1.923643424999181,0.3586853049287915
-3.853032166220857,2.68270480327927,-2.367644866777537
0.6605383095440747,1.446069890040288,1.828321325124108
-0.02212868142435909,-1.104445262094377,1.123952245075098
-2.528314659770358,2.536404468727007,-1.139473587224734
-1.196724266720769,0.4694842065597973,-1.538985403790103
3.386458001138781,3.51033707622924,4.545910847592745
2.399324095197786,3.154093520412755,3.215516461065304
2.026134184109735,3.618375955959586,2.512253497986909
3.902497518144609,3.498314965269349,5.179758753359534
-3.688854651201084,-2.0041885111512,-3.609059794089515
3.685625413892919,-2.205696051473041,4.989957671651265
-2.686753094513355,2.194051260719375,-1.501215597909494
-1.883931787930893,1.413290135347651,-1.542660770066529
-2.61022097893211,2.464722635210421,-0.8909771408186239
1.749314428631876,0.4393942542141076,4.561031820309858
-2.186790360744955,-2.066849184908563,-0.5190145767107534
-2.844081947082145,2.896118675342416,-2.222097643219019
-2.799889453296876,-0.01009185089943898,-2.394028192716366
2.575381576085721,-1.361173686255199,2.899717690939209
2.154099806709233,-2.491107103200378,2.951361285260662
3.85370164797956,-3.489677103152479,4.755033810778945
-0.3989803636866078,0.07054857483799726,0.9971487472528018
0.08892703369390897,-1.697101735135778,0.6389907043880813
-0.09185720099325323,3.100983409209653,1.086636956146784
-3.047552651143097,-0.4269308661344562,-1.371079710887874
-3.846728787442715,0.7399998228962978,-1.725319076873415
1.494449106224184,1.071663215946393,2.513939104705903
-0.9035691552573768,0.114007058456882,-0.06615692958452729
3.284857129133226,0.1192018587671795,4.483944083698189
2.042342570411294,-0.2574423670040114,4.406725338752451
-1.549880813499264,-0.7729934653554569,-1.852280247664183
-1.470978073693367,2.388022282854149,0.337798831076668
3.108736863504268,2.838549300735452,3.788765312386647
-0.7574097123113921,-2.963603837623203,1.644979598890786
-0.7596183269696191,-2.84847479643887,1.342196113875298
-1.61294783976053,-2.984801218284015,0.9348135020790429
-1.610777186260314,1.686638756604464,-0.9190250585321666
2.875858326345186,1.843066859387394,4.87555535635599
-2.49945369761407,-0.721153029511501,-0.9441289138551665
2.343692595899799,1.470144077914732,3.672595471404721
-2.535707881018386,-2.502685417271715,-1.558284732497548
2.043435850458806,-3.284664451794209,2.288311884223509
-2.928389155426022,2.591882519541123,-1.519628566633442
1.755359366621253,2.564200471854571,2.298939196738278
2.4407283621778,-0.4816735914822434,3.889556872064922
1.264689637185096,0.6117516984016529,3.765919135971799
2.430402235435563,-3.449377928016707,3.119792203748004
1.875138809771135,-0.4702763534535661,4.254848441365066
-3.63155558442979,-1.365324214746099,-2.044739083077028
-3.980669383471019,-0.8556725376222456,-1.36960946528638
3.617180084965073,-2.34792874630169,5.8471815686259
-1.873627070702574,0.02022126690913151,-1.017800892931767
1.864855972418364,2.24656948969165,2.023745196176929
-1.045607741591021,-3.152898043474685,1.894234467780246
-0.2157796008936357,2.577417935066264,2.097289527054331
3.326273706367623,-1.240783078878734,4.91250568231428
-2.867017025388654,-0.3643575595973987,-2.046049172233702
-3.479745918034043,-2.338593339719703,-2.924415679498213
-2.584935028370557,-3.190346456402521,-1.048050305321005
-1.855924172479615,-0.5918725996085143,-0.8697063761338594
-0.9818057219167864,-3.42204206183034,0.6411168578714865
-2.585555709332958,-2.709919271050373,-1.206256463203722
0.03706147134774085,-1.495285529101799,1.119770063757639
-1.515542262712144,3.019249930737645,0.4649351353313953
1.926360509958309,-1.770217449560315,2.705073656467821
1.804079994813356,-1.996912286678439,3.132066260295872
-1.589323390127009,-1.692489716874011,0.3001009794533469
2.001573261796453,-1.538153160597528,2.768143048149454
-3.74744801460209,-1.473197154088321,-3.072264570025539
-1.217273558974142,1.07398251135752,-0.2083022030453468
2.311252526030754,1.635999831892087,2.752892483960258
1.773252449221336,3.684471162266082,2.281519139245665
-3.948780177660388,-1.385654249771996,-2.383609059386986
-0.4299302608363291,-1.692883378834178,0.4032793813387242
1.73708238638767,-0.9894961297222009,4.057805102122665
-1.090148942938091,-0.4536119971405643,-0.4328587136819858
1.263015350469793,-2.298466304286472,0.9626824930692961
1.566386652670481,-1.707209610505049,2.854993051580585
2.968127682927459,1.199440026133699,4.217569733458594
3.61032126837669,2.051838383337798,5.258700096943807
1.666010372917822,-2.761991242734751,2.088898014335494
-1.391623414115105,-3.262390146512447,0.8516913440232725
2.771638074765935,-2.158480185616805,3.734918503884646
1.663101523415643,-0.3442247056885668,4.89071206336502
-0.02464984565505546,-2.586376999335568,2.649497285979232
-2.409709879391632,2.708651670731579,-0.7060839602407716
0.07050946203022868,1.330088221688996,1.37001244244943
-3.036874656733146,3.735197695130116,-2.227105291201071
1.465762544317999,2.16021061884481,2.246121567733611
-2.89242828133071,0.6209153722379233,-2.560652444084473
-1.447968127704877,-1.52919983374018,-0.5423574716380484
-2.338431089808489,-3.215067988537343,-0.5573794028568989
-1.216426789567264,0.9011536542104963,-0.7469281539498309
1.405722944920154,-1.919950796867772,1.782421777819374
0.4087994372594315,2.539063605954374,1.561683089162107
1.661031179883022,-0.02436667179676455,3.844570364806495
-2.804488175286165,-2.733567965627315,-0.8949111988923629
1.162766928185556,3.947992599938289,1.596661201061252
1.74195214928073,1.432017898555679,2.414281863249698
-3.991594869376692,0.415140967135418,-1.966144513407905
2.009189248494332,-1.026927939674358,3.526845516411127
2.964366138498414,-1.434265839863281,3.814033590347522
3.954574300796109,-1.710303701391312,5.236492587771337
-2.170489883521236,0.6109724154102381,-1.370795642972055
-2.278136518672746,2.714408140786596,-0.1978475942960364
-2.614236786235819,-2.250104353605272,-0.7865781975343198
-3.304131570319473,0.001045517258198458,-1.430827691673042
-2.127408650860297,-2.35079492125617,-1.103513993317841
3.759046731884203,3.420222887195765,5.508605211774622
-0.412223845124954,3.031456534438172,0.6643674404197697
-2.034472932488211,-3.464697996948384,-0.02653112548302877
1.462479388149518,-0.8756330233300931,4.541125692216768
-3.356697492884181,1.546702952935345,-3.156237497588249
-0.9491568286932006,-2.763852666328157,0.8080465072129492
-0.9834957209293309,2.061339801591064,1.462544098395335
-1.941962442749834,-2.056864305123429,0.529171586136327
2.072476402410906,1.45164240624896,3.708740988763702
3.054076868705768,1.558186276747715,3.455028471885147
0.7309898558712673,-2.682049843093888,1.254908550158309
0.3465658831725715,-1.67682893686093,1.170695704767814
-0.2941518721981478,-0.2910930000814167,0.1649896801053597
-2.300381269446711,-2.904808921367118,-0.727309033796341
-2.668655402465522,1.024582355175805,-1.82826029345919
-0.8694357424414738,0.6596830536696991,-0.649813090720759
3.848544113652196,-2.90505027292054,5.493474972404768
2.065708639269744,3.185550315735822,1.99574573224441
-2.504474192303857,-0.9409001559620158,-2.11238944543913
1.582548589598343,3.479281971555857,1.85471946419676
1.738735238697413,-1.791862566597491,2.854463513111429
-2.764589099766313,3.717023961652893,-0.6035460176235472
-0.1458890664174985,0.4357690231221598,0.1940853141529871
-3.221551062159254,-2.537628707799715,-2.145350460603081
1.009594783686529,0.9611848049154208,2.722641236644991
2.423698372499789,0.344167680511938,3.756854827357024
0.7204830330195113,2.707358975550527,1.143908010415324
-1.389305125751318,2.090483338431346,0.5371370923155113
-1.33590629931955,-2.107658235701554,0.7618172305507381
-3.851398894136847,2.308730633082456,-3.368804117080858
2.824948213998053,3.51343517122404,3.461187531114545
1.363179826739446,-0.2255973482434328,4.357127261399088
0.2671549857371165,-0.7513808232011892,1.464924340823141
1.91829818583814,-2.220642057765562,2.67693960537896
-0.841256221904052,2.235571155068047,0.8206363987288525
3.696442245811944,-2.811783712604194,5.670736473466211
2.297059379534488,0.6772280340288592,3.670735387373876
-2.564989233918138,-0.4898597535211886,-1.618718188108933
3.370896813915592,-0.6535973997770084,3.688026242401218
-3.13606791320621,-0.5996069488440616,-2.562296339788926
-0.6771737615898177,2.407506225844587,1.422188044752685
-1.260876885615534,-1.086204368019958,-0.7503904226841598
2.273226726123847,-1.959128320937385,3.066794235764344
3.914052379634309,-0.2497636032200425,5.049435855937004
-1.275844909735831,-3.48342296531027,0.9760215079711974
0.2740418280168022,2.556144720253519,1.004327790311873
2.332662697631026,-3.297770145630234,4.180271731802296
-2.560587918389856,-3.803049772337467,-1.517179289395606
-2.352054115334388,-3.44054281785781,-0.8492027483533353
3.630394765393407,-0.09884878276333886,4.194136632817411
-1.923341643976347,3.581262018080435,0.1149182026308809
-1.391948825703763,-2.242581461706236,0.2666211875157287
-2.463120524243146,3.200228037332937,-0.5859390545620446
0.5687759485463841,-2.353892777009325,1.324062671463655
1.688546918970112,2.54319285036294,1.541355086521771
-2.147821157130662,1.040292047618769,-1.683355704584263
2.251440187479565,-0.4098835364418401,3.986411128122283
-3.142084513011334,3.122831605134624,-2.3418113698531
1.730361045692085,0.5864151745968176,3.431257899754811
1.237841194557872,0.3983970541567707,3.590344930373071
-1.731262990202239,-0.6726899569517659,-0.9588262369211817
-1.108579190294831,-1.458361219862335,0.05057417209712589
-3.203704787093414,-1.798576339834608,-2.156964819797685
-0.3188658901295929,3.630032944405613,1.94900935642271
1.733163228604568,0.6261519860206262,3.478532392427484
-1.389497071642306,0.1125992282642274,0.02114644619984607
2.70029544865981,1.637610168591012,4.083526442061959
3.905418646408436,3.30945243272717,5.897886938087508
0.8065866839971205,2.286134310219295,0.6473380757885421
1.881907789352273,3.175442585859712,3.092125621811229
1.254434267680261,0.8063831278454696,3.083846712550108
-0.1389225337564532,-1.634280678621734,0.9952737530682036
-2.57026490773311,1.52444058213543,-2.347150744877797
2.024862789480224,2.152777647503851,3.196336046219185
-3.838637907738738,3.428353479389143,-3.718608238200814
2.260495965119109,2.259130234521865,2.77358239762381
-3.270433551705348,2.273452740935889,-2.160214397903802
-3.554780001346542,-3.52332520809204,-3.248765237290569
2.451629026815663,3.124964543396771,3.290904458928913
3.054451188022843,1.864692729985975,3.883121604881392
-3.915500134807648,1.037263287969273,-3.106745059190719
-0.3365843760859129,-3.695006648241138,1.501384631187618
-3.341239428001956,0.2455958535032376,-2.731968895355049
-2.202907313718994,3.324241031731994,-0.3297150548655724
0.3895364737348128,-3.087783073930717,0.7646458327853149
-1.294051043336726,-0.00570644764681294,-1.448472943905306
-3.012516158282605,-1.827817990230596,-2.068003545262273
-1.06531102967014,-1.838389135351902,0.09953386395787611
1.304637419486924,0.719109528980777,3.534791192836515
-1.958886405756214,-3.453638791017353,1.024958170038288
-1.650090731053989,-1.244653941800472,-1.576909040647114
-3.726326156984942,-2.348238378007536,-2.486601753199283
-2.497586683641548,-2.541976445904238,-1.137699263202886
1.238691322807143,0.3702089612179833,3.756321780547164
-2.543340621586412,-2.489804086440897,-0.9400892094106972
-1.457419411300794,-3.908359095550403,0.6742837247417515
-1.577871297994097,1.254490187768122,-1.114146431072698
0.3179947507188556,0.8099376507334908,2.089681744828338
2.927859577472862,2.066350587735329,3.274780431895745
-1.702582126661184,3.15501340494625,1.515178954363596
3.31134151460365,0.7154764456715084,4.067701225238993
-2.331802461861819,1.341127441325332,-1.000236854974623
3.058497242808146,-3.088445241357329,4.515985800178212
0.04758568244961303,-3.746441328006973,1.138759442048821
3.139483699361771,3.332055859589429,3.359778285865626
1.411083571431419,-2.874565833304287,1.654818543453604
-0.4988863592300863,-2.799494089664791,1.758074110811429
-3.071618620750309,2.155479350930889,-1.411613025171459
-2.648940650291636,0.7745580238813998,-1.926018681293494
2.358305368768237,0.343638041631297,4.676390909920839
-2.560062764644862,-3.745594834631268,-1.171848985651139
0.8170327921553744,0.3090386640050582,3.015322203368927
0.172025408459791,-1.97019485735389,1.16968163870243
3.240843320473603,0.2057505304663323,4.549973485599871
-1.946772614453786,1.806702559729267,-0.1423163877374969
-2.983589400703415,1.122651413438199,-2.043122640635183
-2.049121259184935,-2.856904855394294,0.4954108224418327
-1.715744814866875,-0.1950722039365074,-1.761246458758962
-1.508193284351847,1.053686257117996,-0.9319442834507302
3.726872011036904,0.8055317395715411,4.65522056062257
3.199896216201291,0.4474050712180144,4.109866963145713
-3.602180001380975,-3.530350457932331,-2.479660933144165
3.037711776541741,-3.23497712302966,3.688533620142214
0.3058318331501795,-3.696017210438217,-0.2875319638712406
3.135759775382321,-1.307792419702846,3.928550534773432
-0.1171513226554568,-2.59140998132569,0.3014280431804157
0.815284799891062,0.3164176550723887,2.968812450391919
-1.384407926577612,1.313117276229343,0.203282332783902
2.278232404579713,-1.511665679988591,2.702571548176462
-2.26627439992878,-1.536578952034863,-1.293277534974814
0.7919139983556907,3.583734565541485,1.422988477976961
3.055215979419026,-0.824541508483839,3.724639853087856
-0.6389288527793493,-0.5542778376914743,-1.025607581820064
3.514863089875568,-2.879305131474573,4.992418333142322
-1.031295990921953,0.6903509957510066,-0.2583838917344632
-2.37881464011839,-1.334741324093075,-0.6965330527170909
-2.699725560102925,-0.7367585547137958,-1.351176326963238
3.300646002345926,-0.7208074350207649,4.328865462027347
-2.9755174542289,2.363274795485292,-2.099464411066536
3.539294019093785,3.010230460755045,6.098777439648011
1.668755921945731,-2.154167609148563,1.963893329765859
-0.1570725927252425,-0.1806608124654074,0.6309049079180994
-2.370878892965504,-3.832395193534219,-0.7763631973227185
-3.062223229269334,-1.770773180286835,-2.400355303100807
1.543001792052304,1.954230658831624,1.879090490739452
3.198265360984132,-3.015570378577882,4.220065995222077
-0.5769597334842356,-1.376768637793345,1.255761783809576
0.6361665549386668,-1.411611009237409,2.03359850069161
-0.9825188502663407,-2.688487112753526,0.5929000866682894
3.843343174814535,-2.309776119493621,5.069269040414722
2.422662027048352,-0.4458366227214459,4.206194189705617
-3.961367074872028,-0.9949151208801084,-1.998359575653187
-2.361036871224147,1.303031736459437,-1.823857620277015
2.855800984075696,3.516414576427214,3.049569516594339
2.932703809501987,0.3975282280287393,4.05554151056042
-0.8881557102280979,-1.892847859304684,0.2561729744756901
0.5108454032671208,0.7600417083608431,2.079952494870666
0.7795839588073923,3.769817333262934,1.302039973507639
-3.374731306541766,1.456923163754775,-1.914433992351773
0.6087202423379301,-0.5915517320671908,1.842776867273176
-3.042881989430547,0.1853146178649236,-2.511916401621975
-1.89023479153911,1.647332946729398,-0.5819097315305897
0.3547871058193941,2.104570513779651,1.481145563937105
-2.231569044767816,0.2751430141081945,-1.844393406083732
2.621945960305538,0.3331849387285759,4.545575113341647
-2.172338131271246,2.678157691152286,0.07198423704998852
-3.459241123260614,1.905336776919278,-1.883814372320486
2.742529143894417,2.639461388977225,3.616601206070865
2.533305740663271,-1.683798226029513,3.196484090326106
2.010272048389027,-3.817172768308899,2.464716197290071
0.1001660703942804,3.579726394397553,2.062642990236161
-3.913313559164171,-0.701607770553383,-2.053008389929691
-2.674900831092563,-3.108304303604964,-1.059826986621866
-2.802397919962404,-0.8638607254327262,-2.308956693071284
-1.587515425705092,-2.814897724453799,1.417424807879309
-0.7402868714099569,0.965754974708104,-0.0768663838730282
0.5713639585398207,-3.401772016294868,0.725158332742747
-0.9504953050833533,3.366882745591687,0.9769108884586007
-1.846062507085076,-1.08267964156937,-0.6032569917053729
3.319513960492783,-2.330826896829066,5.330777036060464
2.83554026374926,-2.166459054017887,3.518723702987468
3.409350834248182,1.581394867602298,4.897542810673271
2.889688260526165,1.87948149441509,3.216185281896482
-1.979914309236713,-0.07489150946387291,-1.858400756373803
1.329111495075773,1.217917192147754,2.414160616746056
-1.096431427140772,0.1689759069021832,-1.184313377763209
1.099202060046861,-0.7457676833858642,2.89957370135115
-0.6260314420369051,1.728801160778898,0.09520196209520271
-2.911477846869611,0.4843255630620344,-2.47473804584357
-3.830365992071084,1.276625049308882,-3.092047313751752
-1.011640476191843,3.257008329830451,0.6126216338135565
-1.142906761658408,-0.5609071545430844,-1.457055172125263
-2.016385028373797,1.854504687418761,-0.931421169951993
1.90382525631183,0.1066593897192583,4.609041855167979
1.623649303860386,0.1469796764440021,4.388505765202988
0.5104083755268878,1.259498533336154,1.819455639074766
3.661746142459029,2.830213021896975,5.567092951904698
-3.925401890598152,3.325008868264425,-3.403581567892462
1.018307347140181,2.921772996763417,1.102081661928762
-1.95398304522744,-0.0743823086556068,-2.179712475374301
-0.5871954886025508,2.392688861147973,1.230517745891871
2.977455056447838,-1.142369870156097,3.673603935236152
-0.2067695219624355,-2.189158364282118,0.2394088660553809
-1.765993638827668,0.8669026389203465,-1.082475084253987
-3.52573787116375,0.2893476608196375,-1.806042867190243
-2.347543868114184,-2.187594042485613,-1.097958685713255
3.802250652488783,-2.535098681825201,6.213670528409813
-3.122051058359162,-3.052501972178326,-1.665626705762126
-2.706113501265318,3.335306154943836,-0.2109643883525987
3.061267177244264,3.786947030182914,3.672849516874905
-0.03248179850191502,-1.635262721187061,0.6705760927678595
-3.129387668925703,0.4622254426321053,-1.529685705572126
-1.823651598934457,-1.31649206863796,-1.088209732557621
-2.110673638248701,-3.248281068479963,0.1534948791698146
1.144075447226083,0.7289936861261701,2.74112881877192
3.754449968681128,-0.5859173744782984,3.654062227411416
-0.4709094360673651,-0.2892773182453263,0.602364409646996
-3.086525360202018,-2.441213382470306,-2.064318568377436
-2.612589893694998,-0.8240887311472944,-1.849923133416551
-1.666798414222696,-1.655638595543282,-0.8997067823464187
-3.032180952515093,1.821346922682895,-1.880326922380529
-3.661824357429599,-1.913442556978159,-2.110176186498975
2.5137926171438,3.011836352785537,4.02045596345673
-1.120562849574413,2.120968814568995,0.2589350088842307
-0.8134463620073369,-0.8380157968250108,-0.04444092572816666
-3.410248468107023,-2.338799693898419,-2.017306507733239
-2.793614641938728,-2.285139378338942,-1.792746046126916
2.252967822147558,1.222257333425702,4.231234372582543
-0.9264456978918645,-2.390063731189519,1.191859062740764
0.4646136305409643,3.455397587995001,0.8685469588082876
-0.1252199113662362,1.474531849911498,0.8763069008213548
-1.329306805341145,0.5061901199050274,-1.460885436178226
1.781977840269914,-1.361937727736792,2.672682171263858
0.1610003588420081,2.044414807002666,0.7911124028725107
0.2297136427188811,-1.951319409910035,0.8925812371201447
0.7404562783990878,3.566901211176852,1.807473175389919
-2.716578041062014,-2.752140800617702,-1.913087781855306
1.859628248724458,-3.126762171335797,2.023648255238035
2.836172846498883,-1.395121527394024,3.805897932798663
-2.93847349919149,1.699388899266483,-2.323289526074538
0.03172408343814492,-3.677736697331913,0.5518524653810346
-1.110940072679219,3.071474565823593,1.048798777519862
1.564433050895947,3.166795091711137,2.049898272636323
-2.860770786472211,-1.942205405857349,-2.175668683406985
1.903796354572658,2.676815233543381,1.929262472373232
-3.527240998851523,-3.97908219878307,-1.362203802470622
0.9623806768511054,-3.857970261407147,1.462926165823297
3.37203920383317,-3.587452578172969,4.269374548129807
-0.7466840661525991,-1.42324620253337,0.008493282346648146
2.351274915665645,-1.508609308882902,2.826454112349225
2.671045333535505,3.906515519396548,3.873250793365892
-1.843703319334408,-3.318508231055506,1.399507811897204
-0.1458658153935861,-0.6228320906874778,0.9922196899786372
-2.746859582490762,-2.766889355294528,-1.268975615055593
2.993657557922178,-3.677357442086598,3.846074314407072
-2.374770726069363,-0.2556293794972397,-2.148711904285783
1.104255292017377,3.899045235953566,2.330616101496822
-3.255205373480222,-2.077611164003894,-2.241376008528135
0.1981264954880642,0.6137181309949815,0.6502376954393929
2.010728646237589,-2.842822903820088,1.388400051625652
-3.113339829621424,3.587993244690148,-1.686807120861864
-3.645313564793652,-0.5813075086563506,-1.559559767863954
3.512174195981693,-0.9908733616786103,4.620728100336385
2.726895839174633,0.7678168224303059,4.611485560894854
0.04259766454127334,-1.986577144687597,0.7583964877909275
2.376533419228706,-3.915303793042973,3.625399764007104
-1.148480993755197,0.7027019320368399,-0.1567279410237278
1.469879912945102,-1.461397043774592,1.715839740074663
3.885999220565225,-2.247783227608867,4.822145383125439
2.857932528326431,-1.773483063768317,3.804914889813064
1.252451141863181,-3.601614928425099,1.78750319181269
-2.961953179884897,3.897484356550702,-1.037957469230797
-3.727406629995809,-1.002956818530927,-3.213958946546433
-3.341122019507933,-0.1510872116883855,-1.464645923804485
2.259469387950285,-2.248573948895487,3.069781559601855
2.98381363802885,-1.263747991905825,3.457443793506255
1.158704020105482,-0.9354336095600742,2.800083534828019
0.4419291994766343,-0.6243186614604301,1.053475839592197
2.761441294018411,-2.768928507767804,3.557307219471078
-2.499965823863057,-0.5770438896987855,-1.813182172900546
2.821488228600299,-1.565724716176412,3.7449369073908
2.162848905635262,-0.2265276206783549,4.730616847458616
-2.883614178695303,-2.46070553657941,-0.9102080764234306
3.887620528559969,2.370842864681957,5.649387968434532
-0.4081294653235847,2.866784119037558,0.4915233276350914
3.973581706714135,3.651954874846192,6.186421692713234
3.138166372320875,0.5056063976451579,4.827901050998055
-3.390428392520425,3.438532428578419,-2.344542478990492
-3.802079540101702,3.990456891189592,-3.324189571189101
0.9301451094981648,0.5627686073877118,2.670138563318088
-3.306532502193414,-3.662609918520846,-2.871793287693323
3.863951753761844,-2.570200861022871,6.302311681635604
-2.751964084842708,1.83639219734109,-1.857805794805252
-0.637698838588773,-2.417103018852499,1.435329956710339
1.061109379436466,-0.7421720992492231,3.508970866354743
3.450174641034184,-3.571963053439084,3.994908025208597
-3.628590102185995,-1.070016589965539,-2.698848963090043
2.555264488217404,-3.123989260431126,3.34677814267711
3.844259933709774,-3.412221233419057,5.642352796159486
2.52286262325872,3.503186827433566,3.809504977974828
1.777183119056881,-1.935290815180728,2.134497295082717
-1.936572883699037,-1.058847954980572,-1.495550034503236
-2.981544405356831,-3.365533229344459,-2.845248015906675
-2.024278494975047,3.729650095831998,0.04212883718999157
0.9007133615185534,2.560876014428914,0.8924564116746612
-0.09264320791250658,1.729287417437996,1.249690985824833
-0.3499897767336018,2.114461757913318,0.5742144305249171
-1.056400193880588,-3.842817361395737,0.1063851494990832
0.4148061684450779,-1.12635150241981,1.320580256347197
-2.598639159355736,1.277058873239088,-1.287035825731386
-3.773100604977254,-0.534774903117901,-1.50769894176805
2.252833857840385,3.574522791975787,2.415209648382289
0.7459894228576163,-1.652506047515196,1.1804656874214
-2.867886446714395,3.201351023993535,-1.618780024679443
-2.52516791354116,-1.905484771922921,-0.7653576232013101
-2.061153086726202,-1.953274694414412,-1.073612139363647
1.13979199763247,-1.239553087921275,2.245140382259676
-3.907112723156764,0.8163196827530506,-2.94436864779448
-3.46668336945227,3.193069332975746,-2.975197203815899
0.08878910912677007,-0.166221126934694,2.347235055663974
-1.680099535503224,0.728542984958727,-1.396860756390533
-2.302631234043179,-0.5419918414181701,-1.902648484318484
-1.941977590315189,2.222190084405655,0.6607614409793409
0.8335127630003116,2.989227953947839,1.057219139700452
-2.067177494219664,0.6361899401891158,-1.972918551641551
-2.823852061096889,1.267037265232033,-1.357152010162707
-2.708373958518862,-2.316621389667631,-1.113453174370854
-3.263477067167561,2.370972750633961,-1.619078303017154
0.9292351116323001,-1.422778883451979,1.713853177160977
-2.525211695822791,3.670243785978953,-0.9576579303794637
-1.238561105165421,-3.981667349197731,0.1404996862585403
2.434352612811707,-2.905474586499919,3.243783112991665
-1.873745609301883,-2.323424562666434,0.1207299105776874
3.964734397527644,-2.293280143793358,6.536976388320228
-3.973695736412739,-2.609817593955542,-1.951115304263219
-3.321664012138904,0.1019686803084436,-2.300012589914718
2.475763378591059,1.124668824641415,3.720712543649522
1.371428054113994,-3.761845918795912,2.204853308664418
-1.11351749023261,-3.423026288863033,1.52719980945665
-3.823412335740464,-2.147015491974701,-2.854531852029296
-3.123326812155385,-2.677678808186865,-3.050937186311331
-0.2454805807690947,1.810157987711624,0.8535026280979696
-2.155174720561342,-1.683206530128802,-0.7152988741602575
1.751825758510437,0.4558655623325123,3.680962545691337
-1.968159437878866,-3.04417173619832,1.572593057118958
-2.675790374362861,1.653490349965638,-1.21952328948766
3.346620797383557,-0.9309080233035747,4.186424765292384
3.146745799432196,-2.117026978157841,4.520714144012646
3.338997919081637,-0.792008686992359,4.541795988767635
1.79788466923068,-0.4305889621290033,5.373797858269668
2.525415880199678,-3.251632666625877,2.429228025584741
-2.056973335471656,-0.4711679835716343,-2.468445918019609
3.64762716924987,-0.5271118726562047,3.937179376689584
2.20374483713152,-2.811767354904002,2.915430181421705
-3.933985931226246,2.615470024675521,-2.839850986911472
-2.549160074092246,3.370433389325344,-0.8774006609688776
-2.250987657586933,2.82539139109747,-0.3328488201793398
-3.100150867746365,3.289731549523236,-2.512220061595111
3.959015697278895,3.511730637243203,5.988295025266962
-3.223771173871995,3.641505720422598,-1.727159479134995
-0.6642368909729708,0.1723527677094783,-1.594980702473316
0.5765027402594392,1.680714579635248,1.629224329259856
-1.599398759383784,-1.82271782317955,-0.5034025959931828
-3.51378152623395,-3.056542859992253,-3.465275909431631
2.078576042828307,3.726638354983089,3.308084039917431
2.194930783624682,0.7978899471457792,3.070552860428494
-1.753144040662156,2.530557248452966,1.346824848780565
-0.4591126508890708,-1.089772721839426,-0.9666847006502944
-0.03425818336356734,-3.855079785093131,1.304025877332778
-1.409251606220749,-2.066448959531058,-0.08051450229495322
-3.832315251725935,0.8263547546004739,-1.984118414087254
1.808676435958471,-3.10920446658233,2.299836209983515
1.101388866497407,1.679637263640555,2.665763729609255
-0.287495668097753,0.5356396489896822,0.5729247681576753
-1.488416601093921,-2.574202840681155,0.5499091801550079
1.299839011988299,2.248916987327304,1.607007732238967
-0.7323867613721902,-0.4758801209747157,0.2345620745872679
-0.1809045796867954,3.521766841025751,0.7774089549074591
0.1402011845551225,3.467355681003319,1.042353585225025
1.303520517194724,2.086443973541658,2.415939853994937
-1.558075386378137,2.535967927241579,0.8890130117154548
-2.404785579000347,1.751263581268615,-1.859871063612178
3.342825007119891,-2.694709439242247,5.260777816198971
-1.368949520614955,1.419172020987504,-0.3327386004509606
-2.996883804543522,1.569352129007481,-2.740086719635444
-2.70423392023365,2.971689520300684,-1.471453812871657
-3.780933226725222,-2.060649107547348,-3.130777572781716
0.949861348552842,-2.616228343565984,2.551952291401796
0.6470958312882935,3.086333975071629,1.685145498315107
-2.866665511740137,0.1244502200182174,-2.050271545846645
-0.8242124403804203,3.818886785965693,-0.002740419614771672
1.644592655485844,-3.724203049405332,2.030846778306579
2.985596547840059,0.01389292593554714,4.051948606271197
-0.3886431799432435,-2.301920926900324,1.527914405513916
0.7541536730955656,-0.1191370725463132,2.722741700743946
-0.5565412560668648,-2.320719993658204,0.8752224936034954
2.412595346735588,2.116543186554931,2.548691331896736
-1.937521073386065,-3.193900967819221,1.720671572889187
3.188152771902092,-3.926224768231735,4.703759326185081
0.6092510036611394,-2.985470864623899,1.244215876039862
-1.125061581837917,-2.296761586911482,0.1042404344376602
-1.81037844509846,3.736996976209042,0.09236439134963464
2.567288379459298,2.682172504219793,2.793052588029147
2.957994111032755,3.238798118715435,4.127572748735063
-0.1028507077199823,0.2199279243095447,0.5536273967971166
-2.414641262856851,-2.421926688186093,-0.4699273716505517
1.389388902594784,1.208364934408451,2.681540455622355
1.161111798626752,-2.613077020114772,1.502472260136256
0.8229238383460276,-2.364508310626702,1.102402418952931
-3.567749913354974,1.748100046632762,-2.259567599742718
1.91466430827092,0.2524694964683194,4.38891857689431
-2.29935130901092,0.4763939172780542,-1.737772046831132
-3.001454388969485,2.405167582631868,-2.270373520338941
1.1849612946659,1.915513805115718,2.206420499846791
2.123524111314187,3.111244033818338,3.032390322337427
-2.529206289609093,1.998283475940378,-1.678143254397045
2.372666892297298,3.085854845887469,3.467846670676003
-0.436792547410823,-0.5506495595356338,0.1906892273622735
1.252939822091776,1.64052664836597,2.585511235984582
-3.816607119694298,-1.387436031146622,-3.398582358868729
1.031700518631287,-1.799695279667298,2.113120779503036
2.960700358358104,2.933032682749347,3.865506077035922
-3.067428165028538,-0.05213554060846182,-1.638775682389555
-3.699777286501837,-3.617761890233136,-3.27102810374959
2.195090536389702,3.04144322973504,2.323825382469786
-2.58703886864103,3.40278929430277,-0.9177447695323643
-2.430508649518964,-0.02761522330713451,-1.650903472074448
-2.92399363994489,3.469857182381604,-1.412320801452186
-0.2773957891117362,-3.817633544599283,0.5603625421008187
3.362621298839308,-2.084263405011455,4.510135439859653
1.28274909690465,-0.5599654113328221,2.611712062302117
1.654077415136419,-1.032243202180278,3.337833845568156
0.716461363370545,-0.8925353680923589,2.228837053219815
-1.988760441054251,-3.32890024729298,1.468029903766572
0.4727646668011909,-1.546376348910749,1.754951310510756
1.860073965393994,-1.540456148821348,2.933273288716726
-3.396132972203137,-3.960017258467495,-3.070100455800509
1.700506107891496,1.138541564411347,3.059830241942922
-2.237262692049304,-3.846957465267073,0.3997987749458722
3.800202598457597,2.17641600194391,4.650647009406505
-0.8534074198794181,1.768312182564964,1.193672880226983
2.04344074885733,2.370218332927725,1.449926624689363
2.90553175347166,1.530611672230085,4.193115175778575
-1.055957155324958,2.130916938463936,0.5191196414538777
0.8459783871524929,-2.626781139682789,0.6288370211348554
-0.09339889338344953,0.9100741791011782,1.289469212193556
-1.243644068221665,2.402733052976412,0.4762172510256478
-0.08061463806341251,2.223014114096573,1.346721861090739
-2.337486765279336,2.29247103584379,-1.349117945281034
1.683384598520185,1.418346942218752,2.710583814769639
0.9454258779754499,2.72708733424548,1.315703205067816
-1.703448155128814,-3.97023610738968,0.5450675844016699
0.2233846537829578,-2.186609119239137,1.668955153343717
2.882304790323956,-2.78886463007132,3.905722256201202
-2.232397885505222,-1.763292885835629,-0.9831980021679165
-1.836021208706166,-2.672872975146454,-0.6076119045194814
-3.972176956912534,1.998683592683387,-4.398344221416826
0.6095562777904995,2.572337454368422,1.585279099618825
0.009296038095028436,0.4367462091284837,1.295115020604641
3.111318543347718,-0.3558960101534714,4.056609098770467
0.9605557856699534,-3.35934637197826,0.8687004587970423
0.6289341883837345,-3.512123353627169,1.087442016112091
-2.352277828991735,1.450087284357985,-1.625225127777367
-2.772554382935527,-0.358241236024881,-2.75941845349121
-1.711034931034564,-1.682442891898097,-0.01248939959258211
3.033400229324633,-0.8724541305362141,3.331272063505502
-0.538903941430255,0.05316622526337245,-0.4638595320093325
-2.933109785978117,0.06506483052103729,-2.781117747622973
-0.7290880553151675,1.434779479036788,-0.1017795393671606
-3.79852651028489,-3.580293266872025,-3.663941939485483
-1.346907016041865,-1.908173279786539,0.1990734883847292
-3.944627014090604,-2.788202051251405,-3.092019105742993
-0.441196552466117,2.484000756206445,0.04111133569506631
2.748508656716675,1.680965920242169,3.498288537860844
2.072005842200219,2.743238032634897,3.305186317394785
-0.4093983280349009,0.2652752576381792,1.128304840251204
-2.467915242567183,0.673175484039926,-0.7809656094869923
2.653036231324517,-2.110415104430812,3.188449122077588
2.523277584094278,-2.774127760260273,4.079350629908355
3.534003116850596,2.528683048249984,5.507786195250078
2.81010244279179,-0.6448126672216707,4.932894812761203
3.790163937210333,-3.3724164150039,5.52096550453554
-1.037415901034381,0.6618804532953764,-0.2760685853036673
-3.538304603774487,-1.447554555142784,-2.411721156725467
-3.921601113988376,-1.681013322925475,-1.805705439170829
1.279793478084224,1.678162289904392,1.976819496262947
2.692820786176218,0.6201592618431526,4.314486895620001
2.032365295028491,2.511559786639333,3.0501634286096
1.84502902055498,-1.139450108264579,4.074497438932084
-2.956892233697909,-1.551387158713088,-1.731618799169792
0.3072631291410683,2.052969394297443,2.170450363032161
-0.2729717138153935,0.5261994417281111,1.648971188144585
3.759217432384119,-1.714494277433142,5.392758279842322
1.549011546672705,2.958130374315072,2.682047718508875
2.867585173732415,-2.547441038011842,3.9780064106804
-3.459692514442746,0.4885808364724866,-2.572519204482691
-3.308330693378442,-0.7557357917902765,-1.854556837662818
2.529817913100059,-2.602247072281806,3.794327492563279
3.964025410813115,-2.785917448813496,6.274763939890528
-1.611549557406834,0.7658636668956342,-2.15384326109346
-1.135768925224784,-0.4227505363320114,0.1693067162697461
2.536031512824936,-0.01042683845132508,4.886363234721242
-2.767547604346239,-0.9607775382531223,-1.243422613285955
-0.9674254743275581,-2.266144944495747,0.6195060472170091
1.383029087428462,-0.942751262511603,3.031767136376753
-3.524904416923849,1.153345685227164,-2.54349067291803
2.511367797038327,1.163364762954322,3.950377442653583
2.079464416714464,1.560182280225217,2.70992466172622
2.105524443773565,-0.4289505710144077,3.933669576354535
3.214880968317474,-0.3104688022611954,4.730771431891071
-3.36796605753487,-2.929694079736364,-2.58577592355533
0.06265940259716807,-2.09660924885428,0.7549991999037342
-2.922671805653841,-2.250913936590679,-2.219156021367521
-1.392517469044945,3.135958421765753,2.553496625238728
-2.750647191808006,2.225852457742048,-0.9584359383248885
-3.430208621165835,2.638570649258734,-2.305487695520966
-2.826058384656503,1.385567222189892,-1.285427423514517
-1.965291999687818,2.666455880168709,0.8658498132387865
1.961166626524812,-3.084827664475527,1.484068388118484
-1.068464242679834,1.576554511711454,-0.329121021826043
-0.6795366384356427,-1.868677880457883,0.7412842533316845
-2.952500707415732,-2.011390303024267,-2.089863536460422
3.423609100088891,-1.11756407964625,4.381774614769514
-0.655102988961981,0.7493738997621682,-0.32849660815037
3.734823024826908,3.67068800438255,4.98692336917075
3.987797913243205,-3.355885730135994,5.242339800595619
-1.771616482923488,2.946306928856976,1.097609012753963
-0.8733729562331574,1.276905745598417,-0.3716234645316425
-3.867646065130843,2.66035415190176,-4.10585709369338
3.163737200189273,-1.535492587266485,3.909615905533069
-0.6032119896177548,2.728098259806294,-0.124436413367103
0.6509621447543541,-1.665780209396352,2.095917923900615
-3.491626723854449,0.3845744823372286,-1.649393992274005
0.3961065412936255,3.968669164444535,0.5518049937329151
1.545836203878922,-2.688888190187188,2.369948667687999
2.377170146949083,-0.02722791094726418,4.099811795678249
-2.309623781401909,-0.589851700654366,-1.192769152080556
-3.894544009785924,-0.1689792795015945,-1.792579143207722
-1.760381375869059,1.031954828548799,-0.9958864772747453
2.028060216391154,-1.44337300875898,3.054233316097221
2.647525078243442,0.3890449927090955,4.498818452288566
-0.3853619695912593,2.611256234096018,1.423141912284136
-3.200787432786464,0.780702527117648,-1.563419022324713
0.6044468162750647,3.617370392221128,1.689625205263751
-3.009050745221741,-1.536112791664012,-2.017093051742457
0.8393659955587847,3.625671139908276,1.073603240036762
1.836621464908593,-3.368901470128578,1.55767033061414
-2.138101308824419,1.180822679897691,-1.135512614651173
0.799214820549512,3.920989429264057,1.751419601025645
-1.353804006301687,-2.78136583699648,0.4588707488332899
-1.263850177130894,0.9858500955985079,-0.5304729304281982
1.441731050505082,2.410681743344012,2.809368764333297
-2.806724737096394,-2.58603151111163,-1.184958394689157
3.785195964226673,-3.401600295697244,5.569239439656988
-3.736336306423427,-2.493708450504027,-3.025863234313615
-2.968052588576731,3.442471320339562,-1.655580758603811
2.966535514160326,-0.9958034179113895,4.088435760589446
3.593314883276454,-0.0595960859429665,4.050783692044133
-2.219043666420722,-3.354787560077667,-0.9949033844834645
3.644891758407778,1.86010120321787,4.332355317378315
1.518230350453519,-2.101266267539066,1.8001219928525
3.618650304162081,1.026202887774213,4.881388143393288
0.4508329511846663,-0.2899283641508825,1.219340532120233
3.725425960142058,-3.436548208520692,5.162092117567323
-1.466180304624198,-0.3832486213154001,-0.4222216238193965
0.6290642229086494,3.23998581959009,2.467803973742833
-1.969083968744881,-1.241688296982728,-1.303818473604351
0.6043404397203718,2.236892096738792,1.237881637917854
2.267582143662715,-3.848406750608029,3.116433344421441
-1.80965381645223,-0.7655950007707286,-1.21580682175278
1.312017225898723,0.1500010777589953,3.759306554208047
-0.1533695962628761,-3.916938546343406,1.461988918409863
-0.1052842721242238,-3.067334953943392,0.3758100272649442
2.8695298864735,3.470455255420524,3.308061494832235
-1.301716369220931,-2.323004961690924,0.05748555528049737
-2.094134952851758,-3.400326961227747,-0.3794228017101778
-3.824584723099608,-2.586237674217609,-2.866604469640351
-3.256847660150263,-2.712417633869063,-2.725610894627644
2.996726108828769,1.527866269440506,3.882868186946557
3.27072073482179,-3.826532732623645,3.999722243161905
3.827702302980267,-2.150365016387288,5.471867450787675
-0.763181805634467,-1.873251056935244,1.383406189110755
0.202280323191073,-3.046964854623755,1.296808349666734
-3.125615932490929,-1.094422668344178,-1.965787700904762
2.648214447391158,-3.71988912694798,3.456780730210974
-1.045068897937355,2.303068363591435,0.5393444698948222
1.79351970858958,-0.8133660418939348,3.577782542035107
2.299576531779418,3.193884197631392,2.680818676250709
3.741910536839623,1.126293288358104,4.120366164891215
3.167430732173864,-0.8865411698055121,4.86702605036919
2.112519299783616,-0.162597146672903,3.964860530791268
-0.1986277892309127,1.465978520242714,1.118707815916816
1.064829358076711,-2.010077013786822,2.391482020541591
3.234330954649512,2.76026036750411,4.150654894638264
-1.170182277270764,2.31561655491126,0.6966245573125395
2.806451041220887,-2.834063683127121,3.04021409308455
0.4138947626537028,3.463310632115418,1.338235461644665
0.5892564343762299,2.462027589087294,1.162430669422595
-0.3590303253646576,2.814929237196406,1.135970290914607
2.933535702472837,-0.3579197546570905,3.478530849112716
-2.963153011983197,0.9128858516512564,-2.754915737939009
-0.5651121107115991,3.209808656080547,0.5348395225741889
0.797435422295476,1.774426645933901,2.108629853592672
-0.9353120586830821,-3.162223445198205,1.163946322760616
2.2919460555673,-2.63226345524895,2.636723355162794
-0.9286690064862038,-0.7651622996782255,-0.007061431255274642
-3.983879794295341,0.7769643838809008,-2.449220027146071
-2.250928295177416,3.251118857191256,-0.8533540470682135
1.102560511750191,2.615198381541048,1.09163771673225
3.856864050002917,2.656132748988541,5.23869638863848
3.879421178529806,2.589509183230622,6.039106232496353
0.8914288387357683,1.465625015561163,1.997480123688213
0.3489863445164616,2.052820720601338,1.222209238894987
-0.5883868390912443,-1.823998272591813,1.404586854551567
0.352363376066025,-1.034442454687322,1.448801781190389
-0.1527559655662616,2.3991501624647,0.5991710231025826
1.164681562241015,-1.992703425186912,1.679725271456161
-1.18427451756201,3.292682976845957,2.486877211700281
0.9541535050058796,3.59419514173622,0.8706986581638273
2.792787481048806,-2.748690358820293,3.296860732546715
-1.620628727290635,2.825074913435429,0.3321376180556734
0.2225506055539928,-2.354619802783962,1.018207610064427
-1.556727494895959,1.795478805154104,-0.4813363823465434
2.390598320119737,2.934628100537476,3.152207907921714
0.7342432741213578,3.778747611791457,0.9701248231311073
-2.648546184410108,1.420090436985058,-1.842042176189628
2.93420103937306,-3.425294907619583,4.133896434294291
-1.489894137871422,-1.974985938013575,0.5671349445668281
0.09332559910505989,-2.205161700657392,1.686959896329385
-3.074981216000436,-2.596057234580508,-2.018931432424933
3.863491639654684,-1.423361313118047,5.776067458396315
-2.784431648865735,0.4979003315534856,-2.777115560197259
-0.1426299900358643,1.406124330773931,1.143704461744938
2.416887086682943,-1.217836817710536,3.731656352429797
-3.372002237390282,2.614151780178976,-2.828532910651433
-0.856413227736887,0.6303118333873456,-0.3742514795991225
3.772238937394346,-3.615152915486502,5.711912559948329
0.1727850678536678,-0.3019009925186742,1.54564546821173
3.842868899092828,-1.734710304780283,5.314591163002916
-3.353514935989266,0.6105490600477363,-2.495301643019296
0.7658499877747165,-1.143088531672607,2.17693138008748
0.6479256073002269,2.217309610480925,0.8298445786921769
-0.8898048197937092,0.4419669625966147,-1.137673448577635
-3.477088373551388,0.8505670930954121,-1.793753496024778
-3.427444900781665,0.830922589727801,-1.978436879372111
-2.871103329467378,-1.660453445407502,-1.657374413980568
-0.9396850310270271,-3.080632469317107,1.751832167010712
-1.93634200675454,-3.21310154099964,1.259465640093018
3.084541674813305,-1.270168726622727,4.546680561251018
2.36858585729424,2.410448381526566,2.744077188528872
-3.071989870704826,0.7557606765922147,-1.833518188813065
2.143938784478586,-2.582233408380226,2.53046848443854
2.977731459845942,1.076752574621701,4.166916415225523
2.745500894969276,1.614405522583728,3.648422697789252
1.607309719746048,2.852820061748592,2.260989913724943
3.499016383850118,-1.920856861641168,4.864441208159165
-1.815442630728276,-1.208568838708754,-1.347214637910612
-1.037552234728631,0.974249585446314,-1.283170073052776
-3.907234015380687,2.155409440251176,-3.05620080808533
-2.644436511490534,-2.304327330365056,-1.210728700951698
1.943508773292592,3.686964132338023,1.77191110088662
-2.725493823007691,-3.060507824174661,0.3297133829572096
-0.559610504860399,-3.876202807904221,1.372398287898168
-3.74801567310347,3.177854936282245,-3.89706908724861
0.6074098037992997,-0.64818943027384,2.569695334403907
3.765088057694033,-2.156833994834654,4.688404278037772
-0.2723073337293407,1.011884002774951,0.03929638201724361
-3.843788218766296,2.858335343066638,-2.704103730035837
0.9154685859257885,-1.94871707717226,2.190945466380379
-3.423948896956401,-3.377449143275949,-2.162662415594345
-2.907297102761172,3.100051312191698,-2.324341533977258
3.41844277403248,1.693796238310572,4.85216879890283
-1.238777473101843,-1.861945220628002,-0.1402757887350006
-1.204828184160864,-0.03369078842096052,-0.7995948954957621
1.43842397895783,-1.906082911893692,2.681410944573176
3.927045010219554,0.6862259401940287,4.578234346426228
-0.9788120563707254,-1.085756551667353,-0.636091089298227
3.18126994925383,-1.139517720989296,3.064489308384586
0.3050326664477296,-3.244924653540287,1.504061766242677
2.81076154751984,-3.370078189388743,2.926093373589102
-1.170374567470239,-1.24931202273589,0.0724786826030524
-1.288234033117886,-2.811571306684435,2.026628844195636
-2.875116792703591,-3.653417102429584,-1.119064122988572
-3.21542603858832,0.9276909803398148,-1.554412481164867
-0.2669238638634788,-0.6467034967489633,0.13357047698304
1.547137969885357,-3.251446676155301,1.772133603190753
-3.781261382219962,2.013841297305023,-3.949896819115173
-3.337035255609858,2.788871019991981,-2.960779748317262
-2.506133320551228,-0.4662705670618212,-1.91447247512365
-2.227471075137958,1.16617903366844,-1.768827279650605
-3.198246688009136,3.886823843736647,-2.684914651075486
-2.420374402931661,-2.949401693547177,-0.02034670763637991
3.50444908401307,-0.6068746864752619,3.699604620742132
3.298050162320003,-1.305488626495931,4.505161260627076
3.561905561002478,-0.08549150933059568,4.245018400852048
-1.304820356611532,0.563781679116877,-0.4139529267842925
-2.938954940888405,0.541855966599627,-1.891800692312249
-3.901039162407831,1.876412607252224,-3.126863084401271
-1.097110251057257,-2.671386241662987,0.9847071847796589
-2.872509753965898,-1.054235707169616,-1.565341091062401
0.8112497136615717,-2.442524155472079,1.187356789626758
0.941929770816837,-0.834679677399631,2.250471281724827
3.317029970433767,3.483910472080057,4.737476342941524
-1.831513763482199,-0.9422922802723139,-0.8886470883601916
1.875096515707324,-1.8744171255253,3.054856367878181
0.08389216844124103,-2.431157820015449,1.943721795341961
-0.09107452059806942,0.397769056640656,0.3655843840317088
0.3086117027429571,-2.817811249972965,0.8493892653629322
0.1109276872937173,1.014898144950276,1.769243548104329
2.374343592916066,3.162949322715795,2.682042979904524
-0.684931181061164,-2.077824297893207,1.191879726471618
-1.535876716488988,3.227322787973252,1.429348661998724
-0.7446109386598243,1.937265874345643,0.6205650139881893
-1.367810994647142,-1.134147565226421,-1.182459880428209
0.2524523230264544,0.3984507444647676,0.9671967481791904
3.34658971779732,-1.05479024891341,4.112340809812729
-3.506224045030489,-2.652895549837578,-2.597140877169544
-3.921338878696966,2.671497081725289,-2.827888117742003
0.2756289207824283,2.273596495561232,1.527576222353773
-1.996713978889631,1.156668004408355,-0.2410462551268926
0.5892158723613825,-1.53111335321191,1.268129492181659
1.955316880015436,-1.139078025897686,4.395630324906292
1.859181188137802,-1.008188362637808,3.386026012399466
-3.809871904358855,2.130969786290386,-3.015428501013656
-1.674879520681102,-3.137463197792706,0.3892215492875677
-3.548315159068213,-1.497497849821579,-2.599563414293177
-3.779809361737216,-2.331958850072279,-2.086168609233067
2.206762367003371,3.395504852734599,2.943185722434241
0.4643835320274006,-3.800969067722312,0.8119013435496921
-2.881843751421398,-1.882880545954611,-2.2556006842616
-1.326896117505573,-2.079806042961973,-0.1149683900250385
0.04814346861778329,-2.315953082246395,1.135067026897793
-1.275522520931002,-1.42807281330952,-0.6177597081586175
3.841440489463872,1.21091600480844,5.248733716278133
-1.858723776702157,-2.958677252558971,0.6879827017946957
-1.648869956621622,3.294799423252617,1.38011007861415
-2.737818603427459,-2.05859027206724,-1.622990681169699
-2.857976731799256,-1.613667627113466,-1.922761506706586
-0.8420978377833004,2.829719898410469,0.5959187051217093
-0.5741173714678904,-1.902252282344803,-0.4182428791854118
-3.575469038162098,3.086377176358075,-2.249159618230189
3.449610459251271,0.6458448283018994,3.352152793980927
2.885013162880949,-0.1432144263905002,4.245069683062994
0.7938569062926737,-0.8602856873422988,2.445690330763818
0.3388523698880217,-3.730664783643065,1.332990830549841
-0.9811371301437601,0.1789085930589742,0.4742387407579265
-1.444295914530686,1.726452712984599,-0.4803766242345796
3.962218721588707,-2.4653425457658,6.212584912626546
0.7433220006745636,3.560527511870895,1.664216096987166
2.914840753387592,0.9622781437682661,3.736145941198447
3.132933039296334,-1.30528938169199,4.844061966510732
-2.585227179747442,1.890775962337838,-1.888196935038357
0.9472292333905852,3.007418668519194,1.15591829794004
-2.917720377701544,-3.117016468801582,-1.767345546196223
1.74624902611985,-2.065140115686397,3.169701360784385
1.39233097883771,0.9999541426268612,3.661236206047283
0.9905134334296175,-1.483821581188826,2.272779743223668
-2.280008121934631,1.729665876836914,-2.041707943333029
2.854243744856599,-1.047416798317296,3.391843799410275
1.57450646331317,0.2814930907728348,4.965509986908962
2.502710219666564,-0.632612383866662,5.099872100413823
-2.136992152531583,-1.089135233763048,-1.125167149155798
-3.845599177180172,2.580503018646608,-3.610230097371214
2.394728985374201,1.256562935213989,3.029232415003367
2.164475260339159,3.143469981988519,2.398303182328535
-3.069071736360331,2.753518108588993,-2.130612775522109
2.52555733330025,1.655116078580637,3.103401553144836
0.1356515335629043,-3.66484297413819,0.5438790531701914
0.08328484451507823,2.400620117735552,0.5251996203997535
3.288611720153056,3.113373344989669,3.946679065749914
-2.668356471009521,1.420532771492481,-1.447509880692645
-0.2167442331225482,-3.678490461503833,0.622118184955915
3.033875892316112,1.434348292627853,4.023121694265637
-3.020350028895795,0.6249337224997156,-2.261777332127952
-0.04355509526124646,0.3237240939996928,1.96237233469893
-3.171505524011922,0.06425137490187804,-2.122226307738741
-3.182230773635176,-3.434456474674282,-1.818795229624948
2.342929654973149,-3.938287617450865,2.868098132469325
0.3333499232355059,2.8321091707886,1.338709900808935
2.222938151240777,3.038537475364842,3.411847344230336
3.179153554581027,3.050764799370822,3.801969736227583
-1.571283768605666,-0.5456576039772676,-0.9702107547254801
1.448935747113834,-1.101931160491239,3.716228054519437
-0.9979371926874547,3.676878241031559,1.007186523179705
0.1013731099998472,3.340365132966656,1.573184742145594
0.7967869609047105,3.267971357932375,0.9204885260057081
1.500322514943516,-3.049377005870355,1.582697380914042
-1.978391921907153,2.979946772378771,-0.1358555679252111
0.1915968185597681,-2.631332457184294,0.8639623725371329
-3.30381727008268,1.000132676732234,-2.365720284759019
-3.531740286756064,-1.376774078109142,-2.039456227263822
-0.3362122353187287,-0.1433806732107996,1.144718431258827
-3.388677415196273,1.410768790599751,-3.665465010072693
2.916522012719121,1.907032906424235,4.351933427035826
-0.5140739510454848,-0.1572148579012769,0.2561597946881588
-2.580049829415597,1.17073468997239,-2.4406369305282
-0.6347386238082979,-3.804933416334013,1.283703496102706
1.421793323485212,-1.651980939166109,2.010794038326178
1.076911191774776,2.595149921116387,1.2600917945014
-3.55809472629875,3.176333898198379,-1.35139598156564
-0.1911159436321279,-2.735348574639988,0.7680149793694515
0.7205716056756604,-0.07649675038834403,3.74365109242738
2.484477103578834,0.7293833376434531,5.186974906095579
3.686519111239845,2.826349094661172,4.972730223601155
-0.4268390545644696,-3.545504288131404,1.249260578901886
0.6513318282744569,1.346432813688997,2.156340491635584
-1.241591769196708,1.282530297213694,-0.2737012707491048
3.080700208340763,-1.658835249382733,3.058925767659193
-2.416879666143356,3.489786954940705,-0.07152946157470341
3.152152515481449,-1.964773274525667,3.73745663746576
1.618146123450167,2.648840793240538,1.972556895624525
-2.383682340068936,1.837244870721135,-1.686268222726024
-3.881077759758756,-0.612986389631784,-2.175962501044331
1.735369800330715,-1.119331711100049,2.94995450124325
2.354725656772741,-0.6250772457908811,4.03294137274946
2.396072318025085,0.2534351619833215,4.769643096406734
-1.388560027401979,0.3732295872189093,-0.6197413491120224
3.646163746675144,0.144422426934443,4.324605356753898
2.376581053728484,-2.613958655301471,3.543135430503068
3.711524693496866,-2.008831542222301,4.722821454434905
1.993999858428467,-2.517513400834835,3.241111498161525
1.482839277083719,-0.3319853761758802,3.348181283306903
-2.613828976916326,3.753859748864284,-0.76060377856777
-1.521339949375411,-3.749256484930676,-0.1130533646622356
-0.4161645114124326,0.3849996115914802,0.2231199525067138
-3.982313032420626,0.1417846025277285,-1.796312884352615
3.978973528738807,-2.85955678144964,6.044141965529605
0.3653833834653781,0.5659998229859839,1.871354238586774
-3.224600614760936,-1.175941299370966,-3.117164167179277
2.350606822988986,2.244085533809452,3.471371090846297
-1.144814785669806,2.772199718887625,0.63376984128606
1.84600755213017,3.589689394489254,2.360376991951655
3.937983118860638,-2.30331514273526,5.284394313093546
-0.01062866114686489,1.846073133315533,1.7283587083713
-0.05698506862599295,-0.08050514152829624,0.5118160105295146
1.002615011240367,2.198674918826782,1.504031336405963
0.6590598287232527,-0.5901463722549654,2.237060033234833
-0.5491395911219996,-0.2792570266244985,-0.8892503772488181
-2.396515824905483,2.805157558681328,-0.3104999353572617
-1.54816932273599,1.551351763141588,-1.153696465558131
1.324164825413192,3.661420239464169,0.994085168301738
3.652156650301423,3.993438369850209,4.52615437182922
-2.163843846437176,-2.49510889780959,-0.7093496192262847
1.201528557917794,2.385232569185015,1.763279603593232
-1.312144014422236,0.3188890401479103,-1.063520949536441
-3.387121764460217,-3.848548316330469,-2.916850404364556
2.14416198324499,-1.140441033193259,4.639310528744806
-3.755971640985177,-3.837043245814687,-3.472047205169747
0.3972871005186294,-2.276577868735347,0.5858804463209503
-2.463332350020496,2.387974475375757,-0.3232311177983539
-2.207651427816574,-3.448840380978113,-0.2018619278401917
-0.1564098917972441,0.3314051489387264,1.451924518549009
-1.123544166167436,-2.246336161255285,1.045175711678666
0.0239630180398791,-3.755966562642592,1.389740032573172
0.7114218365388858,-1.634924559807311,0.5129135595391265
2.154982985335993,-1.351249679372446,2.859638800979416
-1.748459534408236,-3.706394920022182,0.06487387864700828
-2.231407833463702,3.817732052811813,0.02313519935799158
1.288561754332038,3.27643781725584,1.735122757244212
3.431869503904443,-2.727650948150016,4.015984649432442
0.3543952246014213,-0.5541437294169791,2.112476714096661
2.656619312813643,0.963706747629856,4.195282364311034
2.532015607151119,2.334089609159798,3.590161473284886
2.876914268129104,3.254446669016443,3.994566907157915
-1.118892017486808,-0.9371934987439099,-1.326894699673158
2.185930741736072,3.596906876703785,2.703111674102469
-2.818663774108957,-1.294314151278564,-1.665680297919909
2.4126581836317,0.4060294618399158,3.487095493321095
3.715075436627946,-3.30367856387517,6.00352667317496
-3.410671195630831,2.857267684627892,-3.874446680527905
-1.408938383757611,-3.151970450312729,1.294909309711382
0.8006671868982771,-0.2417473345456749,2.507924378313938
-1.730464935243846,3.701860104843891,0.3162918938423409
1.14853011966547,-1.70231686670915,1.607373416037299
-3.417138992890767,-3.996922069778709,-2.089063490286429
0.8371392597632097,-1.911853908048397,1.150222846742303
1.048061621416603,2.289217690514879,0.6239776198392185
1.939316923531961,1.606007077618237,3.137079013523599
0.710454552462366,3.286343624348358,1.343392264885596
1.140709213009349,-2.628542104787854,1.552317894087198
1.465804329595681,1.233033039553317,3.218329681626921
-2.569538260088276,2.353029357643252,-1.428420555631156
-2.052714833241108,2.021697301145235,-1.295913045805909
2.82251804397287,2.564699756700567,2.897066258802862
2.865304539354719,0.8926795376051073,4.916819187998946
2.224518453058856,-1.443152566337503,3.399104351517531
3.169494853595163,2.798474266789022,4.387118817512944
3.670389755315513,-2.208834075359712,4.329852914131922
-0.8804428183750552,-3.147644975168745,0.557652698491599
-0.7508477813720491,3.592511005722977,1.130009952309411
-3.835125026624565,0.08534279588684957,-1.590484926824893
-0.6757196245610206,1.016662287365133,0.3554702030899294
-3.757464526874573,0.410584377672583,-1.896429360549224
3.080954589172541,1.87160957899679,3.539867656402237
-0.7367940592075026,-3.38208512470528,0.933036330666929
-3.084020625470728,-2.075188653972591,-2.453554397822698
-2.823175061353592,2.577575033185206,-1.897028927034094
3.179914109737639,-3.940779714981236,4.217958623157105
0.3625445027346368,-2.83508811213901,1.156695500520794
1.099879783844758,-3.785685319466895,0.6828298206603507
2.579359305650766,2.547161554505096,3.485014666034782
3.054245158786205,2.787647199779755,3.825890499307198
-0.5602573252261909,-2.904079233595925,1.637584302878645
-2.289161469241689,-0.9150414554528465,-2.561874398331522
-0.8028330010726377,-1.268976684753464,-0.0604040345554783
2.143811493864814,-2.373586341560801,3.045159813816321
1.785941044100366,-3.291959193737273,1.908162079082079
-0.4556517611464281,-3.320603915330538,1.181851275568379
3.560655617594189,-0.1538452196766471,4.698490818486485
0.2446044265223248,-2.507628656075998,1.033216336591778
0.5027124939289163,1.146134599133703,0.8597485011790172
-0.9948292742032114,0.2270396383925659,-0.6934801273944653
-0.7640538866227429,-2.252968873677656,1.049643430126278
-3.678423561002158,2.494137222089445,-3.082357432144531
-0.0192539952830888,-3.365091682141376,0.4984240014412136
-1.112020033275281,-3.415244115061422,0.7034073396548672
-3.800119344791099,0.6570420384489131,-1.719385711668199
3.134780763033098,0.3601925692941474,3.676826768053156
-1.222375910615187,1.472286684328634,0.06392142848744897
2.37215577445263,-2.105838157585018,3.274340370807976
2.108006928393834,-3.117681928074864,2.068150989518866
1.521755595973431,-0.8650633592241554,4.491072619283959
-2.387090871009152,-1.652019244431463,-1.091151555470327
-2.510882743146325,-1.223596729402314,-2.215421009605447
-3.5643209142765,-0.8066734221512952,-2.123912605922008
-0.8220969579138062,-2.265397645197947,0.2884742675151459
-2.787074454636056,0.5106812002469221,-0.9512260299484741
-1.166711210020369,-1.837000248767992,0.786874772790773
-1.296484655959664,-2.348125584746235,1.17125939515853
3.166168317181094,-0.6440458941522191,4.516636058166771
2.748969691121014,-2.160787026831484,4.056621277758422
0.2997602632675891,0.6558560875497612,2.024521569600238
-3.098187212251498,0.7284562687821445,-2.043466909891156
3.202415410803614,-3.419200115169781,4.689100050176505
2.89874478464233,-2.265544179472199,3.185351549180049
-3.837936323974196,1.400576947931863,-2.599002814360334
1.558344290645095,-2.683173566789358,0.6634576175747391
-2.823387274430478,1.841801549127966,-1.563652222322108
-2.968324123164856,-0.7180137974268552,-1.728395823679234
2.235793139314723,-0.02736069621111081,4.184476589205176
-3.33147118611369,-1.42451141610803,-2.175564069781367
1.138088867230817,-0.9962615267550232,2.793412930750172
0.4913190814840842,-3.446783762203719,0.9607951625119897
-1.931749659383271,-3.183585645608071,0.2199594419469983
0.3909483193763137,3.334067918368346,1.58780217005631
2.666678368479567,-0.6387643128992044,4.580983179407978
0.2279728869651443,3.508099713331242,0.4773175753631647
-3.211967167323216,-2.622966061884076,-3.30483746006705
-0.07734246653541543,-1.600207929712475,1.677861282886467
-2.138235483650153,2.742326797841873,0.11051189940225
-2.890251706696259,2.911837986273721,-1.572637707798684
2.817724566880253,3.613391470122891,3.876843602021674
-1.093339316479214,0.8075159181413811,0.109888709956145
-0.7361339521010395,0.02668847371768113,-0.3852149655491204
1.23598892095175,-1.217865397278197,2.265815859102565
-3.89862069015718,1.286160795646338,-2.236636909091493
-0.5479463167387806,2.536018627008927,1.154164329145769
-3.527608633583016,1.336496764124857,-3.314506539663686
1.125093445906626,1.367232912976633,2.373880224699449
-3.053192356615984,-2.839326117883708,-1.40266899231576
-1.781464246009646,-1.715901083788708,-1.125228123934905
-2.63654057693789,-2.394138040639602,-1.180574764180331
-1.971574299972144,2.058998017020888,-0.7744621890444321
0.2000734904041321,-3.051870652876218,0.7735984591910237
-2.725314067868029,3.039834082519941,-1.053019551710885
2.241001511869136,3.804325297926108,3.137266150017808
-3.040547912339318,-2.915819854546373,-2.157537875059713
2.945298820648476,-3.716628214703373,2.794204335216526
2.193518986914303,1.751650588175504,2.7544304845017
0.04799054783745049,-1.67428830246285,1.350715980914608
-2.248506195238034,-1.449409228011852,-1.461291613349979
-0.110249881961952,3.745346882334309,0.4412089484907071
3.682246555511862,2.033898981695555,5.067952969965728
-3.71965991088925,2.896008059624799,-2.559481723992941
2.135600409049981,-3.153819901865093,2.671700326667815
-3.119153654960829,-1.594108402744793,-2.479813509069301
-2.344494553513238,3.013588757815682,0.5396898772786524
-0.819639966569949,3.438047661083867,1.502235335923684
0.5036847070344308,-2.929844642121704,1.342279633125047
0.178908875534173,2.200474490542559,0.3869227932866253
-2.293643707842421,-0.1658186234321688,-1.807976510896974
-3.507947002071718,-1.72072488749929,-2.06929549286574
3.79343542177154,1.031473008501014,5.196177863967021
-2.231542588408326,-2.537047101047964,-0.8110866205697591
-2.143586676091343,-3.835059930153232,-0.9966647261817542
1.393267691417582,-1.277316773031774,3.125867598362512
-1.439106696897211,-2.16326954645525,0.6561849095155037
3.577985900321158,-3.655066418911459,5.267319953121615
2.187199480579634,-1.724177671985939,2.71071027192319
-1.380215710414266,-0.4288391657324926,-1.437573944247272
1.222410076016908,2.89597096394843,0.9598709061164989
3.992148321300775,-0.6754843574493723,4.642381742248787
0.2210447852096564,2.645733169097181,1.498437772404554
-1.568320331180606,0.1769784083190471,-1.894178886690045
-0.0569490397941097,2.843861442512391,1.847431648981639
-0.4572974625721704,1.34800016934266,0.5941218997666539
-1.964659120027684,-2.255746901972541,-0.354422513769872
-2.667329583907076,2.707660050110499,-1.514122556242256
-0.5675152346212986,-2.593855630197119,1.60975287005371
3.15952093538294,0.4821069038105543,4.027338438873469
2.845926893857513,3.656641554712376,3.718717238388181
0.2209517390939464,-2.741025719071299,0.5327562303554592
-3.394430765266974,2.028316870963629,-1.67563915903786
2.787465878857827,-2.923773714682352,3.261951495561785
-3.760223230603389,-1.683699563206676,-2.917252806297246
-0.5717125282633742,2.372067365005595,0.7805038754677593
-3.664417743734915,-3.392196281559102,-3.943588002017479
-1.52642260263867,-0.7270939537556504,-0.3286507054260398
-1.610438367909039,-2.198905352799791,0.2333074934623668
2.565197210367191,-1.361629656817709,4.332376309545846
-1.676930061558975,2.162429684533586,0.523112166637838
2.804008647415547,2.032661991406694,3.484794413269524
1.038627195009574,3.011461588271096,1.79278566365587
-1.153941552058622,-1.179506927545384,0.339974421323289
2.840768933122657,0.9108540597191555,4.156262130457936
3.281501298596162,2.030707775841848,3.346782352639877
-3.717746414772876,1.793854945125697,-3.209985830066932
1.792259301143431,2.706224136664031,1.740974922209149
2.929668259533738,2.21704205310974,3.888176558004245
2.683256817384962,-3.51557058663079,3.486382920462062
-3.255327290184749,0.5517728727139453,-2.145529750734201
-3.952926401724339,-3.683860188906348,-3.433255803773536
-1.906562937085285,-2.249917842087197,0.07127586291596663
3.094837931937678,2.598437179049971,3.738673442445167
-2.636076595819438,-0.7115896713799073,-2.257863073864244
0.669144224509223,3.335897135345683,0.7331898673238615
2.96729472108691,3.63711156361865,3.931661348809216
-3.627824345076235,0.4025849025928112,-1.8779808338267
1.756361557497229,-0.04500531852320666,4.281726916491223
0.9351837752091141,3.382011173673173,2.030099924156433
-0.5242479858527718,1.569086470851165,1.028468964877344
0.9447319227462572,1.522992838852609,2.628456486153064
-3.288176700507242,0.6927544773178544,-1.578521117129288
-3.099233896511137,3.396896107039099,-1.230473433702552
-3.580009137924676,-2.096868100568749,-3.436527828761502
2.550313522375755,-2.488625995926868,2.687716491250054
-2.502101079476067,-1.790917233150704,-1.809403529692305
-3.846091247886505,2.479980714796061,-2.847355061452348
0.1549312306824699,-3.659348604396222,1.263310629835035
0.8724102101136602,1.349482455125392,2.242345157283873
-0.7744897867582292,1.338383515143598,-0.05336046453134557
3.026205139466129,-3.727362462898442,3.780829581847492
1.261455162513831,-3.365025172595852,1.645698602398381
3.000046496097268,-1.025443666646569,4.000081729779681
2.665822406150754,-3.497638501346639,3.131366898685529
3.632868491008687,-0.5091981080711454,4.48120107715477
0.9727091801664836,-2.484611896412387,1.60711651854403
0.8735870596613466,1.50966066248568,2.002537674108854
3.438877779510475,-2.597268155552785,4.808405700796335
0.7163648622849692,3.956340356924811,2.88923009720546
3.289529193142434,-1.762299045090501,4.560303329772327
-2.359059865140928,-3.586320217578055,-0.7162569473294881
-2.49424563307524,3.762704102061717,-1.138236520481904
-3.753859840483356,-0.3942768736006199,-1.728420185064925
2.820483085348886,3.114430576724467,2.916932261845064
-1.579729143330606,1.121135933338394,-0.7353194541715707
2.600505466807936,-1.884558649379898,3.206606121310043
2.175633401642449,-2.759695676292886,2.152658740261086
-2.139830024250409,1.247250929488336,-0.8000378176478071
-0.6880654481830879,-0.3035378372967159,-0.2676888808846833
1.473740101733843,2.602869905144984,2.148574405459372
-1.072132909137273,-3.019646490720474,0.4942706279735873
2.871123031138265,3.002202785383157,3.236077952826848
0.3176435425970254,-0.06742540172675682,1.297553911257576
2.582363865138142,0.2201657199604812,4.75436448796396
-0.1805074783190239,3.40557239586439,0.4958602341215806
0.6779379751302734,3.558476125530279,1.394794073518628
-2.266731421256769,3.99071792688365,0.7649283821071131
-0.01015998480349811,-0.5786578421189033,1.033769521376188
1.582845785659046,0.224019002887708,3.522779789572228
1.917228024661352,-0.3875048331200217,4.746114680918738
-1.939329987184616,-2.31998785811911,0.4582000199020698
0.3970011272954164,-0.3778324092636769,1.39656323447536
3.350663868253053,3.16651977222538,4.344227519072613
2.62266724059437,3.155359644529881,3.091333108834742
3.867206590901569,2.637385727804516,5.201285420120743
-3.02664213605799,-1.405645798152841,-2.573361966520922
-0.0599430260617595,3.829321469047262,0.8684550061170763
1.55782247578708,0.1318477472495871,4.448367355398003
2.851430499023835,-3.536586390825975,3.625986807769115
-3.861243827684643,3.442895075615376,-3.482874341874539
2.589690892733407,0.4832687924229599,3.686468634132804
1.216110185697754,3.771451434362806,2.26148561799724
0.8993512685268881,3.94051852470777,1.580356599861886
-0.4092555435665002,3.996083777287809,0.6354660788990254
0.5098228373836857,1.028919951785682,0.5597749661567439
0.7622462197446911,0.03646850405010937,2.300473423210192
-2.108989749789065,-2.325966605653339,-0.4516555015925329
1.287585605954805,1.151531174987732,2.918251531966026
0.8035356039896584,2.347671806238348,0.7452599036611216
1.443438718435775,-3.106749246881124,1.317383495627411
0.3825410011940278,-0.8318023293594399,2.534606660411213
-0.9408239846491009,-0.1480170006084638,-0.6827247337164806
2.473803956780402,2.865536892547581,2.806757539681284
1.382356958551336,-2.833980480697686,1.241054019772255
3.277016539295013,-1.847820849614632,4.18472567183325
-0.02215817426500433,-2.823887337563254,0.8980515216603315
-0.4699287374593712,0.07927439047089102,-0.03773295229825974
1.527580962037639,2.164912226249709,2.098526580569181
-3.59941404014957,3.151467084513202,-2.291178662547701
3.20785524637868,3.423556719990438,4.082799170446203
-1.936651182198966,0.5699112213394137,-1.204808862023288
3.862415189296775,-1.331825312810349,4.997637738276738
-2.061103724269202,3.514814836125211,-0.463805095412547
0.3622191672991697,1.551626507044417,1.656151262748912
-0.279545838016765,0.7391266211398859,0.5744651394699239
2.502147732783593,1.294188566205532,4.351926025272276
3.675371487865191,1.594086634407327,4.438132572464372
-3.462403033055028,3.724502789554561,-3.062477643990166
3.42764013571911,3.320462511598169,5.363995721701351
-3.285957188240917,-0.8802193761547779,-3.085713439855291
0.4151397398370245,-0.07745540084251967,1.563582952345708
-1.304789282305025,1.713882786663737,-0.287948325373907
0.772752835228955,-0.5047495713557923,2.793895552438419
-0.04854132334817951,2.597958033472769,1.558619669491483
0.1857479296407449,-3.683371547363835,1.108239550544317
2.195673517762722,0.9515525139859298,3.541563593216351
3.606037416641768,0.7637331866371371,4.801442439254171
1.255076808996041,2.080169148226606,1.861780935146842
1.095889828170978,-0.7211442276401669,2.813337076660355
-0.2165055850822908,-2.4671809696037,0.1711187235344317
-1.476099145985353,3.824590933361945,0.5946458537014282
-1.210442648849016,1.572220760329029,-0.2512605016120292
3.0897012005191,3.012041424382816,3.144448687725079
0.1876006355456106,1.194241067423761,1.600651561912358
-3.723522075445081,2.90323100745512,-4.213669743556376
0.3781659949117522,-2.831039622984949,1.060199205248968
-3.049505263856624,-2.69518075737759,-2.091594487881731
1.070267391016545,-2.718902984566842,1.309935251639866
-2.045484463234987,-3.902950200049777,0.3619596678156436
0.7569371247945176,-1.170992877828451,3.125007237424227
-1.505832805275812,3.655176764513883,1.184339265985474
2.381586947987114,-0.2036416736819513,3.773087699222219
-2.653931270561126,-2.196851723474018,-1.954581340374204
1.099941088181914,-2.695373546346091,1.880755891150524
-2.246245789110556,1.339139716264349,-0.9721973129960513
-1.119920330120235,2.055084682331559,0.7474845118698741
-1.531667486658948,-2.587626175790052,0.7385183000091847
1.879174398082424,-2.719690812198968,2.134528487533897
0.6110847952956382,0.2438990706643924,1.977099516069056
-3.677285462117366,-3.548919558684184,-3.633646006069719
-2.729657578434186,-0.4043809562718623,-1.801702001951179
3.484534220722855,0.200348939883205,3.492846865728043
-0.6003135942950104,-3.262341221390532,0.8804876087794218
2.656515817941998,2.092500381535692,3.965099916749554
2.303777850858393,-3.386840363837464,2.887046161482553
-0.01857209558154693,-2.615507687198782,1.222661105396869
0.9284215800303528,3.595457404647265,2.490498215011774
-0.6381135215690792,3.311425144990674,0.9156581393809715
3.517162703296012,0.689152449548823,4.570957535356528
2.828799662146221,1.222859774718945,3.753276977047292
0.1236508862973604,3.516330457735581,1.196407736611225
1.350824658837983,-0.5598209211084928,3.765195462937739
2.939665744719124,-0.9687150314625947,3.984365964383664
-1.289069243074407,2.555342465869775,1.010795861319598
0.9552887480255663,-1.937059026844305,1.0956180150672
3.48182482581768,2.893225968435405,4.794027258714301
-2.660043201989496,1.445132329150783,-1.85428373803051
2.689798821311965,1.22804656764594,4.17660387062403
1.082762354906033,2.056886651411147,1.517303662925044
3.020806399022209,-1.352441837466321,4.634285892779631
-2.505235869288961,-3.626948146425425,-0.3144476826821183
-2.585459767019094,-2.786201196900576,-0.9612814852077153
1.827633396323671,1.68596479007806,2.197369364217966
2.402229889742605,-3.732348594869284,2.62561948315431
2.760493954946408,3.890460680637744,3.512214734382373
-3.686244985371819,3.032676766990624,-2.735146716049296
-2.145234191500561,2.632307449013452,-0.2330329556258857
-2.602714828806282,2.927180849655831,-0.3753861049779282
2.978387053161414,-2.582691729514834,3.150947509482442
1.731138416427485,-3.756062502745432,2.344152954380642
-3.343377757616942,0.3759331218355841,-2.112637661661843
1.294857732781903,-1.850890875813003,1.603209113127883
2.173511727552652,2.19108822328926,2.918257071582751
-3.208442484146701,2.753249089993826,-2.850445575042785
3.336658680437677,0.4584882519380571,3.983821248519784
3.595336292414887,-2.958699730820173,5.963626803722368
1.182695468275964,-2.849559047041824,2.15960386799086
-3.277064510037505,-3.726802233789456,-3.550723859993177
3.495805166551788,-0.944155121508012,4.204523040220364
-1.933914058820157,2.314291695609282,-0.4101063611404167
-2.335479790483586,3.453919368064363,0.4877241346788765
3.452283208191214,2.548060838091847,4.129370201948547
-1.469116937706313,-0.0401173433774078,-2.276049135705228
2.79261472417373,-3.524232860657862,4.43957949858128
3.351317093171217,0.02063863535686128,3.113540926784212
3.211694033685439,-3.295511196576832,4.669895872843073
0.938231182168499,3.419630601766002,1.527770173481886
0.3689161036424249,1.896917171841343,1.154538850129744
0.3398914555422552,2.992654190398699,1.198912209244648
-3.887964402152757,3.628555766573464,-3.81833930946197
-0.6143088462916122,-1.342419957962637,0.4823839913671767
-3.791392496669634,1.182083369463253,-1.889305143239163
1.771781990701042,2.323134419885982,2.390484932368507
-1.525398278864402,0.5971971162758436,-1.37398772982813
2.17605170899826,2.482993536326481,2.139786498118983
1.061653370497348,3.014738787965147,0.9403821822245776
2.067722551334389,2.24136077256677,2.053207990338913
-1.028531899212708,0.7270307384051966,-0.7570739461758305
-3.361171337110088,-3.556494232421996,-3.093663393841446
-2.80822220524022,-1.118997357509172,-1.228714818998324
-2.291036219814292,-3.242658915749975,-0.4766236417309852
-3.382949354013962,-1.907183391209348,-3.143848436315834
3.932276002950985,1.231023287348727,5.353269111764876
-0.08270315062193134,-1.313887093382494,0.752182840146896
2.213145651762542,-2.953851048030165,2.521246644316629
1.351761557684933,-0.9301543225151612,2.487773419298481
-3.340683918599868,-1.805629138058939,-2.812915325817348
-3.158283569395385,-2.887260454324012,-2.317326127609883
0.8415286279063832,2.852039301934971,1.642552855534197
2.329436470034807,0.791192941502886,3.700113545806058
-0.4527107716782455,0.6303919359203718,0.004408350865865468
0.7011335823022558,-0.7813315090248896,1.959779404633805
0.3765296107090688,-2.702736701887309,1.321057598926127
-1.963191159064416,2.034608593190295,-0.6559099799280151
2.284486278318827,2.879173323383549,3.24347032396388
-1.681139521059839,-2.037179151792422,0.7305643966486571
-0.6375651361958026,-1.072917036766158,-0.1800303962355638
2.594750538430772,-1.356609472057983,3.69671839536896
-3.409893779211285,2.231770453943458,-2.688418275457102
3.220372327908128,1.329109638858935,3.381887737771287
0.4889696985047385,-1.832045951551193,1.246800828638702
-2.019098625281569,-0.7231703956303592,-1.827418904534621
0.2419788420265494,-0.9630651746038836,1.349501711652706
-3.908741683573175,0.198305556115689,-1.523299483502277
-3.588742768582034,2.39756426161267,-2.664119178119051
3.774095275808794,3.819972369479555,5.951550121209004
-1.427904602793567,-3.501694530967333,2.072914439226478
-2.708908179962966,-0.9669668030914851,-3.044601906665184
1.620642551018651,1.648528996464251,2.370205820629857
0.6086354765925295,-0.4789228087142128,3.113302820209787
3.682971702899792,0.9150903236148604,3.743118485586178
1.28953054691538,-3.509004164943882,2.077760965073476
-0.2155505304618535,1.229635003870054,0.9085361680892909
2.703742612556416,-1.255688597975102,3.076632863471596
-2.541999825039336,-0.1399118867769023,-2.097533760127357
3.588929449073274,-3.998206808710776,4.864868205091843
-1.189648006059887,0.7906933937888407,-1.517063151661135
0.8949310164531479,-1.41273055719943,2.099076460451156
-0.6282166946788115,0.2040001859680221,0.4098950625090265
-2.981292165909053,-2.886600692966282,-2.003605800729809
-3.870860923951597,0.5570806459992976,-2.067986674271628
-2.363300768563239,0.2514022637618423,-1.725457363728341
2.045747064319246,0.005448161588726741,3.836401713939513
-0.8807340766734084,0.1244580863191436,-0.8219782561998814
1.236889834436135,0.2269678782700408,3.6434935748416
-1.769658231803319,1.52059773008809,-1.523113027445042
0.05772560074678523,-2.256420108530961,1.214200216301678
-3.058083059037212,-3.241987516653395,-1.847109443954589
-0.3299817561912839,2.991297840844535,1.145227439613288
-3.104504340007545,-3.912819120165303,-2.598343734820263
0.1938962294134026,1.238070035594954,1.114071660532092
-0.4323667813851246,3.37912710594458,0.7634938777395539
3.611618999581767,-1.145229118787561,4.669882376463491
-3.057381641412407,-2.996980556932907,-2.109747374125292
1.349693646846697,-0.2054959515404597,3.57126290619232
-2.09599417832994,2.860363575382801,-0.3488310953623922
-3.554974329847623,-3.610328111502111,-3.063489584840243
1.432288498858853,-2.661495512794281,1.999643002625511
-2.439796690674496,3.338618660539022,-1.640235649525543
-3.151574250386031,-3.310217401139752,-2.038168657853965
3.800776441359042,-3.250051146400517,5.879074134144036
-2.277163908198555,-2.622403611060928,0.4326297033644787
-1.419182448394132,1.694561012275853,0.6303735518911815
-2.075609939730018,-0.2573293917235953,-1.564865888136973
-2.118396447930663,-0.08092690348720311,-2.216979966175382
2.400734741501378,-3.417538899335284,3.581357865616658
-2.882840537568375,1.560278055089594,-1.890945491896372
-2.295790300174067,-3.304117026872169,0.6189941180196881
-2.187453349126309,0.0312753958453964,-1.509504966867804
0.3020058083593034,2.017976415578755,1.313629685290878
1.371648477096436,1.290162027163229,2.85972332051956
-1.149777265795962,0.6127900230836989,-0.2231510533038299
-2.027986065969134,2.298958246676267,-0.2695667741945459
-0.1277997666457882,1.59099409816057,0.5512822146596537
-3.664722535560477,3.183625540241176,-2.824752404844063
2.720499706005295,3.400532261978896,3.316942989235875
-0.7578006353828446,-0.8116451201149824,-0.02121898175168513
1.766512147875508,-2.342116368912244,1.795639613623669
-0.8666989893230177,-3.73721203460356,1.365876212604189
-3.222056292154932,3.161483215852812,-2.839164238080907
-1.667487423452783,3.5066077834092,1.230923910117141
0.6950254792445349,0.1843380504167174,1.734092312854168
-3.962598665536085,1.069808782323685,-3.602095948533642
-3.560224539316454,-1.830732755600127,-2.607436615595104
-0.3138711895554716,0.1823258031445567,0.5247205100531724
-3.932831703543783,-1.369663066047174,-2.203317362372695
1.813736517299046,-1.230186692822082,3.358803082892798
0.5539318085070395,3.479777832279514,1.944265984289091
-0.036672069482381,0.02000600249820739,0.07002997416531509
0.2850666253906819,-2.081190512012442,1.220854849740267
3.493263276511927,0.7589949650330663,4.724602923840574
2.615670069366895,-0.3627119216338235,3.49279497632044
-1.986596143750901,-0.6016149858104978,-1.735657004188281
-2.471663598524496,-3.492738825870427,-0.7586692764126441
-1.976486452424083,2.879532951002266,0.4475580000618984
1.618707818754879,-3.594870662550806,1.930002541312642
-1.982997663733115,1.649717708463609,-1.246762572130023
-1.198922956823753,-3.058174394144965,1.464903766041251
3.059925330216625,1.357789730403972,4.387750180769885
1.857621496334108,1.942346719952644,3.015588390402351
2.451187473310671,1.464153471842556,3.395817122468615
-1.362597504932512,3.715925468466397,1.02579051228934
0.3854491163787577,2.942697492457889,0.4516328491190803
-3.24826273960599,-1.413754757572345,-2.343318838662253
-2.420343473069373,1.489543416505324,-1.213143001654083
3.406772975004928,-0.1078491615001651,3.71258989192432
1.596887516766932,-1.022511037996541,3.030083379389647
3.467841965109803,-2.259762216862264,4.24421476083325
0.8467388207158431,-1.83061685966405,2.017696260924801
3.184561984503175,0.04503070856007518,5.057763272163531
-2.041735174736859,2.783847959032767,0.1904984976939795
-0.6633985323100919,-0.825613450061863,-0.1224587544743346
-1.801014540593417,0.03989878821236115,-1.483538480937764
-0.2808097611101328,0.4452005704117381,0.8539468102006781
2.266328999490241,-1.021762724213533,4.254682569569484
1.855859351411192,1.254642125068317,3.016428491384362
2.401382839016686,-1.402284193560155,3.336835705883759
2.867832506608905,0.9649895364656871,3.568437932377501
-0.4248075532538973,3.002888043325861,0.8889787961237705
2.753386319006356,0.4705136428392231,4.06425981033179
3.883219366219905,2.250526083895758,5.775994467009603
-2.729461981603118,-2.146702015975016,-1.708399866991924
-2.535106637874314,0.5201687825742098,-2.118776521419101
-3.293366448212014,1.433496763268681,-2.012394751569306
-1.478784508495116,-3.94822650755335,1.252753816512631
0.6285470590887678,-3.121504278018803,1.41727075926674
-0.9649015810335566,-0.4514733637130792,-0.8891623584939758
-1.90933439429633,-1.429941085468289,-0.7094930252410501
1.741241159942112,0.5636668811124119,4.423179565405648
-0.2980971878223428,3.185200999269142,1.282123873100031
-1.375279791921185,-0.7124594345133275,-0.7347589414880735
-2.123999363743334,2.695789100437223,-0.2546267249312472
3.334879121363802,2.787152814233029,4.324091927509825
-3.494988426961278,0.7001696364167342,-2.167253858711002
-0.1551254304016521,-1.021416722749842,0.7687717257593278
-2.849217255957068,3.848349880451582,-1.319236228253911
3.817885388820058,3.598160773638693,5.525102874125751
2.861363308671383,0.06635458726388954,3.935757525357685
0.6503561494594852,3.129627960031669,1.527430587640001
3.237297057181393,0.343621262191844,4.158021870830126
-1.724785417619512,-0.4081013528361499,-0.8612366861439249
1.818340424136934,0.3488608750412627,4.281877512170833
-1.045764613743533,-0.4578446395940023,-0.4330192235687099
3.88659692404284,0.718562649015289,4.001042291139606
1.486988731274216,-1.705896661856172,2.494102624654093
-0.9506366261439476,2.365939299623402,1.452421179293277
0.3472274520475827,0.6481838704162106,1.329186593687397
0.876084871339935,-3.59288049311144,1.493235830060849
1.621087869922661,3.927401365384865,2.191559520865743
3.869191981226201,-2.423111966000051,5.464182841843524
-1.688074246415755,3.315616516324534,1.318973666750918
-1.701332008258969,-2.063164044731003,-0.3814758631803027
-0.6927056359428105,1.971045879238631,0.7506282640354509
0.8313563891676239,3.00326883325098,1.576294721299343
0.09196810373866171,0.4937299274237894,0.7090181850641932
2.666772463702632,0.3270369099944501,4.958536376732475
-3.171520327451421,0.4197638540338966,-2.379670170162759
3.440858495304051,1.938029653113799,4.7633649541989
-3.988293463037868,-2.451881724206734,-2.451721117670068
-3.32055275732565,-0.05691250949943871,-1.721603839500657
3.375523250709074,2.451376633575927,4.268616613769809
-2.62387726272823,3.987152245904691,-1.413053520138765
2.448195077821524,1.606514855113875,2.615752270064759
-1.347754905083309,0.3918958046899252,-1.732990679822763
0.524965330944398,-1.074671783886735,1.669388108781424
3.731206058440377,3.690284916729647,5.548079520561627
-1.921927921108279,3.627818816911614,0.7894895383362146
1.996204630953972,-1.661726146923697,3.113846967607121
-1.75666746447791,3.327764176079978,0.8414443287616684
3.971755606974242,0.344855207487627,4.367440098210373
-3.518600063074091,0.01075895888228473,-2.399203031710664
-1.700324324276958,2.168552783601021,0.5785577634408615
2.955685877625678,2.408036407359901,3.79147887813355
1.347182698344821,3.834831182624252,1.417477103605128
-0.8629252869962469,-2.431995357070457,0.5514074271166447
0.295789238593458,-2.095326446945932,1.359074877615186
3.500742087906116,-1.772583969947564,4.858667098187532
-0.8531501154911245,-3.682747586032329,0.7331928429293852
-3.102237611821915,1.193469123596871,-1.987670946599853
-0.3720721665403834,3.195841932535982,1.205867720368276
0.5197289358619379,-3.046831757966367,0.3751363881443027
-3.666215942501794,-3.441720700540141,-3.003630246364799
-3.07301245744845,0.3178111419913785,-3.004559009867918
-1.804216712236358,-2.179953324544857,0.500992236400757
2.986340211006524,3.598583562418136,2.417613973395223
-0.1933431240697123,2.31293228487146,0.806604326269988
2.734963338933116,1.95785693580468,3.729971732142297
1.516082973793147,3.026306852574094,2.502925824795669
0.9080143337980804,1.068622165130459,1.897764020895677
2.381984768489399,-1.153048794352821,2.975532117388159
2.677240098595226,3.966764265613802,2.876268826992546
2.612915947586075,-2.78781794689221,2.995617289166714
0.2658484104469823,0.2871447360720216,1.832289535356013
-0.2858572048480639,2.821115890616593,0.9900419854952366
2.987655347892562,2.583942504839342,4.74551995595087
1.77003647499694,-1.434063722806353,1.445043249243673
2.176651674930401,0.1308315358053083,3.71987151965385
-1.410057215343363,-0.2472526409867521,-1.275539975989104
-0.9795717446358019,2.285331904752378,0.4278635063636925
2.317933217392977,-1.864533074328713,3.27353640863641
-2.670219741949722,2.327724086487462,-1.828713870911637
0.2993628684055123,2.295569016567729,1.962429547888532
-1.489752285776571,-3.309660502105586,1.71558331326844
1.039163315881059,0.5998639581577256,3.187040195537648
-1.492942848742943,-1.235273296922604,-1.522425286449387
2.778295606846769,0.07805355728440055,4.955629264249836
-0.551861577704428,-3.596041990604897,0.4934485403016315
-3.787655563854396,0.1080310941672593,-2.516519388843693
-0.0138437307509891,-1.072610479680933,1.16499468730247
2.448581629305004,-0.03607600799643329,4.386972384765071
3.900129006052539,0.9367524154036095,5.202870606951394
-1.753595839612137,0.7388426123138734,-1.110009652668642
-3.330897594773758,0.2774116861536653,-1.916519504324826
-3.992312041136206,3.115402442519169,-4.254945222379112
0.5542972226644309,1.027984366873522,1.528366169717249
-2.40759074079492,1.174522873822995,-2.608574418866306
-1.5456092773507,-2.049853327010235,-0.250820137184163
0.8406782562258446,1.345168397897511,2.196678214870231
2.235469115750438,-3.740783336633648,2.149320982583275
-3.228273710507423,0.2918580781939202,-1.613939965935227
-3.295465830415347,-0.284243459195733,-2.47869983222469
-2.105641116317411,2.827254293184899,0.4780472777479546
0.0347183694275115,1.881059293540142,0.2814199470987379
1.114890001941384,-2.461239282874603,1.016424214225316
-0.5584211090186768,1.396743236870476,0.8049027839007606
1.538992300142906,3.824962332666826,2.453517899754848
-3.808430639727574,-2.578772502815786,-3.07375896713281
-0.1492732752290609,1.691491798378673,-0.04674661714261852
3.461791293524175,2.692142851070218,4.122369205851358
-0.9887371774864713,-0.2335265123063479,-0.3777247350040029
0.7817766074324801,1.373604939170925,2.354716004789456
-1.780132015328112,0.2954404076467645,-1.696512338549641
-3.570674338461671,1.826402647601306,-2.415518318178934
-1.657106702884702,2.723723467348043,0.9748153270551126
3.001603276293826,-2.372055450291446,4.101500739277918
2.242860390620037,-1.903711853297231,2.812867363327196
-3.78900032125961,2.666589100195663,-3.675967115423299
-0.03792488770592417,-2.959258636429964,1.203112736869603
-0.2862084191419481,1.606780922980336,0.7159379967717485
3.721330136265422,-2.18885984445772,4.792730969716054
1.862937841994959,-1.617209464606311,2.829699945759197
-3.174929931058833,-1.05468167739896,-1.988976166918892
1.674624340602282,-3.953812982257028,1.868014463879574
0.9418698620809689,-3.36699372817483,0.7724838279524988
3.662623361769907,0.7307416524507264,4.462144798133291
-0.7141097189274932,-1.794030901856669,0.5407469157126427
0.9076341224041062,-2.369268544575383,2.435564123802303
3.585979446134132,1.954883065830853,4.423357153054845
-2.320674720324853,-3.853950740159579,-1.36697534309834
0.2076393133660872,-2.966043021269245,0.9902105519083512
1.219328515656988,2.986588497248576,1.093886730479868
2.337741490889131,-2.321779459392301,3.382345902240762
0.4312729261278792,2.576104459524891,0.5163681708446969
2.986743661306089,-0.4793860299155348,4.824339369209371
-3.042830526300111,-1.457988196762537,-2.801462729899722
-1.41992065761415,0.3599670459071573,-1.918102270224725
-3.916007987499206,-2.407867390375474,-3.959573016399349
1.095125520058403,-0.4957029612691404,3.057861971370153
3.986665046846523,-2.752988576586654,6.676414929624076
2.30484789171688,1.99276747192194,3.116883552678778
-1.569282322501086,-1.445654023379238,-1.126546701815393
-1.987493402721444,2.79350172625672,0.9636103269183031
-3.366148853579261,-2.210799633736985,-2.294800310334526
1.802925687634198,0.7388992475867244,4.37613825121754
2.891702047594041,-2.872891384937056,3.75024265477218
0.688129673932619,0.4279625854746909,2.746476663871137
0.8705430598549775,-0.2743684274331883,2.503733140299669
3.89929421962583,1.803323367573459,4.612678623300324
0.6253064677263556,-2.922184121349047,1.233293359804176
3.690800882019194,-0.6766245482623745,4.592562643556778
-3.18229689394693,-3.245304025088317,-2.341374751241071
-2.965652756185973,1.505594507357818,-2.301842774432419
0.8746121336702108,2.316104165497694,1.773286191685709
1.070920845851899,0.8735880250375931,2.151216859443243
-0.5814151438450246,0.8482486959785884,0.6725283090228742
2.791836904790391,-3.252501525332495,3.436561751262589
2.309477902100896,-3.240479044009813,3.08131073066484
3.959627144276874,-3.817478427777186,5.656502211595999
0.06424208304717194,-3.853502604725871,-0.3293269303614532
-1.468786716179828,1.656039243928513,-0.485746035332056
-1.799006009937957,0.1993954254081114,-1.024819014164426
-1.478791076725168,1.854690098419593,-0.8770596794468402
-0.02831920987633385,1.572638920273198,1.296077357233531
0.2482497966643864,2.992676522702983,0.7000190157125969
-3.840562834521669,1.83543375421469,-2.197926846822241
2.800554301854537,0.9818810716244561,4.64872631406224
2.47275310980525,-3.232747650688872,2.882289117318407
-2.462367475509629,3.423633184514667,-1.493151381986755
0.2779180065669493,-3.692755611557669,0.9614752973380739
-0.8816455419652067,-3.535081867759421,1.587879013606363
-3.604842832156675,1.820719346029372,-2.673199541959011
-0.4701776344046973,-1.98616341580063,0.5894936208701409
-1.193088777782436,-1.467439536517209,-0.9957902415975592
-2.145933330758292,0.4942788305911945,-1.726397133333629
-3.696684379875498,1.473111276727278,-2.996219375836133
3.569186248716504,2.586844139843834,3.716315339136472
-0.1862892941344318,-3.591935121496827,-0.1758274825839723
2.738858343488679,1.012321507428383,4.659550503472247
1.469566489277655,2.96408558609301,2.611769134066892
-1.365774951781967,-2.180367771228221,1.652699837152369
1.329090420545494,-3.810635142329304,1.000050695913274
-1.196332081596628,0.843182918596721,-0.7061619577738638
-3.777963818768574,-2.720504402540329,-2.959190170300781
1.859427216402459,-0.5963967453952996,4.798687974089383
2.289727302150715,-1.333341293601123,3.930438940609408
-3.211154220108224,0.7224876796045168,-1.172721319821358
-0.448146564680056,-1.132868185657518,0.6185012107020434
-3.599139804584907,3.61388521881264,-2.878477554822038
0.3900025887461149,-2.683183457466876,1.28133479414342
-3.651147356424485,0.6918219425229495,-2.22367875268314
1.58313542941683,-2.749202792799089,1.772252283109131
3.093932056581647,-0.906722407111495,4.536181471161926
-1.915547629840213,2.589497185468796,0.8880474024768497
-0.5379947349469827,2.044724576292179,0.4697504672875901
2.438094065322965,-3.131766312087574,2.455127692861359
-3.26476089543371,-3.324218834443292,-2.6360822887691
2.011866664046571,-2.348662116520713,3.964069373569651
3.47901293773619,-3.793545508930568,5.833417726360719
-2.755865008348866,1.162174528801016,-1.342387157332952
0.2314778161942534,0.8819433204781379,1.827411254702345
3.709008543986006,2.203808368314196,4.507384655367496
3.301440791302984,-3.023921344861026,4.500875223255277
-3.514898108510944,-2.29960997798169,-3.15160891744432
3.554427693261191,-3.783131077817777,4.949121513480419
-1.763241579586863,1.033123807759744,-0.9692177259580287
-2.129843201569491,-2.22702927535584,0.07608629111623033
2.662576845243476,-0.5116933286605905,4.707065981599697
-0.6805653739669513,0.8084210760422836,-0.329975820291195
2.944254723449296,-2.320486412626345,4.001209436137967
-1.170046615776791,-3.994071374125218,0.3752926271390438
2.612135583836833,-2.826609843178214,3.129208892153712
1.527353692740077,0.1723962210912937,4.642837102964523
3.918284177893891,-0.8763902444788307,4.792671828027776
1.985330118149538,3.063687679795232,2.725945910729165
-1.205277772735711,2.536447299752736,1.250175821027038
-1.537105573420103,-1.965294733010155,-1.131674993981572
-1.359164547247865,-0.5195287615761925,-0.8267806404505879
0.277241372385185,1.856066857564145,1.158015214207875
-2.269327531497123,-1.933443562494903,-1.935029958369229
-1.33113674798366,2.17855673795888,0.48249398983466
-3.030175960164438,-3.913847084742963,-2.399551801811943
1.320691059703645,2.230571378232228,2.924381692727787
2.661847644268283,1.501691952760821,4.230281072883654
-1.918713919987708,-2.08646222782853,-0.8582536532301712
0.384564879846252,-3.547525066612539,1.191972374581502
1.152880424260054,2.24206625620834,1.504159936617056
-3.3372952731692,-3.198229429221122,-2.131233737943071
-2.341869814895083,1.133390144244248,-1.699451990872549
0.8329978487294811,2.020429010533121,1.296953731960917
3.112257729708072,-3.888033202473578,3.719081116068801
3.745139541470145,0.3704457808785904,3.913618478029563
-2.194278206209955,-2.430472890750581,-1.060220670777882
3.475717073780902,-2.160379636040645,4.877923333002077
3.420678244167711,-0.7801279974779103,3.733905118350125
0.1525093415725909,-0.9084526513187843,1.295603729732983
1.974186371196641,-3.027942329515281,2.387004661805592
0.3689484165139731,-2.643395714668579,1.31523036141078
0.6622696080364143,-0.5381807447513101,3.056831839086264
-2.158374970046052,2.15557089319987,-0.1920324079616149
-3.403698074360337,-2.630086811121339,-2.289206182299387
1.913231246157969,2.692681249185195,1.905792670075984
-3.387173922657827,-1.267240557775891,-1.879166916433571
1.593171609774592,-1.123490541659184,2.256382419077374
2.501571742693805,2.183340056024052,3.199059814216332
1.33480168053919,-3.249350125790902,2.464645570663213
-3.363185060387591,2.315108267221252,-2.32280618752814
3.263400343246578,-3.514083108640962,4.529257578537103
0.6693699051455928,3.273588050422569,0.02336541759360711
0.1200592094443076,3.94801810212938,0.8102669715280246
-0.07602890659083616,1.764249219288409,0.9324859385267736
0.2357199237506977,3.353611385709277,0.7419223131735092
-3.591207369322686,0.05064505947052567,-2.132715265461385
-3.803132649495606,-2.307140862083792,-3.528252330336209
3.393864953824141,-1.486003878373426,4.110117274467582
0.6020383520310766,-1.876187897637855,2.615862101246912
1.855004173721506,-3.871204265223524,3.328403238193906
-3.234683965756731,0.2651659184911139,-2.493599674224898
3.355216728885986,0.539854587063024,3.785020976245126
2.027755620212686,-3.542214140152419,2.956834118410513
-2.260701774498438,2.135304848856497,-1.784233024717057
-3.793271281102339,0.3377124436047456,-2.553042381427648
2.649964793488904,2.686670860447196,4.570932869681079
-1.216525815908382,-2.549624706185366,0.6173523549567361
0.2424721678102335,2.256565779202674,1.340437021034106
-2.655981112547001,-2.46422365781386,-1.572838330221803
1.57624119586528,-2.555133473509227,2.315008435112667
0.3801911550210546,3.172290030874369,1.582119550542866
3.034817854399977,-0.8945194501096001,3.688993783031417
1.728186500618742,0.9298269943705222,3.711932004498314
-0.7293355340373431,0.5792517501555468,0.996482900077143
-2.762694283731994,-2.35039785671166,-0.731894400203723
-0.5395811864729048,-3.738338477756665,1.058851770024832
-0.07488048119495971,0.8531460213616748,0.7016458496808944
2.545143227000002,-3.028529069608764,2.494967840922769
-0.7329496549491923,2.990738321432688,0.5906439908267621
-0.3856376159259378,-1.762795711602524,1.126170268909359
-3.056932086194589,-1.46583648703583,-1.696757986298383
2.33297272365468,-0.7242064879822738,3.856647430883597
3.152632932938785,0.4490136051857752,4.776142305065011
0.2153380962822444,2.743799369361067,0.5314349167203852
0.9499592429293484,2.674671524328773,0.5614070481126743
2.815651303788777,-1.931641506944909,4.149942602683948
0.3627247323471359,-0.1485040457786093,1.311955000500062
-0.07520694939507599,2.781276839986016,1.442230766493963
-0.6492185111061879,0.08269385323760581,0.5021639587896225
1.82930038614237,-0.6562691085592416,4.377226196109049
2.295601343488928,2.754818920742756,2.88787603623727
-1.677064483201553,-2.696549969504754,1.313436355399748
-1.076127952593343,3.511699765865551,1.462526712358836
0.7571600691501352,-3.067622996594228,1.740883425732931
-3.528472169203671,-1.237370874642076,-2.853542950676384
-2.750156829353855,-3.225026707664912,-0.5409680619142007
0.6123069322735955,0.6347172673032198,2.577163153725606
-2.155388961541175,3.404267257860245,0.442645919937507
-1.99458092361625,-1.331464236240397,-1.082253584637059
-0.9907770670693736,-2.021207205432536,1.080597482149527
-0.2332281004835153,-2.098719950409742,1.172438755025796
-3.559256123802863,3.207766483721005,-1.771280818126257
0.3672568511854317,3.298360150738622,0.6632184990637318
-2.945109032453393,-2.776413048997913,-2.48849310184489
3.897197374509291,2.848791897152029,5.323914319172364
2.688905863694163,-2.190386363540718,3.085539526971049
-3.143667061383452,-2.960904224271173,-1.982206340274887
-2.744666463414812,3.811950811162466,-1.839218414801387
-2.297098990085064,3.081973048966812,0.3645195926767471
0.5254550210827995,0.5346101858842252,1.706683763238058
-3.840916100975176,-0.5212792364519228,-1.761782644633566
2.140216617449545,3.163588717942281,1.589944712484754
-1.43788616642173,3.240048946522904,1.502501294026645
-2.461244224272182,0.651155330240357,-1.618781267554103
1.405771646804851,0.6967069463123332,3.060775427113459
0.6670451531532144,-0.6785653372846943,2.356227896319799
-1.911446953091518,0.7093936477739824,-1.842905755148005
3.355945800670728,1.880917968678408,4.47870037933423
1.909216964096689,2.34803504226676,2.304811624234326
1.383387594493165,-2.006920675754682,1.669801466440993
-2.347551114876009,-2.526503857109129,-0.7726808845400222
-1.619783448639249,-2.974653327496543,0.9375792766730443
-1.026693083219213,-0.7394125757847902,-0.1185462799988964
2.312394093105163,3.877998282362003,2.710857821040902
-0.2061699373031534,2.213357063022196,1.265774009908968
3.837129764525226,-2.923882330149491,6.095954350264947
3.085947210441976,2.850341861702098,3.327797379609605
-3.721620348567385,3.392958851495356,-3.327842766016784
1.980328017354114,-1.625042325596971,2.749755648829536
-2.176755232824426,2.641969452220541,0.3307232417179343
-0.5428501929117369,0.1955405091595006,0.2007841012364147
2.568820907013509,0.4008744508076303,3.872211435325996
-3.872621706819799,-0.1411368036401273,-1.598386557071534
-1.225195509450353,-2.629048143633174,-0.01592163062573992
-1.665664403055341,0.2663018767151897,-0.572412835796737
-3.871744674360381,-2.963462597693009,-2.731916584137251
1.728696553256884,3.934147731326123,2.418542958746372
0.1671179969821193,-0.4075008980037511,0.8527995749119244
1.631102546566405,3.231825199497328,1.194714240725771
3.326692702293145,1.144080264633054,3.982006050890816
-0.01992998490813491,-3.292269376062447,1.556189210233184
-1.153124074868672,3.713137793691732,0.5976509149385267
0.2350969113967691,1.606117521770099,0.5872245727255661
-2.058049948809893,-3.893824528382236,-0.4426119524198356
1.85781085765108,-3.175175089953707,2.357227095876471
0.2248979038452639,2.461292388385098,0.7062253122577073
1.751763417785219,3.650746869685308,2.496869428276189
-2.886039124603399,3.971739724195174,-1.683143024033125
3.236515316550789,-0.7063624673135118,3.491060240749015
-1.697031400487969,-0.3821785408857625,-1.756495363480217
1.13378063205249,2.582548824849074,1.877716274550224
-0.200108485822061,-1.280572821049637,1.644355549718641
-2.161033098746362,0.8194538865159595,-1.281914699920945
3.156002117434258,1.317631903842325,4.486456026245495
0.2156590413909827,2.717530521691964,1.766464925809416
1.865745360889988,1.181360740482146,3.087738444543812
-2.957587648782369,-1.947887507991293,-0.6056760712963298
3.367870699062506,1.920502653267244,4.421261214252512
-2.31022283551478,2.794786571307451,0.3596901801567458
-2.96941162379906,-1.813128739300677,-1.346872925447697
3.371575617453836,-2.930081354878682,4.606473057914161
-3.429200826325212,-2.199350164373737,-2.034493443915514
-3.095452208069021,-1.072693641114062,-2.270947849369939
-0.377228772638575,-1.706243530575992,0.7632817069843555
-1.764526847746684,1.628175218793575,-0.2855049924081097
3.868892436269462,2.728873251525203,5.707499703980238
-0.9480523914711814,1.246418034643796,0.3267279476698522
-0.2694116811293998,0.1150418491916669,0.4924466013288596
1.1071361467681,0.9417357908053141,2.7132083506537
-1.727173491007001,1.867671735503546,-0.5982725988799884
-1.273696198498788,0.695933622757444,-1.081767612038158
-3.393170402305627,3.650681231848334,-2.817760449504509
-0.5152063153369895,1.75180468611561,1.310547422531425
-0.3054011540185098,-2.074467488621434,0.6136380952116515
-0.3644225521999411,-1.541052414766075,0.09458974111993568
-3.931019079317616,3.739552958564363,-4.00736328220892
-1.305911273259221,-3.508318957570687,0.8805259162045538
-1.422296264149352,0.3988783856725311,-0.530015740795087
-1.561172977719374,-0.3652937198674566,-1.590160153630881
-1.617187637062021,2.512245454469137,0.7402281339913923
0.7599376399556483,1.121068588134004,2.364044942169633
-0.5402111284468978,-1.864426746862561,0.904904336243974
-3.994026397571856,3.168629580545453,-3.652259540047429
-2.43497956789913,-0.139351578295952,-2.293204620480777
0.3870133118579862,1.941972248365319,1.589313278963758
2.636772210692479,3.219868827809582,3.630330163488264
3.638009193860014,-3.847681260281682,6.054856925781117
-0.1717466149482263,-0.7208596922769672,1.240445132961142
-2.520567914835351,-2.725430647033233,-1.324283423097522
-0.2473573253937937,1.173615862727717,0.456739262394955
3.880070014194821,-1.595442067925921,4.654962899690168
0.009141198042390108,-2.749087282817706,1.058777157520788
-0.2317026571619856,-0.9413164698827003,0.9981537960744807
-0.4016081336128901,-3.193163810939468,0.5430398063844453
-0.123591247666897,-0.9589637228635803,0.8861602675444544
2.153535665290147,3.585770825855845,2.874730799116302
1.948015392060986,1.764437929688367,2.932991429060158
-1.819933260803852,0.8125178847208128,-1.383191378497185
-2.762630967109395,-0.8448081346578924,-1.678016614154199
-2.664807409866296,0.3539216282103244,-1.889861802512208
-0.2528252729259819,0.7849681120826668,0.6677347636766322
1.853261273694097,1.096068149955916,3.531863962856161
-3.223893024400951,-2.767437710614957,-2.312703498950062
-0.983534276220559,-2.402489013640887,1.404620063502789
-2.929709583947501,0.2079663724835923,-1.542142772541517
0.01805759906132298,-1.630873330847179,0.6129062294821923
-2.698135999757402,-1.680586454362914,-1.785621432619097
-0.4958209848891082,1.187881974421782,0.9642642273060079
-2.305314791651877,-0.1159946409784443,-2.354196474294994
3.013390230331056,-1.251158594401163,4.500023328772969
0.6348603565515276,2.978807438077089,1.431260575741726
0.8502057627907131,-1.948987978224229,0.9525565234418916
0.2293659174340075,-1.897749032275251,1.699211966477526
-0.8524795884587721,-2.754048154383936,0.9848724494151798
-0.4443716036595973,2.963654269220386,1.325856050049753
-0.4160681507883508,0.9159093865500409,0.3233514352725236
-1.520619731617054,-2.549284105817205,0.7428659696004676
3.948860318172232,3.063966571884398,5.212300262802414
3.087632109254329,2.167884471978822,4.018507235076562
-1.384962706428991,1.068170118855668,-0.8966878786189861
-1.820856344007454,-1.56000105780929,-1.268122122593935
-0.2626759551979667,2.51389375971742,0.9542177067182369
2.756341125471132,-2.535772454567453,2.935435163312925
-0.004052835321839865,-1.247617529776624,0.1534831088974177
2.548279484766665,3.521446684336635,2.980785942077701
0.6485862289355913,2.301693890218432,1.125457604840232
-0.3378620146978513,-3.36020138044992,1.380149400439195
-0.418830438018694,2.09788170468672,0.6498538433158276
-0.3883187880177781,1.341044029901036,0.8500181330772589
3.262132840143513,-2.051248335559274,5.455727835931292
3.119055756206503,-3.844370149702725,3.719983251458835
-2.132942355448892,2.252587611274905,-0.9823236232480602
-1.766499029189393,-2.641740514398507,1.450176355351837
0.7641615813761087,2.825314920707435,0.4208143585343691
-1.505021273132144,-0.7648700819626919,-0.9477840370502661
-2.014114793569071,-0.394375313984372,-1.772726352535848
-2.967376493904901,-3.482880018291589,-2.226919110560311
-3.156836164334611,3.13758021635044,-2.574144233528345
-3.75187517686146,3.337576837467555,-1.836614687619463
3.373608518908887,2.353153865890897,4.767830518695368
3.334695698287415,0.09780986969899086,4.336121595011673
-1.040997217936467,2.951973573873119,1.235298709893802
1.962644611769688,-2.474177677027278,2.187463097269377
1.148042421152946,2.94049196343073,0.5978617959553565
-3.621104948224101,0.8569621136788408,-2.244016375957798
-0.6441514230592684,2.472347816160737,0.7970421121154749
3.121757408865031,-1.976926243490223,4.128709020356838
2.6248600404914,0.1956991603452556,4.553952847012644
0.5105313269384508,2.733767839673223,1.333075453553828
0.6278150739507602,-1.015457844283952,2.563726025467038
-2.56469770365892,-3.21058187820636,-0.9969839600619587
0.007020435045562046,0.4901946910313733,0.324987601215754
3.411860416553276,-3.898651171339055,4.475366497992317
1.991888290467184,3.588519985009976,3.169715756019725
0.2299487832382958,-1.633691980529901,0.7778064651461691
-1.738456617011562,1.779773275529905,-0.07555298004601535
2.739721723645811,-0.08838851050961161,4.492567555854626
-3.046894023645346,-3.747868235923331,-2.019020735219947
2.378364864036283,-0.8389854899908169,3.731923805046333
1.914789380684921,1.698064300405426,3.334701733463427
1.323843141159098,-2.590653389112488,0.7634076924741316
-1.118744832358424,2.119575289859798,0.7750724279624936
0.7165326583386671,-2.392562110321043,1.787452939594538
-1.63928178437757,1.389621509037834,-0.3463913813089998
-3.003536877876909,2.049195587148597,-2.463544052407027
-1.942520836946716,-0.1883980256551094,-1.082373893778802
-0.8934627158430981,-2.00084247057054,0.1110660221068551
-2.86715525405837,3.346623198694436,-1.840746807390607
-1.856644483102299,2.015507748336272,-0.0514980736154379
3.103269170504404,-3.752452988553168,3.512265049280079
1.036737721299635,-3.786741944683394,1.340137448319012
3.373887645980647,1.097484389784173,4.724262166854309
